<?xml version="1.0" encoding="UTF-8"?>
<gpx creator="Garmin Connect" version="1.1"
  xsi:schemaLocation="http://www.topografix.com/GPX/1/1 http://www.topografix.com/GPX/11.xsd"
  xmlns:ns3="http://www.garmin.com/xmlschemas/TrackPointExtension/v1"
  xmlns="http://www.topografix.com/GPX/1/1"
  xmlns:xsi="http://www.w3.org/2001/XMLSchema-instance" xmlns:ns2="http://www.garmin.com/xmlschemas/GpxExtensions/v3">
  <metadata>
    <name>Lake Daumesnil – Chelles dam loop from Bel-Air</name>
    <link href="connect.garmin.com">
      <text>Garmin Connect</text>
    </link>
    <time>2026-07-19T11:53:13.000Z</time>
  </metadata>
  <wpt lat="48.832132" lon="2.414271">
    <ele>0.0</ele>
    <name>Lake Daumesnil</name>
    <type>GENERIC</type>
  </wpt>
  <wpt lat="48.828235" lon="2.417667">
    <ele>0.0</ele>
    <name>Lake Daumesnil</name>
    <type>GENERIC</type>
  </wpt>
  <wpt lat="48.822437" lon="2.437447">
    <ele>0.0</ele>
    <name>Ruisseau de Gra</name>
    <type>GENERIC</type>
  </wpt>
  <wpt lat="48.820175" lon="2.44818">
    <ele>0.0</ele>
    <name>Lake Gravelle</name>
    <type>GENERIC</type>
  </wpt>
  <wpt lat="48.830688" lon="2.49772">
    <ele>0.0</ele>
    <name>Nogent-sur-Marn</name>
    <type>GENERIC</type>
  </wpt>
  <wpt lat="48.854172" lon="2.535785">
    <ele>0.0</ele>
    <name>Right Bank Prom</name>
    <type>GENERIC</type>
  </wpt>
  <wpt lat="48.858078" lon="2.623577">
    <ele>0.0</ele>
    <name>Chelles dam</name>
    <type>GENERIC</type>
  </wpt>
  <wpt lat="48.858683" lon="2.62456">
    <ele>0.0</ele>
    <name>View of the riv</name>
    <type>GENERIC</type>
  </wpt>
  <wpt lat="48.853134" lon="2.527922">
    <ele>0.0</ele>
    <name>Marne riverbank</name>
    <type>GENERIC</type>
  </wpt>
  <trk>
    <name>Lake Daumesnil – Chelles dam loop from Bel-Air</name>
    <trkseg>
      <trkpt lat="48.87990293093026" lon="2.421995932236314">
        <ele>120.65</ele>
      </trkpt>
      <trkpt lat="48.88017190620303" lon="2.4219629913568497">
        <ele>120.91</ele>
      </trkpt>
      <trkpt lat="48.88044096529484" lon="2.421929966658354">
        <ele>121.4</ele>
      </trkpt>
      <trkpt lat="48.88048195280135" lon="2.4219239316880703">
        <ele>121.88</ele>
      </trkpt>
      <trkpt lat="48.88044892810285" lon="2.421679934486747">
        <ele>122.48</ele>
      </trkpt>
      <trkpt lat="48.88040986843407" lon="2.421407774090767">
        <ele>123.17</ele>
      </trkpt>
      <trkpt lat="48.880370976403356" lon="2.4211369547992945">
        <ele>123.87</ele>
      </trkpt>
      <trkpt lat="48.880314314737916" lon="2.420737389475107">
        <ele>124.37</ele>
      </trkpt>
      <trkpt lat="48.8802579883486" lon="2.420339919626713">
        <ele>124.7</ele>
      </trkpt>
      <trkpt lat="48.880242984741926" lon="2.4202439468353987">
        <ele>124.96</ele>
      </trkpt>
      <trkpt lat="48.88019151985645" lon="2.41987363435328">
        <ele>125.19</ele>
      </trkpt>
      <trkpt lat="48.88014005497098" lon="2.4195033218711615">
        <ele>125.36</ele>
      </trkpt>
      <trkpt lat="48.88008892536163" lon="2.419135943055153">
        <ele>125.52</ele>
      </trkpt>
      <trkpt lat="48.880073921754956" lon="2.4190179258584976">
        <ele>125.54</ele>
      </trkpt>
      <trkpt lat="48.880031844601035" lon="2.4186760280281305">
        <ele>125.51</ele>
      </trkpt>
      <trkpt lat="48.87998993508518" lon="2.418335974216461">
        <ele>125.54</ele>
      </trkpt>
      <trkpt lat="48.87994115240872" lon="2.418016456067562">
        <ele>125.45</ele>
      </trkpt>
      <trkpt lat="48.87989236973226" lon="2.417696937918663">
        <ele>125.21</ele>
      </trkpt>
      <trkpt lat="48.87984392233193" lon="2.4173799343407154">
        <ele>124.98</ele>
      </trkpt>
      <trkpt lat="48.87980695813894" lon="2.417160999029875">
        <ele>124.75</ele>
      </trkpt>
      <trkpt lat="48.87978793121874" lon="2.417041976004839">
        <ele>124.54</ele>
      </trkpt>
      <trkpt lat="48.87975641526282" lon="2.4167887587100267">
        <ele>124.34</ele>
      </trkpt>
      <trkpt lat="48.879724983125925" lon="2.4165369663387537">
        <ele>124.14</ele>
      </trkpt>
      <trkpt lat="48.87970092706382" lon="2.4163379799574614">
        <ele>123.9</ele>
      </trkpt>
      <trkpt lat="48.87971894815564" lon="2.416267991065979">
        <ele>123.64</ele>
      </trkpt>
      <trkpt lat="48.87975499033928" lon="2.4161429330706596">
        <ele>123.31</ele>
      </trkpt>
      <trkpt lat="48.87969195842743" lon="2.4159529991447926">
        <ele>122.97</ele>
      </trkpt>
      <trkpt lat="48.87962892651558" lon="2.4157359916716814">
        <ele>122.58</ele>
      </trkpt>
      <trkpt lat="48.879574947059155" lon="2.4155489914119244">
        <ele>122.12</ele>
      </trkpt>
      <trkpt lat="48.87950479052961" lon="2.415299881249666">
        <ele>121.62</ele>
      </trkpt>
      <trkpt lat="48.87943496927619" lon="2.415051944553852">
        <ele>121.13</ele>
      </trkpt>
      <trkpt lat="48.879379983991385" lon="2.4148559756577015">
        <ele>120.66</ele>
      </trkpt>
      <trkpt lat="48.87935299426317" lon="2.4147289898246527">
        <ele>120.22</ele>
      </trkpt>
      <trkpt lat="48.87927428819239" lon="2.414355995133519">
        <ele>119.73</ele>
      </trkpt>
      <trkpt lat="48.87919558212161" lon="2.4139830842614174">
        <ele>119.16</ele>
      </trkpt>
      <trkpt lat="48.87911687605083" lon="2.4136101733893156">
        <ele>118.63</ele>
      </trkpt>
      <trkpt lat="48.879038924351335" lon="2.4132409505546093">
        <ele>118.2</ele>
      </trkpt>
      <trkpt lat="48.87897999957204" lon="2.4130379408597946">
        <ele>117.79</ele>
      </trkpt>
      <trkpt lat="48.878928953781724" lon="2.412862926721573">
        <ele>117.41</ele>
      </trkpt>
      <trkpt lat="48.87888033874333" lon="2.412621360272169">
        <ele>117.08</ele>
      </trkpt>
      <trkpt lat="48.87883197516203" lon="2.4123809672892094">
        <ele>116.73</ele>
      </trkpt>
      <trkpt lat="48.87877196073532" lon="2.412088941782713">
        <ele>116.4</ele>
      </trkpt>
      <trkpt lat="48.87876399792731" lon="2.4120449367910624">
        <ele>116.06</ele>
      </trkpt>
      <trkpt lat="48.87876198627055" lon="2.4118879437446594">
        <ele>115.69</ele>
      </trkpt>
      <trkpt lat="48.87873197905719" lon="2.411774955689907">
        <ele>115.34</ele>
      </trkpt>
      <trkpt lat="48.87870498932898" lon="2.411678982898593">
        <ele>115.0</ele>
      </trkpt>
      <trkpt lat="48.87858420610428" lon="2.4112414475530386">
        <ele>114.43</ele>
      </trkpt>
      <trkpt lat="48.87846392579377" lon="2.4108059238642454">
        <ele>113.89</ele>
      </trkpt>
      <trkpt lat="48.87844892218709" lon="2.4106619227677584">
        <ele>113.45</ele>
      </trkpt>
      <trkpt lat="48.87846493162215" lon="2.4104899261146784">
        <ele>113.05</ele>
      </trkpt>
      <trkpt lat="48.87835118919611" lon="2.410088013857603">
        <ele>112.63</ele>
      </trkpt>
      <trkpt lat="48.87823794968426" lon="2.4096879456192255">
        <ele>112.19</ele>
      </trkpt>
      <trkpt lat="48.87821095995605" lon="2.4095009453594685">
        <ele>111.89</ele>
      </trkpt>
      <trkpt lat="48.87821397744119" lon="2.409473955631256">
        <ele>111.66</ele>
      </trkpt>
      <trkpt lat="48.87822998687625" lon="2.409379994496703">
        <ele>111.49</ele>
      </trkpt>
      <trkpt lat="48.87822797521949" lon="2.4092809204012156">
        <ele>111.38</ele>
      </trkpt>
      <trkpt lat="48.87820894829929" lon="2.4092199839651585">
        <ele>111.34</ele>
      </trkpt>
      <trkpt lat="48.87816293165088" lon="2.409079922363162">
        <ele>111.34</ele>
      </trkpt>
      <trkpt lat="48.87804223224521" lon="2.4086865596473217">
        <ele>111.43</ele>
      </trkpt>
      <trkpt lat="48.877921951934695" lon="2.4082949571311474">
        <ele>111.65</ele>
      </trkpt>
      <trkpt lat="48.8779129832983" lon="2.408262938261032">
        <ele>111.89</ele>
      </trkpt>
      <trkpt lat="48.877879958599806" lon="2.4081529676914215">
        <ele>112.21</ele>
      </trkpt>
      <trkpt lat="48.87783193029463" lon="2.40804391913116">
        <ele>112.58</ele>
      </trkpt>
      <trkpt lat="48.8777229655534" lon="2.4079639557749033">
        <ele>112.97</ele>
      </trkpt>
      <trkpt lat="48.877608217298985" lon="2.4076508078724146">
        <ele>113.39</ele>
      </trkpt>
      <trkpt lat="48.877493971958756" lon="2.4073389172554016">
        <ele>113.96</ele>
      </trkpt>
      <trkpt lat="48.87735994532704" lon="2.406975980848074">
        <ele>114.61</ele>
      </trkpt>
      <trkpt lat="48.877306971699" lon="2.4068129528313875">
        <ele>115.19</ele>
      </trkpt>
      <trkpt lat="48.87729196809232" lon="2.406757967546582">
        <ele>115.79</ele>
      </trkpt>
      <trkpt lat="48.877255925908685" lon="2.4066179897636175">
        <ele>116.4</ele>
      </trkpt>
      <trkpt lat="48.87718694284558" lon="2.406545989215374">
        <ele>117.02</ele>
      </trkpt>
      <trkpt lat="48.87710899114609" lon="2.4065859708935022">
        <ele>117.65</ele>
      </trkpt>
      <trkpt lat="48.87700497172773" lon="2.406639950349927">
        <ele>118.3</ele>
      </trkpt>
      <trkpt lat="48.87688192538917" lon="2.4067089334130287">
        <ele>119.01</ele>
      </trkpt>
      <trkpt lat="48.8768389262259" lon="2.4066739808768034">
        <ele>119.65</ele>
      </trkpt>
      <trkpt lat="48.87661856599152" lon="2.4067982845008373">
        <ele>120.43</ele>
      </trkpt>
      <trkpt lat="48.87639820575714" lon="2.406922671943903">
        <ele>121.17</ele>
      </trkpt>
      <trkpt lat="48.87617792934179" lon="2.407046975567937">
        <ele>121.84</ele>
      </trkpt>
      <trkpt lat="48.87614691630006" lon="2.407063990831375">
        <ele>122.39</ele>
      </trkpt>
      <trkpt lat="48.87596293352544" lon="2.4071659985929728">
        <ele>122.9</ele>
      </trkpt>
      <trkpt lat="48.87591398321092" lon="2.407192988321185">
        <ele>123.35</ele>
      </trkpt>
      <trkpt lat="48.875881964340806" lon="2.407210925593972">
        <ele>123.76</ele>
      </trkpt>
      <trkpt lat="48.87561843730509" lon="2.4073274340480566">
        <ele>124.13</ele>
      </trkpt>
      <trkpt lat="48.87535499408841" lon="2.407443942502141">
        <ele>124.44</ele>
      </trkpt>
      <trkpt lat="48.87532498687506" lon="2.407458946108818">
        <ele>124.7</ele>
      </trkpt>
      <trkpt lat="48.87529296800494" lon="2.4074729438871145">
        <ele>124.91</ele>
      </trkpt>
      <trkpt lat="48.87524393387139" lon="2.407496999949217">
        <ele>125.08</ele>
      </trkpt>
      <trkpt lat="48.87495341710746" lon="2.40763446316123">
        <ele>125.08</ele>
      </trkpt>
      <trkpt lat="48.87466298416257" lon="2.4077719263732433">
        <ele>125.03</ele>
      </trkpt>
      <trkpt lat="48.87448092922568" lon="2.4078619480133057">
        <ele>125.04</ele>
      </trkpt>
      <trkpt lat="48.87429895810783" lon="2.407951969653368">
        <ele>125.06</ele>
      </trkpt>
      <trkpt lat="48.873991342261434" lon="2.408050624653697">
        <ele>125.1</ele>
      </trkpt>
      <trkpt lat="48.873683642596006" lon="2.408149279654026">
        <ele>125.05</ele>
      </trkpt>
      <trkpt lat="48.87337594293058" lon="2.408247934654355">
        <ele>125.12</ele>
      </trkpt>
      <trkpt lat="48.873195983469486" lon="2.408269476145506">
        <ele>125.13</ele>
      </trkpt>
      <trkpt lat="48.87301594018936" lon="2.408290933817625">
        <ele>125.11</ele>
      </trkpt>
      <trkpt lat="48.872976964339614" lon="2.4082969687879086">
        <ele>125.04</ele>
      </trkpt>
      <trkpt lat="48.87287696823478" lon="2.408310966566205">
        <ele>124.97</ele>
      </trkpt>
      <trkpt lat="48.87284193187952" lon="2.4082899279892445">
        <ele>124.81</ele>
      </trkpt>
      <trkpt lat="48.87281695380807" lon="2.4082919396460056">
        <ele>124.64</ele>
      </trkpt>
      <trkpt lat="48.87278392910957" lon="2.408295962959528">
        <ele>124.44</ele>
      </trkpt>
      <trkpt lat="48.87273699045181" lon="2.4083029199391603">
        <ele>124.21</ele>
      </trkpt>
      <trkpt lat="48.872702959924936" lon="2.408308954909444">
        <ele>123.98</ele>
      </trkpt>
      <trkpt lat="48.87249466963112" lon="2.4083482660353184">
        <ele>123.68</ele>
      </trkpt>
      <trkpt lat="48.87228637933731" lon="2.408387577161193">
        <ele>123.35</ele>
      </trkpt>
      <trkpt lat="48.872077921405435" lon="2.408426972106099">
        <ele>123.0</ele>
      </trkpt>
      <trkpt lat="48.87180299498141" lon="2.408467624336481">
        <ele>122.59</ele>
      </trkpt>
      <trkpt lat="48.87152806855738" lon="2.408508276566863">
        <ele>122.21</ele>
      </trkpt>
      <trkpt lat="48.87125297449529" lon="2.408548928797245">
        <ele>121.9</ele>
      </trkpt>
      <trkpt lat="48.87106195092201" lon="2.408576924353838">
        <ele>121.62</ele>
      </trkpt>
      <trkpt lat="48.87087092734873" lon="2.408604919910431">
        <ele>121.35</ele>
      </trkpt>
      <trkpt lat="48.87085692957044" lon="2.4086059257388115">
        <ele>121.05</ele>
      </trkpt>
      <trkpt lat="48.87082499451935" lon="2.408606931567192">
        <ele>120.74</ele>
      </trkpt>
      <trkpt lat="48.87078492902219" lon="2.4086089432239532">
        <ele>120.43</ele>
      </trkpt>
      <trkpt lat="48.87068593874574" lon="2.4086029920727015">
        <ele>120.1</ele>
      </trkpt>
      <trkpt lat="48.87057898566127" lon="2.408598968759179">
        <ele>119.78</ele>
      </trkpt>
      <trkpt lat="48.87054093182087" lon="2.408598968759179">
        <ele>119.43</ele>
      </trkpt>
      <trkpt lat="48.870507990941405" lon="2.408601986244321">
        <ele>119.05</ele>
      </trkpt>
      <trkpt lat="48.870423920452595" lon="2.408619923517108">
        <ele>118.65</ele>
      </trkpt>
      <trkpt lat="48.870118986815214" lon="2.4086474161595106">
        <ele>118.23</ele>
      </trkpt>
      <trkpt lat="48.869814053177834" lon="2.4086749088019133">
        <ele>117.62</ele>
      </trkpt>
      <trkpt lat="48.86950911954045" lon="2.4087024852633476">
        <ele>117.0</ele>
      </trkpt>
      <trkpt lat="48.86920393444598" lon="2.4087299779057503">
        <ele>116.51</ele>
      </trkpt>
      <trkpt lat="48.86916797608137" lon="2.4087319895625114">
        <ele>115.91</ele>
      </trkpt>
      <trkpt lat="48.86908499523997" lon="2.4087369348853827">
        <ele>115.28</ele>
      </trkpt>
      <trkpt lat="48.86905197054148" lon="2.4087399523705244">
        <ele>114.57</ele>
      </trkpt>
      <trkpt lat="48.869004948064685" lon="2.408742969855666">
        <ele>113.81</ele>
      </trkpt>
      <trkpt lat="48.868808476254344" lon="2.408755961805582">
        <ele>112.97</ele>
      </trkpt>
      <trkpt lat="48.86861192062497" lon="2.408768953755498">
        <ele>111.98</ele>
      </trkpt>
      <trkpt lat="48.86834051460028" lon="2.4087899923324585">
        <ele>110.85</ele>
      </trkpt>
      <trkpt lat="48.86806894093752" lon="2.4088109470903873">
        <ele>109.67</ele>
      </trkpt>
      <trkpt lat="48.867996940389276" lon="2.408803990110755">
        <ele>108.59</ele>
      </trkpt>
      <trkpt lat="48.867947990074754" lon="2.4087999667972326">
        <ele>107.47</ele>
      </trkpt>
      <trkpt lat="48.8678989559412" lon="2.4087949376553297">
        <ele>106.33</ele>
      </trkpt>
      <trkpt lat="48.86780893430114" lon="2.408783957362175">
        <ele>105.1</ele>
      </trkpt>
      <trkpt lat="48.86752998456359" lon="2.4087684508413076">
        <ele>103.75</ele>
      </trkpt>
      <trkpt lat="48.86725095100701" lon="2.4087529443204403">
        <ele>102.42</ele>
      </trkpt>
      <trkpt lat="48.86721692048013" lon="2.4087529443204403">
        <ele>101.18</ele>
      </trkpt>
      <trkpt lat="48.86703352443874" lon="2.408739449456334">
        <ele>99.87</ele>
      </trkpt>
      <trkpt lat="48.86684996075928" lon="2.408725954592228">
        <ele>98.63</ele>
      </trkpt>
      <trkpt lat="48.866810984909534" lon="2.408722937107086">
        <ele>97.38</ele>
      </trkpt>
      <trkpt lat="48.86678097769618" lon="2.408720925450325">
        <ele>96.14</ele>
      </trkpt>
      <trkpt lat="48.866504626348615" lon="2.4086989648640156">
        <ele>94.86</ele>
      </trkpt>
      <trkpt lat="48.86622827500105" lon="2.408677004277706">
        <ele>93.57</ele>
      </trkpt>
      <trkpt lat="48.86595192365348" lon="2.408654959872365">
        <ele>92.29</ele>
      </trkpt>
      <trkpt lat="48.86567557230592" lon="2.4086329992860556">
        <ele>90.96</ele>
      </trkpt>
      <trkpt lat="48.86539896950126" lon="2.4086109548807144">
        <ele>89.7</ele>
      </trkpt>
      <trkpt lat="48.86538094840944" lon="2.408609949052334">
        <ele>88.62</ele>
      </trkpt>
      <trkpt lat="48.86536292731762" lon="2.4086079373955727">
        <ele>87.6</ele>
      </trkpt>
      <trkpt lat="48.86527692899108" lon="2.4085099529474974">
        <ele>86.58</ele>
      </trkpt>
      <trkpt lat="48.86509998701513" lon="2.4084969609975815">
        <ele>85.57</ele>
      </trkpt>
      <trkpt lat="48.86489194817841" lon="2.408484974876046">
        <ele>84.65</ele>
      </trkpt>
      <trkpt lat="48.86484894901514" lon="2.4085099529474974">
        <ele>83.85</ele>
      </trkpt>
      <trkpt lat="48.86480092070997" lon="2.408535936847329">
        <ele>83.12</ele>
      </trkpt>
      <trkpt lat="48.864774936810136" lon="2.4085529521107674">
        <ele>82.44</ele>
      </trkpt>
      <trkpt lat="48.864772925153375" lon="2.4085959512740374">
        <ele>81.81</ele>
      </trkpt>
      <trkpt lat="48.864770997315645" lon="2.408646997064352">
        <ele>81.25</ele>
      </trkpt>
      <trkpt lat="48.864768985658884" lon="2.4086789321154356">
        <ele>80.73</ele>
      </trkpt>
      <trkpt lat="48.8647679798305" lon="2.4087099451571703">
        <ele>80.27</ele>
      </trkpt>
      <trkpt lat="48.8647629506886" lon="2.4088129587471485">
        <ele>79.86</ele>
      </trkpt>
      <trkpt lat="48.86476194486022" lon="2.408841960132122">
        <ele>79.48</ele>
      </trkpt>
      <trkpt lat="48.86475993320346" lon="2.408877918496728">
        <ele>79.14</ele>
      </trkpt>
      <trkpt lat="48.86475892737508" lon="2.4089219234883785">
        <ele>78.83</ele>
      </trkpt>
      <trkpt lat="48.86469195596874" lon="2.4090599734336138">
        <ele>78.51</ele>
      </trkpt>
      <trkpt lat="48.86465792544186" lon="2.4091009609401226">
        <ele>78.28</ele>
      </trkpt>
      <trkpt lat="48.864643927663565" lon="2.4091139528900385">
        <ele>78.08</ele>
      </trkpt>
      <trkpt lat="48.864597994834185" lon="2.4091369193047285">
        <ele>77.91</ele>
      </trkpt>
      <trkpt lat="48.86456798762083" lon="2.4091519229114056">
        <ele>77.77</ele>
      </trkpt>
      <trkpt lat="48.86454191990197" lon="2.409164998680353">
        <ele>77.65</ele>
      </trkpt>
      <trkpt lat="48.864515936002135" lon="2.409177990630269">
        <ele>77.54</ele>
      </trkpt>
      <trkpt lat="48.86448391713202" lon="2.4091949220746756">
        <ele>77.44</ele>
      </trkpt>
      <trkpt lat="48.86443697847426" lon="2.409192994236946">
        <ele>77.35</ele>
      </trkpt>
      <trkpt lat="48.86431292630732" lon="2.409097943454981">
        <ele>77.24</ele>
      </trkpt>
      <trkpt lat="48.86422298848629" lon="2.4089319817721844">
        <ele>77.24</ele>
      </trkpt>
      <trkpt lat="48.86418292298913" lon="2.408929970115423">
        <ele>77.22</ele>
      </trkpt>
      <trkpt lat="48.86413699015975" lon="2.408930975943804">
        <ele>77.21</ele>
      </trkpt>
      <trkpt lat="48.86411796323955" lon="2.4089319817721844">
        <ele>77.21</ele>
      </trkpt>
      <trkpt lat="48.86409994214773" lon="2.4089269526302814">
        <ele>77.22</ele>
      </trkpt>
      <trkpt lat="48.86392652057111" lon="2.4089514277875423">
        <ele>77.24</ele>
      </trkpt>
      <trkpt lat="48.86375293135643" lon="2.408975986763835">
        <ele>77.28</ele>
      </trkpt>
      <trkpt lat="48.863590992987156" lon="2.4090064130723476">
        <ele>77.34</ele>
      </trkpt>
      <trkpt lat="48.86342897079885" lon="2.409036923199892">
        <ele>77.37</ele>
      </trkpt>
      <trkpt lat="48.8633709680289" lon="2.409048993140459">
        <ele>77.39</ele>
      </trkpt>
      <trkpt lat="48.86329796165228" lon="2.409064918756485">
        <ele>77.4</ele>
      </trkpt>
      <trkpt lat="48.863156978040934" lon="2.4090969376266003">
        <ele>77.42</ele>
      </trkpt>
      <trkpt lat="48.86292899027467" lon="2.409143289551139">
        <ele>77.36</ele>
      </trkpt>
      <trkpt lat="48.8627010025084" lon="2.4091896414756775">
        <ele>77.26</ele>
      </trkpt>
      <trkpt lat="48.862472930923104" lon="2.409235993400216">
        <ele>77.17</ele>
      </trkpt>
      <trkpt lat="48.86242398060858" lon="2.4092459678649902">
        <ele>77.09</ele>
      </trkpt>
      <trkpt lat="48.86238198727369" lon="2.4092529248446226">
        <ele>76.99</ele>
      </trkpt>
      <trkpt lat="48.86231493204832" lon="2.4092649947851896">
        <ele>76.87</ele>
      </trkpt>
      <trkpt lat="48.86200647801161" lon="2.409319980069995">
        <ele>76.76</ele>
      </trkpt>
      <trkpt lat="48.861697940155864" lon="2.4093749653548002">
        <ele>76.57</ele>
      </trkpt>
      <trkpt lat="48.86142762377858" lon="2.409422993659973">
        <ele>76.36</ele>
      </trkpt>
      <trkpt lat="48.86115739122033" lon="2.4094709381461143">
        <ele>76.07</ele>
      </trkpt>
      <trkpt lat="48.86088699102402" lon="2.4095189664512873">
        <ele>75.86</ele>
      </trkpt>
      <trkpt lat="48.86075095273554" lon="2.4095439445227385">
        <ele>75.75</ele>
      </trkpt>
      <trkpt lat="48.86065497994423" lon="2.409562971442938">
        <ele>75.62</ele>
      </trkpt>
      <trkpt lat="48.86061893776059" lon="2.4095699284225702">
        <ele>75.49</ele>
      </trkpt>
      <trkpt lat="48.86058599688113" lon="2.409574957564473">
        <ele>75.37</ele>
      </trkpt>
      <trkpt lat="48.86049195192754" lon="2.4095919728279114">
        <ele>75.27</ele>
      </trkpt>
      <trkpt lat="48.860261449590325" lon="2.40963245742023">
        <ele>75.16</ele>
      </trkpt>
      <trkpt lat="48.86003094725311" lon="2.4096729420125484">
        <ele>75.02</ele>
      </trkpt>
      <trkpt lat="48.85984595865011" lon="2.4097059667110443">
        <ele>74.83</ele>
      </trkpt>
      <trkpt lat="48.859660970047116" lon="2.40973899140954">
        <ele>74.69</ele>
      </trkpt>
      <trkpt lat="48.859465001150966" lon="2.409773441031575">
        <ele>74.6</ele>
      </trkpt>
      <trkpt lat="48.85926894843578" lon="2.409807974472642">
        <ele>74.53</ele>
      </trkpt>
      <trkpt lat="48.859014976769686" lon="2.409852985292673">
        <ele>74.36</ele>
      </trkpt>
      <trkpt lat="48.858760921284556" lon="2.4098979961127043">
        <ele>74.23</ele>
      </trkpt>
      <trkpt lat="48.858713982626796" lon="2.4099059589207172">
        <ele>74.13</ele>
      </trkpt>
      <trkpt lat="48.858650950714946" lon="2.4099159333854914">
        <ele>74.0</ele>
      </trkpt>
      <trkpt lat="48.8584219571203" lon="2.4099509697407484">
        <ele>73.86</ele>
      </trkpt>
      <trkpt lat="48.85812968015671" lon="2.4099959805607796">
        <ele>73.74</ele>
      </trkpt>
      <trkpt lat="48.857837403193116" lon="2.410040907561779">
        <ele>73.87</ele>
      </trkpt>
      <trkpt lat="48.85754495859146" lon="2.41008591838181">
        <ele>73.95</ele>
      </trkpt>
      <trkpt lat="48.8575239200145" lon="2.410088935866952">
        <ele>73.8</ele>
      </trkpt>
      <trkpt lat="48.857510928064585" lon="2.4100919533520937">
        <ele>73.63</ele>
      </trkpt>
      <trkpt lat="48.857237761840224" lon="2.4101461842656136">
        <ele>73.39</ele>
      </trkpt>
      <trkpt lat="48.85696451179683" lon="2.4102004151791334">
        <ele>72.94</ele>
      </trkpt>
      <trkpt lat="48.85669134557247" lon="2.410254729911685">
        <ele>72.54</ele>
      </trkpt>
      <trkpt lat="48.856417927891016" lon="2.410308960825205">
        <ele>72.17</ele>
      </trkpt>
      <trkpt lat="48.856335952878" lon="2.41032094694674">
        <ele>71.9</ele>
      </trkpt>
      <trkpt lat="48.856287924572825" lon="2.4103279877454042">
        <ele>71.62</ele>
      </trkpt>
      <trkpt lat="48.85623696260154" lon="2.4103379622101784">
        <ele>71.32</ele>
      </trkpt>
      <trkpt lat="48.85607644915581" lon="2.410367466509342">
        <ele>71.03</ele>
      </trkpt>
      <trkpt lat="48.85591593571007" lon="2.410396970808506">
        <ele>70.74</ele>
      </trkpt>
      <trkpt lat="48.85587092489004" lon="2.410401999950409">
        <ele>70.46</ele>
      </trkpt>
      <trkpt lat="48.85580093599856" lon="2.410409962758422">
        <ele>70.19</ele>
      </trkpt>
      <trkpt lat="48.855683924630284" lon="2.4104189313948154">
        <ele>69.94</ele>
      </trkpt>
      <trkpt lat="48.85544001124799" lon="2.410462601110339">
        <ele>69.75</ele>
      </trkpt>
      <trkpt lat="48.85519601404667" lon="2.410506270825863">
        <ele>69.52</ele>
      </trkpt>
      <trkpt lat="48.854951933026314" lon="2.4105499405413866">
        <ele>69.19</ele>
      </trkpt>
      <trkpt lat="48.8546606618911" lon="2.4106032494455576">
        <ele>68.73</ele>
      </trkpt>
      <trkpt lat="48.85436939075589" lon="2.4106566421687603">
        <ele>68.2</ele>
      </trkpt>
      <trkpt lat="48.85407795198262" lon="2.4107099510729313">
        <ele>67.62</ele>
      </trkpt>
      <trkpt lat="48.853897489607334" lon="2.410752447322011">
        <ele>67.16</ele>
      </trkpt>
      <trkpt lat="48.85371694341302" lon="2.4107949435710907">
        <ele>66.76</ele>
      </trkpt>
      <trkpt lat="48.85366992093623" lon="2.4108099471777678">
        <ele>66.37</ele>
      </trkpt>
      <trkpt lat="48.853618958964944" lon="2.4108939338475466">
        <ele>66.03</ele>
      </trkpt>
      <trkpt lat="48.85359196923673" lon="2.4108959455043077">
        <ele>65.64</ele>
      </trkpt>
      <trkpt lat="48.85349993593991" lon="2.4109199177473783">
        <ele>65.26</ele>
      </trkpt>
      <trkpt lat="48.85346498340368" lon="2.4109289702028036">
        <ele>64.87</ele>
      </trkpt>
      <trkpt lat="48.85337295010686" lon="2.410887982696295">
        <ele>64.45</ele>
      </trkpt>
      <trkpt lat="48.85307296179235" lon="2.410940956324339">
        <ele>64.06</ele>
      </trkpt>
      <trkpt lat="48.85277297347784" lon="2.410993929952383">
        <ele>63.65</ele>
      </trkpt>
      <trkpt lat="48.85272997431457" lon="2.411000970751047">
        <ele>63.26</ele>
      </trkpt>
      <trkpt lat="48.852699967101216" lon="2.41100599989295">
        <ele>62.88</ele>
      </trkpt>
      <trkpt lat="48.852630984038115" lon="2.4110179860144854">
        <ele>62.5</ele>
      </trkpt>
      <trkpt lat="48.852593936026096" lon="2.411023937165737">
        <ele>62.12</ele>
      </trkpt>
      <trkpt lat="48.852588990703225" lon="2.410957971587777">
        <ele>61.76</ele>
      </trkpt>
      <trkpt lat="48.85258597321808" lon="2.4109159782528877">
        <ele>61.4</ele>
      </trkpt>
      <trkpt lat="48.852570969611406" lon="2.410720931366086">
        <ele>61.01</ele>
      </trkpt>
      <trkpt lat="48.852567952126265" lon="2.4106839671730995">
        <ele>60.66</ele>
      </trkpt>
      <trkpt lat="48.85256392881274" lon="2.410636944696307">
        <ele>60.3</ele>
      </trkpt>
      <trkpt lat="48.85256099514663" lon="2.4105849768966436">
        <ele>59.95</ele>
      </trkpt>
      <trkpt lat="48.852249942719936" lon="2.410656977444887">
        <ele>59.48</ele>
      </trkpt>
      <trkpt lat="48.85203595273197" lon="2.4107045866549015">
        <ele>59.08</ele>
      </trkpt>
      <trkpt lat="48.85182204656303" lon="2.4107522796839476">
        <ele>58.79</ele>
      </trkpt>
      <trkpt lat="48.85160797275603" lon="2.4107999727129936">
        <ele>58.56</ele>
      </trkpt>
      <trkpt lat="48.85140446014702" lon="2.4108149763196707">
        <ele>58.35</ele>
      </trkpt>
      <trkpt lat="48.85120094753802" lon="2.4108299799263477">
        <ele>58.15</ele>
      </trkpt>
      <trkpt lat="48.851149985566735" lon="2.4108409602195024">
        <ele>57.93</ele>
      </trkpt>
      <trkpt lat="48.85086718015373" lon="2.410893179476261">
        <ele>57.83</ele>
      </trkpt>
      <trkpt lat="48.85058445855975" lon="2.410945314913988">
        <ele>57.52</ele>
      </trkpt>
      <trkpt lat="48.850301653146744" lon="2.410997534170747">
        <ele>57.11</ele>
      </trkpt>
      <trkpt lat="48.85001893155277" lon="2.4110497534275055">
        <ele>56.73</ele>
      </trkpt>
      <trkpt lat="48.8497359585017" lon="2.411101972684264">
        <ele>56.58</ele>
      </trkpt>
      <trkpt lat="48.8494629599154" lon="2.4111454747617245">
        <ele>56.52</ele>
      </trkpt>
      <trkpt lat="48.8491899613291" lon="2.4111889768391848">
        <ele>56.4</ele>
      </trkpt>
      <trkpt lat="48.84915995411575" lon="2.4112019687891006">
        <ele>56.22</ele>
      </trkpt>
      <trkpt lat="48.849062975496054" lon="2.4112429562956095">
        <ele>56.05</ele>
      </trkpt>
      <trkpt lat="48.84899692609906" lon="2.4112559482455254">
        <ele>55.88</ele>
      </trkpt>
      <trkpt lat="48.84870037436485" lon="2.4112132005393505">
        <ele>55.65</ele>
      </trkpt>
      <trkpt lat="48.848403822630644" lon="2.411170369014144">
        <ele>55.53</ele>
      </trkpt>
      <trkpt lat="48.848107270896435" lon="2.4111275374889374">
        <ele>55.5</ele>
      </trkpt>
      <trkpt lat="48.847810719162226" lon="2.4110847897827625">
        <ele>55.3</ele>
      </trkpt>
      <trkpt lat="48.84751399978995" lon="2.411041958257556">
        <ele>55.07</ele>
      </trkpt>
      <trkpt lat="48.84744996204972" lon="2.410988984629512">
        <ele>54.92</ele>
      </trkpt>
      <trkpt lat="48.84738793596625" lon="2.4108259566128254">
        <ele>54.76</ele>
      </trkpt>
      <trkpt lat="48.847367987036705" lon="2.4108209274709225">
        <ele>54.67</ele>
      </trkpt>
      <trkpt lat="48.8473439309746" lon="2.410816987976432">
        <ele>54.59</ele>
      </trkpt>
      <trkpt lat="48.84722893126309" lon="2.4107929319143295">
        <ele>54.51</ele>
      </trkpt>
      <trkpt lat="48.847195990383625" lon="2.410785974934697">
        <ele>54.47</ele>
      </trkpt>
      <trkpt lat="48.84716992266476" lon="2.4107799399644136">
        <ele>54.46</ele>
      </trkpt>
      <trkpt lat="48.84712591767311" lon="2.41077097132802">
        <ele>54.47</ele>
      </trkpt>
      <trkpt lat="48.847025921568274" lon="2.410748926922679">
        <ele>54.49</ele>
      </trkpt>
      <trkpt lat="48.84697495959699" lon="2.4107379466295242">
        <ele>54.58</ele>
      </trkpt>
      <trkpt lat="48.8469519931823" lon="2.4107329174876213">
        <ele>54.66</ele>
      </trkpt>
      <trkpt lat="48.84692994877696" lon="2.41072797216475">
        <ele>54.77</ele>
      </trkpt>
      <trkpt lat="48.846770944073796" lon="2.410695953294635">
        <ele>54.94</ele>
      </trkpt>
      <trkpt lat="48.84675099514425" lon="2.410692935809493">
        <ele>55.07</ele>
      </trkpt>
      <trkpt lat="48.846660973504186" lon="2.4108109530061483">
        <ele>55.25</ele>
      </trkpt>
      <trkpt lat="48.84658897295594" lon="2.410819921642542">
        <ele>55.42</ele>
      </trkpt>
      <trkpt lat="48.84641597047448" lon="2.410763930529356">
        <ele>55.62</ele>
      </trkpt>
      <trkpt lat="48.84621899574995" lon="2.410705927759409">
        <ele>55.78</ele>
      </trkpt>
      <trkpt lat="48.84602193720639" lon="2.410647924989462">
        <ele>55.91</ele>
      </trkpt>
      <trkpt lat="48.845927976071835" lon="2.410604925826192">
        <ele>56.06</ele>
      </trkpt>
      <trkpt lat="48.84586896747351" lon="2.4105799477547407">
        <ele>56.22</ele>
      </trkpt>
      <trkpt lat="48.845822950825095" lon="2.410566955804825">
        <ele>56.37</ele>
      </trkpt>
      <trkpt lat="48.845779951661825" lon="2.41055597551167">
        <ele>56.53</ele>
      </trkpt>
      <trkpt lat="48.8457399699837" lon="2.410543989390135">
        <ele>56.67</ele>
      </trkpt>
      <trkpt lat="48.845490692183375" lon="2.410467965528369">
        <ele>56.84</ele>
      </trkpt>
      <trkpt lat="48.845241498202085" lon="2.410391941666603">
        <ele>57.04</ele>
      </trkpt>
      <trkpt lat="48.844992220401764" lon="2.410316001623869">
        <ele>57.25</ele>
      </trkpt>
      <trkpt lat="48.84474294260144" lon="2.410239977762103">
        <ele>57.39</ele>
      </trkpt>
      <trkpt lat="48.84464696981013" lon="2.4102559871971607">
        <ele>57.43</ele>
      </trkpt>
      <trkpt lat="48.84454295039177" lon="2.4102159217000008">
        <ele>57.45</ele>
      </trkpt>
      <trkpt lat="48.84449198842049" lon="2.410250958055258">
        <ele>57.49</ele>
      </trkpt>
      <trkpt lat="48.84439593181014" lon="2.4102159217000008">
        <ele>57.51</ele>
      </trkpt>
      <trkpt lat="48.84428797289729" lon="2.4101759400218725">
        <ele>57.5</ele>
      </trkpt>
      <trkpt lat="48.8441769964993" lon="2.41012891754508">
        <ele>57.49</ele>
      </trkpt>
      <trkpt lat="48.844099966809154" lon="2.4100969824939966">
        <ele>57.46</ele>
      </trkpt>
      <trkpt lat="48.84390450082719" lon="2.4100339505821466">
        <ele>57.42</ele>
      </trkpt>
      <trkpt lat="48.8437089510262" lon="2.4099709186702967">
        <ele>57.39</ele>
      </trkpt>
      <trkpt lat="48.843497978523374" lon="2.409903947263956">
        <ele>57.33</ele>
      </trkpt>
      <trkpt lat="48.843306452035904" lon="2.409859439358115">
        <ele>57.22</ele>
      </trkpt>
      <trkpt lat="48.843114925548434" lon="2.4098149314522743">
        <ele>57.09</ele>
      </trkpt>
      <trkpt lat="48.842875957489014" lon="2.40973262116313">
        <ele>56.94</ele>
      </trkpt>
      <trkpt lat="48.84263698942959" lon="2.4096503108739853">
        <ele>56.69</ele>
      </trkpt>
      <trkpt lat="48.84239793755114" lon="2.409567916765809">
        <ele>56.42</ele>
      </trkpt>
      <trkpt lat="48.84218830615282" lon="2.4095099978148937">
        <ele>56.13</ele>
      </trkpt>
      <trkpt lat="48.8419786747545" lon="2.4094519950449467">
        <ele>55.83</ele>
      </trkpt>
      <trkpt lat="48.84176895953715" lon="2.4093939922749996">
        <ele>55.5</ele>
      </trkpt>
      <trkpt lat="48.84146997705102" lon="2.4092903081327677">
        <ele>55.24</ele>
      </trkpt>
      <trkpt lat="48.84117099456489" lon="2.4091866239905357">
        <ele>55.06</ele>
      </trkpt>
      <trkpt lat="48.84087192825973" lon="2.409082939848304">
        <ele>54.75</ele>
      </trkpt>
      <trkpt lat="48.84076598100364" lon="2.4090459756553173">
        <ele>54.37</ele>
      </trkpt>
      <trkpt lat="48.84065994992852" lon="2.409008927643299">
        <ele>53.98</ele>
      </trkpt>
      <trkpt lat="48.8406059704721" lon="2.408945979550481">
        <ele>53.64</ele>
      </trkpt>
      <trkpt lat="48.84037898853421" lon="2.408843971788883">
        <ele>53.18</ele>
      </trkpt>
      <trkpt lat="48.84022291749716" lon="2.4088079296052456">
        <ele>52.87</ele>
      </trkpt>
      <trkpt lat="48.840215960517526" lon="2.408849922940135">
        <ele>52.57</ele>
      </trkpt>
      <trkpt lat="48.84017799049616" lon="2.4091209936887026">
        <ele>52.16</ele>
      </trkpt>
      <trkpt lat="48.840172961354256" lon="2.4091589637100697">
        <ele>51.88</ele>
      </trkpt>
      <trkpt lat="48.84016592055559" lon="2.409203974530101">
        <ele>51.63</ele>
      </trkpt>
      <trkpt lat="48.840127950534225" lon="2.409190982580185">
        <ele>51.41</ele>
      </trkpt>
      <trkpt lat="48.839917313307524" lon="2.409122921526432">
        <ele>51.24</ele>
      </trkpt>
      <trkpt lat="48.83970667608082" lon="2.409054944291711">
        <ele>51.09</ele>
      </trkpt>
      <trkpt lat="48.83949595503509" lon="2.4089869670569897">
        <ele>50.95</ele>
      </trkpt>
      <trkpt lat="48.83923946879804" lon="2.4089054949581623">
        <ele>50.83</ele>
      </trkpt>
      <trkpt lat="48.83898298256099" lon="2.4088239390403032">
        <ele>50.73</ele>
      </trkpt>
      <trkpt lat="48.83887795731425" lon="2.408788986504078">
        <ele>50.67</ele>
      </trkpt>
      <trkpt lat="48.83874795399606" lon="2.4087469931691885">
        <ele>50.62</ele>
      </trkpt>
      <trkpt lat="48.83845743723214" lon="2.4086544569581747">
        <ele>50.7</ele>
      </trkpt>
      <trkpt lat="48.83816692046821" lon="2.408561920747161">
        <ele>50.88</ele>
      </trkpt>
      <trkpt lat="48.837935999035835" lon="2.408487992361188">
        <ele>50.98</ele>
      </trkpt>
      <trkpt lat="48.83770499378443" lon="2.4084139801561832">
        <ele>51.04</ele>
      </trkpt>
      <trkpt lat="48.83751195855439" lon="2.408352456986904">
        <ele>51.06</ele>
      </trkpt>
      <trkpt lat="48.83731892332435" lon="2.408290933817625">
        <ele>51.04</ele>
      </trkpt>
      <trkpt lat="48.83714893832803" lon="2.408238463103771">
        <ele>51.01</ele>
      </trkpt>
      <trkpt lat="48.83697895333171" lon="2.4081859923899174">
        <ele>50.99</ele>
      </trkpt>
      <trkpt lat="48.83674543350935" lon="2.408098988234997">
        <ele>51.0</ele>
      </trkpt>
      <trkpt lat="48.83651199750602" lon="2.408011984080076">
        <ele>51.11</ele>
      </trkpt>
      <trkpt lat="48.836412923410535" lon="2.4079259857535362">
        <ele>51.17</ele>
      </trkpt>
      <trkpt lat="48.83619440719485" lon="2.4076820723712444">
        <ele>51.24</ele>
      </trkpt>
      <trkpt lat="48.83597589097917" lon="2.4074382428079844">
        <ele>51.18</ele>
      </trkpt>
      <trkpt lat="48.83575796149671" lon="2.4071949999779463">
        <ele>50.98</ele>
      </trkpt>
      <trkpt lat="48.835656959563494" lon="2.4071939941495657">
        <ele>50.9</ele>
      </trkpt>
      <trkpt lat="48.835595939308405" lon="2.4071969278156757">
        <ele>50.84</ele>
      </trkpt>
      <trkpt lat="48.83556593209505" lon="2.4071589577943087">
        <ele>50.79</ele>
      </trkpt>
      <trkpt lat="48.835531985387206" lon="2.407121993601322">
        <ele>50.74</ele>
      </trkpt>
      <trkpt lat="48.83550591766834" lon="2.407102966681123">
        <ele>50.7</ele>
      </trkpt>
      <trkpt lat="48.83547691628337" lon="2.407079916447401">
        <ele>50.66</ele>
      </trkpt>
      <trkpt lat="48.83541698567569" lon="2.406942956149578">
        <ele>50.61</ele>
      </trkpt>
      <trkpt lat="48.835296956822276" lon="2.4069289583712816">
        <ele>50.61</ele>
      </trkpt>
      <trkpt lat="48.83527499623597" lon="2.4069089256227016">
        <ele>50.62</ele>
      </trkpt>
      <trkpt lat="48.83524599485099" lon="2.406889982521534">
        <ele>50.64</ele>
      </trkpt>
      <trkpt lat="48.835206935182214" lon="2.4068609811365604">
        <ele>50.67</ele>
      </trkpt>
      <trkpt lat="48.83519696071744" lon="2.406854946166277">
        <ele>50.7</ele>
      </trkpt>
      <trkpt lat="48.83517692796886" lon="2.4068399425596">
        <ele>50.74</ele>
      </trkpt>
      <trkpt lat="48.83506109006703" lon="2.4071592930704355">
        <ele>50.78</ele>
      </trkpt>
      <trkpt lat="48.83494516834617" lon="2.407478643581271">
        <ele>50.91</ele>
      </trkpt>
      <trkpt lat="48.83482991717756" lon="2.4077959824353456">
        <ele>51.04</ele>
      </trkpt>
      <trkpt lat="48.834799993783236" lon="2.4078769516199827">
        <ele>51.1</ele>
      </trkpt>
      <trkpt lat="48.83477493189275" lon="2.407941995188594">
        <ele>51.16</ele>
      </trkpt>
      <trkpt lat="48.83476193994284" lon="2.407979965209961">
        <ele>51.2</ele>
      </trkpt>
      <trkpt lat="48.83480996824801" lon="2.408151961863041">
        <ele>51.19</ele>
      </trkpt>
      <trkpt lat="48.83481692522764" lon="2.4082669615745544">
        <ele>51.2</ele>
      </trkpt>
      <trkpt lat="48.83480695076287" lon="2.408292945474386">
        <ele>51.22</ele>
      </trkpt>
      <trkpt lat="48.834685664623976" lon="2.4086447339504957">
        <ele>51.24</ele>
      </trkpt>
      <trkpt lat="48.834564462304115" lon="2.4089964386075735">
        <ele>51.22</ele>
      </trkpt>
      <trkpt lat="48.83444393053651" lon="2.4093459639698267">
        <ele>51.2</ele>
      </trkpt>
      <trkpt lat="48.83435692638159" lon="2.409557942301035">
        <ele>51.19</ele>
      </trkpt>
      <trkpt lat="48.83435592055321" lon="2.409318806603551">
        <ele>51.24</ele>
      </trkpt>
      <trkpt lat="48.83435499854386" lon="2.4090809281915426">
        <ele>51.31</ele>
      </trkpt>
      <trkpt lat="48.834196999669075" lon="2.4087779223918915">
        <ele>51.41</ele>
      </trkpt>
      <trkpt lat="48.834178978577256" lon="2.4086839612573385">
        <ele>51.46</ele>
      </trkpt>
      <trkpt lat="48.834088956937194" lon="2.408776916563511">
        <ele>51.46</ele>
      </trkpt>
      <trkpt lat="48.83401092141867" lon="2.408808935433626">
        <ele>51.47</ele>
      </trkpt>
      <trkpt lat="48.833832973614335" lon="2.408790998160839">
        <ele>51.45</ele>
      </trkpt>
      <trkpt lat="48.833642452955246" lon="2.408703491091728">
        <ele>51.44</ele>
      </trkpt>
      <trkpt lat="48.83345193229616" lon="2.4086159840226173">
        <ele>51.4</ele>
      </trkpt>
      <trkpt lat="48.83334598504007" lon="2.408644985407591">
        <ele>51.39</ele>
      </trkpt>
      <trkpt lat="48.83326292037964" lon="2.4087529443204403">
        <ele>51.39</ele>
      </trkpt>
      <trkpt lat="48.83308966644108" lon="2.4091356620192528">
        <ele>51.37</ele>
      </trkpt>
      <trkpt lat="48.83291699923575" lon="2.409516954794526">
        <ele>51.41</ele>
      </trkpt>
      <trkpt lat="48.83294893428683" lon="2.4095659889280796">
        <ele>51.46</ele>
      </trkpt>
      <trkpt lat="48.83304515853524" lon="2.4098611157387495">
        <ele>51.51</ele>
      </trkpt>
      <trkpt lat="48.83314096368849" lon="2.4101549852639437">
        <ele>51.54</ele>
      </trkpt>
      <trkpt lat="48.83319812826812" lon="2.4104436580091715">
        <ele>51.56</ele>
      </trkpt>
      <trkpt lat="48.833254957571626" lon="2.410730989649892">
        <ele>51.65</ele>
      </trkpt>
      <trkpt lat="48.83326099254191" lon="2.411011951044202">
        <ele>51.84</ele>
      </trkpt>
      <trkpt lat="48.8332509342581" lon="2.4114729557186365">
        <ele>52.07</ele>
      </trkpt>
      <trkpt lat="48.833198295906186" lon="2.4118850100785494">
        <ele>52.24</ele>
      </trkpt>
      <trkpt lat="48.833145992830396" lon="2.4122949689626694">
        <ele>52.24</ele>
      </trkpt>
      <trkpt lat="48.83305924013257" lon="2.412586072459817">
        <ele>52.4</ele>
      </trkpt>
      <trkpt lat="48.832972990348935" lon="2.4128759186714888">
        <ele>52.61</ele>
      </trkpt>
      <trkpt lat="48.83295798674226" lon="2.412925958633423">
        <ele>52.64</ele>
      </trkpt>
      <trkpt lat="48.832928985357285" lon="2.4130959436297417">
        <ele>52.64</ele>
      </trkpt>
      <trkpt lat="48.83292496204376" lon="2.413117988035083">
        <ele>52.62</ele>
      </trkpt>
      <trkpt lat="48.832832258194685" lon="2.4133163038641214">
        <ele>52.57</ele>
      </trkpt>
      <trkpt lat="48.832739973440766" lon="2.4135139491409063">
        <ele>52.46</ele>
      </trkpt>
      <trkpt lat="48.83257929235697" lon="2.4137412663549185">
        <ele>52.32</ele>
      </trkpt>
      <trkpt lat="48.832418946549296" lon="2.4139679968357086">
        <ele>52.15</ele>
      </trkpt>
      <trkpt lat="48.83227536454797" lon="2.41411954164505">
        <ele>51.91</ele>
      </trkpt>
      <trkpt lat="48.8321319501847" lon="2.414270918816328">
        <ele>51.69</ele>
      </trkpt>
      <trkpt lat="48.83203295990825" lon="2.414348954334855">
        <ele>51.57</ele>
      </trkpt>
      <trkpt lat="48.832004964351654" lon="2.414371920749545">
        <ele>51.47</ele>
      </trkpt>
      <trkpt lat="48.831860879436135" lon="2.4144870042800903">
        <ele>51.38</ele>
      </trkpt>
      <trkpt lat="48.83171696215868" lon="2.414601920172572">
        <ele>51.33</ele>
      </trkpt>
      <trkpt lat="48.831561813130975" lon="2.4148147366940975">
        <ele>51.27</ele>
      </trkpt>
      <trkpt lat="48.831406999379396" lon="2.415026966482401">
        <ele>51.25</ele>
      </trkpt>
      <trkpt lat="48.83131178095937" lon="2.4152714665979147">
        <ele>51.21</ele>
      </trkpt>
      <trkpt lat="48.8312169816345" lon="2.415514960885048">
        <ele>51.19</ele>
      </trkpt>
      <trkpt lat="48.831044314429164" lon="2.4158431123942137">
        <ele>51.25</ele>
      </trkpt>
      <trkpt lat="48.83087173104286" lon="2.416171347722411">
        <ele>51.2</ele>
      </trkpt>
      <trkpt lat="48.83069998584688" lon="2.416497990489006">
        <ele>51.13</ele>
      </trkpt>
      <trkpt lat="48.83054274134338" lon="2.416728576645255">
        <ele>51.18</ele>
      </trkpt>
      <trkpt lat="48.83038558065891" lon="2.416959162801504">
        <ele>51.26</ele>
      </trkpt>
      <trkpt lat="48.83022892288864" lon="2.4171889945864677">
        <ele>51.29</ele>
      </trkpt>
      <trkpt lat="48.83000873029232" lon="2.4174702912569046">
        <ele>51.29</ele>
      </trkpt>
      <trkpt lat="48.82978895679116" lon="2.4177509173750877">
        <ele>51.23</ele>
      </trkpt>
      <trkpt lat="48.82963598705828" lon="2.4178859498351812">
        <ele>51.3</ele>
      </trkpt>
      <trkpt lat="48.82946784608066" lon="2.4180340580642223">
        <ele>51.41</ele>
      </trkpt>
      <trkpt lat="48.829299956560135" lon="2.4181819986552">
        <ele>51.57</ele>
      </trkpt>
      <trkpt lat="48.829105999320745" lon="2.4183989223092794">
        <ele>51.69</ele>
      </trkpt>
      <trkpt lat="48.8289184961468" lon="2.4184524826705456">
        <ele>51.81</ele>
      </trkpt>
      <trkpt lat="48.82873099297285" lon="2.41850595921278">
        <ele>51.96</ele>
      </trkpt>
      <trkpt lat="48.828481966629624" lon="2.4184079747647047">
        <ele>52.16</ele>
      </trkpt>
      <trkpt lat="48.82840099744499" lon="2.4183349683880806">
        <ele>52.33</ele>
      </trkpt>
      <trkpt lat="48.828285997733474" lon="2.418113937601447">
        <ele>52.46</ele>
      </trkpt>
      <trkpt lat="48.828229922801256" lon="2.4179179687052965">
        <ele>52.62</ele>
      </trkpt>
      <trkpt lat="48.82823495194316" lon="2.417666930705309">
        <ele>52.79</ele>
      </trkpt>
      <trkpt lat="48.828229922801256" lon="2.4179179687052965">
        <ele>52.62</ele>
      </trkpt>
      <trkpt lat="48.828155240044" lon="2.4182407557964325">
        <ele>53.21</ele>
      </trkpt>
      <trkpt lat="48.8280809763819" lon="2.418561950325966">
        <ele>53.44</ele>
      </trkpt>
      <trkpt lat="48.82796094752848" lon="2.4186309333890676">
        <ele>53.61</ele>
      </trkpt>
      <trkpt lat="48.827882995828986" lon="2.4186919536441565">
        <ele>53.77</ele>
      </trkpt>
      <trkpt lat="48.82786698639393" lon="2.418710980564356">
        <ele>53.93</ele>
      </trkpt>
      <trkpt lat="48.8278219755739" lon="2.4187609367072582">
        <ele>54.09</ele>
      </trkpt>
      <trkpt lat="48.827839493751526" lon="2.4190076161175966">
        <ele>54.28</ele>
      </trkpt>
      <trkpt lat="48.82785692811012" lon="2.4192529544234276">
        <ele>54.47</ele>
      </trkpt>
      <trkpt lat="48.8278579339385" lon="2.4193069338798523">
        <ele>54.62</ele>
      </trkpt>
      <trkpt lat="48.827859945595264" lon="2.4193799402564764">
        <ele>54.76</ele>
      </trkpt>
      <trkpt lat="48.82786698639393" lon="2.4194659385830164">
        <ele>54.9</ele>
      </trkpt>
      <trkpt lat="48.82790797390044" lon="2.4195369333028793">
        <ele>55.03</ele>
      </trkpt>
      <trkpt lat="48.82800193503499" lon="2.4196449760347605">
        <ele>55.16</ele>
      </trkpt>
      <trkpt lat="48.82801693864167" lon="2.4198019690811634">
        <ele>55.29</ele>
      </trkpt>
      <trkpt lat="48.82808298803866" lon="2.420078990980983">
        <ele>55.45</ele>
      </trkpt>
      <trkpt lat="48.828162951394916" lon="2.4202849343419075">
        <ele>55.57</ele>
      </trkpt>
      <trkpt lat="48.82824392057955" lon="2.4204489681869745">
        <ele>55.58</ele>
      </trkpt>
      <trkpt lat="48.828369062393904" lon="2.420608140528202">
        <ele>55.61</ele>
      </trkpt>
      <trkpt lat="48.82849395275116" lon="2.4207669775933027">
        <ele>55.64</ele>
      </trkpt>
      <trkpt lat="48.82858598604798" lon="2.420829925686121">
        <ele>55.68</ele>
      </trkpt>
      <trkpt lat="48.82879192940891" lon="2.42106294259429">
        <ele>55.76</ele>
      </trkpt>
      <trkpt lat="48.82891992107034" lon="2.421307945623994">
        <ele>55.79</ele>
      </trkpt>
      <trkpt lat="48.82895294576883" lon="2.4215649347752333">
        <ele>55.83</ele>
      </trkpt>
      <trkpt lat="48.82896292023361" lon="2.4216379411518574">
        <ele>55.87</ele>
      </trkpt>
      <trkpt lat="48.82894892245531" lon="2.422070447355509">
        <ele>55.91</ele>
      </trkpt>
      <trkpt lat="48.828934924677014" lon="2.4225029535591602">
        <ele>55.94</ele>
      </trkpt>
      <trkpt lat="48.82892092689872" lon="2.4229319393634796">
        <ele>55.98</ele>
      </trkpt>
      <trkpt lat="48.82889133878052" lon="2.4232768546789885">
        <ele>56.02</ele>
      </trkpt>
      <trkpt lat="48.82886191830039" lon="2.4236199259757996">
        <ele>56.08</ele>
      </trkpt>
      <trkpt lat="48.8286954537034" lon="2.4236609134823084">
        <ele>56.14</ele>
      </trkpt>
      <trkpt lat="48.82852898910642" lon="2.423701984807849">
        <ele>56.19</ele>
      </trkpt>
      <trkpt lat="48.8282934576273" lon="2.4239094369113445">
        <ele>56.22</ele>
      </trkpt>
      <trkpt lat="48.82805800996721" lon="2.42411688901484">
        <ele>56.27</ele>
      </trkpt>
      <trkpt lat="48.82782298140228" lon="2.424323922023177">
        <ele>56.39</ele>
      </trkpt>
      <trkpt lat="48.827633801847696" lon="2.4245581962168217">
        <ele>56.58</ele>
      </trkpt>
      <trkpt lat="48.82744495756924" lon="2.424791967496276">
        <ele>56.68</ele>
      </trkpt>
      <trkpt lat="48.827228704467416" lon="2.4251334462314844">
        <ele>56.75</ele>
      </trkpt>
      <trkpt lat="48.82701295427978" lon="2.4254739191383123">
        <ele>56.78</ele>
      </trkpt>
      <trkpt lat="48.82709895260632" lon="2.4255409743636847">
        <ele>56.82</ele>
      </trkpt>
      <trkpt lat="48.827042961493134" lon="2.4256909266114235">
        <ele>56.85</ele>
      </trkpt>
      <trkpt lat="48.826975990086794" lon="2.425861917436123">
        <ele>56.87</ele>
      </trkpt>
      <trkpt lat="48.82683894596994" lon="2.426136927679181">
        <ele>56.89</ele>
      </trkpt>
      <trkpt lat="48.826732747256756" lon="2.426413530483842">
        <ele>57.0</ele>
      </trkpt>
      <trkpt lat="48.82662696763873" lon="2.4266889598220587">
        <ele>57.06</ele>
      </trkpt>
      <trkpt lat="48.82655379362404" lon="2.4269866850227118">
        <ele>57.15</ele>
      </trkpt>
      <trkpt lat="48.82648095488548" lon="2.4272829852998257">
        <ele>57.19</ele>
      </trkpt>
      <trkpt lat="48.82647743448615" lon="2.4275236297398806">
        <ele>57.17</ele>
      </trkpt>
      <trkpt lat="48.82647399790585" lon="2.427762933075428">
        <ele>57.11</ele>
      </trkpt>
      <trkpt lat="48.826445918530226" lon="2.4280081037431955">
        <ele>57.1</ele>
      </trkpt>
      <trkpt lat="48.82641792297363" lon="2.4282519333064556">
        <ele>57.08</ele>
      </trkpt>
      <trkpt lat="48.8263419829309" lon="2.428467934951186">
        <ele>57.16</ele>
      </trkpt>
      <trkpt lat="48.826228994876146" lon="2.428621994331479">
        <ele>57.26</ele>
      </trkpt>
      <trkpt lat="48.82638808339834" lon="2.4289697594940662">
        <ele>57.35</ele>
      </trkpt>
      <trkpt lat="48.826547088101506" lon="2.429317608475685">
        <ele>57.44</ele>
      </trkpt>
      <trkpt lat="48.8267061766237" lon="2.4296653736382723">
        <ele>57.53</ele>
      </trkpt>
      <trkpt lat="48.8268652651459" lon="2.430013222619891">
        <ele>57.64</ele>
      </trkpt>
      <trkpt lat="48.827022928744555" lon="2.4303579702973366">
        <ele>57.74</ele>
      </trkpt>
      <trkpt lat="48.82712191902101" lon="2.430563997477293">
        <ele>57.8</ele>
      </trkpt>
      <trkpt lat="48.82701396010816" lon="2.4309069849550724">
        <ele>57.85</ele>
      </trkpt>
      <trkpt lat="48.826898876577616" lon="2.43127821944654">
        <ele>57.97</ele>
      </trkpt>
      <trkpt lat="48.8267838768661" lon="2.4316493701189756">
        <ele>58.1</ele>
      </trkpt>
      <trkpt lat="48.82666879333556" lon="2.432020604610443">
        <ele>58.23</ele>
      </trkpt>
      <trkpt lat="48.82655370980501" lon="2.4323918391019106">
        <ele>58.37</ele>
      </trkpt>
      <trkpt lat="48.826439967378974" lon="2.432758966460824">
        <ele>58.53</ele>
      </trkpt>
      <trkpt lat="48.82616219110787" lon="2.432673219591379">
        <ele>58.68</ele>
      </trkpt>
      <trkpt lat="48.825884498655796" lon="2.4325874727219343">
        <ele>58.91</ele>
      </trkpt>
      <trkpt lat="48.82560672238469" lon="2.4325017258524895">
        <ele>59.24</ele>
      </trkpt>
      <trkpt lat="48.825328946113586" lon="2.4324159789830446">
        <ele>59.57</ele>
      </trkpt>
      <trkpt lat="48.82506248541176" lon="2.4324139673262835">
        <ele>59.77</ele>
      </trkpt>
      <trkpt lat="48.82479594089091" lon="2.4324119556695223">
        <ele>59.99</ele>
      </trkpt>
      <trkpt lat="48.8246859703213" lon="2.432379936799407">
        <ele>60.28</ele>
      </trkpt>
      <trkpt lat="48.82461799308658" lon="2.4324029870331287">
        <ele>60.58</ele>
      </trkpt>
      <trkpt lat="48.82443694397807" lon="2.4325879756361246">
        <ele>60.9</ele>
      </trkpt>
      <trkpt lat="48.82419596426189" lon="2.43257992900908">
        <ele>61.29</ele>
      </trkpt>
      <trkpt lat="48.82407492958009" lon="2.4325299728661776">
        <ele>61.62</ele>
      </trkpt>
      <trkpt lat="48.823888348415494" lon="2.4326660111546516">
        <ele>61.95</ele>
      </trkpt>
      <trkpt lat="48.82370193488896" lon="2.432801965624094">
        <ele>62.19</ele>
      </trkpt>
      <trkpt lat="48.823607973754406" lon="2.432887963950634">
        <ele>62.45</ele>
      </trkpt>
      <trkpt lat="48.823430109769106" lon="2.4330857768654823">
        <ele>62.68</ele>
      </trkpt>
      <trkpt lat="48.82325232960284" lon="2.4332835897803307">
        <ele>62.91</ele>
      </trkpt>
      <trkpt lat="48.82307496853173" lon="2.4334809836000204">
        <ele>63.11</ele>
      </trkpt>
      <trkpt lat="48.82286936044693" lon="2.4338083807379007">
        <ele>63.36</ele>
      </trkpt>
      <trkpt lat="48.82266375236213" lon="2.4341358616948128">
        <ele>63.56</ele>
      </trkpt>
      <trkpt lat="48.82245898246765" lon="2.4344619177281857">
        <ele>63.77</ele>
      </trkpt>
      <trkpt lat="48.82255897857249" lon="2.4346469901502132">
        <ele>63.92</ele>
      </trkpt>
      <trkpt lat="48.822620920836926" lon="2.434740951284766">
        <ele>64.01</ele>
      </trkpt>
      <trkpt lat="48.822660986334085" lon="2.4347909912467003">
        <ele>64.06</ele>
      </trkpt>
      <trkpt lat="48.822750924155116" lon="2.434877995401621">
        <ele>64.07</ele>
      </trkpt>
      <trkpt lat="48.822668781504035" lon="2.435324415564537">
        <ele>64.0</ele>
      </trkpt>
      <trkpt lat="48.82258655503392" lon="2.435770919546485">
        <ele>63.91</ele>
      </trkpt>
      <trkpt lat="48.82250499911606" lon="2.4362139869481325">
        <ele>63.93</ele>
      </trkpt>
      <trkpt lat="48.822471387684345" lon="2.4366742372512817">
        <ele>63.95</ele>
      </trkpt>
      <trkpt lat="48.82243794389069" lon="2.4371319729834795">
        <ele>63.83</ele>
      </trkpt>
      <trkpt lat="48.82243693806231" lon="2.437446964904666">
        <ele>63.76</ele>
      </trkpt>
      <trkpt lat="48.82243693806231" lon="2.437502956017852">
        <ele>63.7</ele>
      </trkpt>
      <trkpt lat="48.822387820109725" lon="2.4379466101527214">
        <ele>63.64</ele>
      </trkpt>
      <trkpt lat="48.822338953614235" lon="2.438387917354703">
        <ele>63.5</ele>
      </trkpt>
      <trkpt lat="48.82233593612909" lon="2.4388439767062664">
        <ele>63.44</ele>
      </trkpt>
      <trkpt lat="48.82233493030071" lon="2.4391059949994087">
        <ele>63.39</ele>
      </trkpt>
      <trkpt lat="48.82229721173644" lon="2.4395183846354485">
        <ele>63.4</ele>
      </trkpt>
      <trkpt lat="48.82225940935314" lon="2.43993085809052">
        <ele>63.42</ele>
      </trkpt>
      <trkpt lat="48.82222194224596" lon="2.4403399787843227">
        <ele>63.34</ele>
      </trkpt>
      <trkpt lat="48.82216980680823" lon="2.4406833853572607">
        <ele>63.28</ele>
      </trkpt>
      <trkpt lat="48.8221179228276" lon="2.441024947911501">
        <ele>63.3</ele>
      </trkpt>
      <trkpt lat="48.82209596224129" lon="2.441241955384612">
        <ele>63.33</ele>
      </trkpt>
      <trkpt lat="48.82210996001959" lon="2.4414609745144844">
        <ele>63.42</ele>
      </trkpt>
      <trkpt lat="48.82215706631541" lon="2.4417015351355076">
        <ele>63.56</ele>
      </trkpt>
      <trkpt lat="48.82220392115414" lon="2.4419409222900867">
        <ele>63.67</ele>
      </trkpt>
      <trkpt lat="48.82215899415314" lon="2.4420729372650385">
        <ele>63.84</ele>
      </trkpt>
      <trkpt lat="48.82204399444163" lon="2.442159941419959">
        <ele>64.05</ele>
      </trkpt>
      <trkpt lat="48.82200594060123" lon="2.442278964444995">
        <ele>64.29</ele>
      </trkpt>
      <trkpt lat="48.82200895808637" lon="2.4423989932984114">
        <ele>64.55</ele>
      </trkpt>
      <trkpt lat="48.82184894755483" lon="2.442629998549819">
        <ele>64.87</ele>
      </trkpt>
      <trkpt lat="48.82178080268204" lon="2.442852957174182">
        <ele>65.2</ele>
      </trkpt>
      <trkpt lat="48.821712993085384" lon="2.443074993789196">
        <ele>65.54</ele>
      </trkpt>
      <trkpt lat="48.82160821929574" lon="2.4433399457484484">
        <ele>65.9</ele>
      </trkpt>
      <trkpt lat="48.821503948420286" lon="2.443603975698352">
        <ele>66.41</ele>
      </trkpt>
      <trkpt lat="48.82131694816053" lon="2.4438829254359007">
        <ele>66.88</ele>
      </trkpt>
      <trkpt lat="48.82113916799426" lon="2.4442606139928102">
        <ele>67.21</ele>
      </trkpt>
      <trkpt lat="48.820961974561214" lon="2.4446369614452124">
        <ele>67.68</ele>
      </trkpt>
      <trkpt lat="48.82091193459928" lon="2.4447049386799335">
        <ele>68.09</ele>
      </trkpt>
      <trkpt lat="48.820837922394276" lon="2.4447939544916153">
        <ele>68.49</ele>
      </trkpt>
      <trkpt lat="48.82072493433952" lon="2.444943990558386">
        <ele>68.91</ele>
      </trkpt>
      <trkpt lat="48.82068193517625" lon="2.4449399672448635">
        <ele>69.24</ele>
      </trkpt>
      <trkpt lat="48.82062795571983" lon="2.4452459905296564">
        <ele>69.65</ele>
      </trkpt>
      <trkpt lat="48.82060691714287" lon="2.4453729763627052">
        <ele>69.89</ele>
      </trkpt>
      <trkpt lat="48.82052997127175" lon="2.4452939350157976">
        <ele>70.1</ele>
      </trkpt>
      <trkpt lat="48.82043994963169" lon="2.4455499183386564">
        <ele>70.28</ele>
      </trkpt>
      <trkpt lat="48.820328721776605" lon="2.445976473391056">
        <ele>70.42</ele>
      </trkpt>
      <trkpt lat="48.82021799683571" lon="2.446400932967663">
        <ele>70.45</ele>
      </trkpt>
      <trkpt lat="48.82020492106676" lon="2.446632944047451">
        <ele>70.5</ele>
      </trkpt>
      <trkpt lat="48.820132333785295" lon="2.446889514103532">
        <ele>70.61</ele>
      </trkpt>
      <trkpt lat="48.820059997960925" lon="2.4471449945122004">
        <ele>70.72</ele>
      </trkpt>
      <trkpt lat="48.820039965212345" lon="2.447431990876794">
        <ele>70.85</ele>
      </trkpt>
      <trkpt lat="48.82016493938863" lon="2.447825940325856">
        <ele>70.85</ele>
      </trkpt>
      <trkpt lat="48.82017298601568" lon="2.447922918945551">
        <ele>70.79</ele>
      </trkpt>
      <trkpt lat="48.82017499767244" lon="2.448179991915822">
        <ele>70.68</ele>
      </trkpt>
      <trkpt lat="48.82017893716693" lon="2.44854343123734">
        <ele>70.53</ele>
      </trkpt>
      <trkpt lat="48.82018296048045" lon="2.4489049427211285">
        <ele>70.38</ele>
      </trkpt>
      <trkpt lat="48.8201754167676" lon="2.449150113388896">
        <ele>70.3</ele>
      </trkpt>
      <trkpt lat="48.820167956873775" lon="2.449393942952156">
        <ele>70.18</ele>
      </trkpt>
      <trkpt lat="48.820213973522186" lon="2.4494029954075813">
        <ele>70.04</ele>
      </trkpt>
      <trkpt lat="48.82026493549347" lon="2.44940391741693">
        <ele>69.88</ele>
      </trkpt>
      <trkpt lat="48.820279939100146" lon="2.4498709570616484">
        <ele>69.79</ele>
      </trkpt>
      <trkpt lat="48.82031857967377" lon="2.4501266051083803">
        <ele>69.64</ele>
      </trkpt>
      <trkpt lat="48.82035696879029" lon="2.4503809958696365">
        <ele>69.48</ele>
      </trkpt>
      <trkpt lat="48.82029393687844" lon="2.4504169542342424">
        <ele>69.25</ele>
      </trkpt>
      <trkpt lat="48.8203791808337" lon="2.4507412500679493">
        <ele>69.04</ele>
      </trkpt>
      <trkpt lat="48.82046392187476" lon="2.4510639533400536">
        <ele>68.82</ele>
      </trkpt>
      <trkpt lat="48.82059191353619" lon="2.4513875786215067">
        <ele>68.58</ele>
      </trkpt>
      <trkpt lat="48.82071982137859" lon="2.45171120390296">
        <ele>68.34</ele>
      </trkpt>
      <trkpt lat="48.8208469748497" lon="2.452032985165715">
        <ele>68.09</ele>
      </trkpt>
      <trkpt lat="48.82086399011314" lon="2.452073972672224">
        <ele>67.84</ele>
      </trkpt>
      <trkpt lat="48.82102626375854" lon="2.4524411000311375">
        <ele>67.64</ele>
      </trkpt>
      <trkpt lat="48.82118795067072" lon="2.452806970104575">
        <ele>67.36</ele>
      </trkpt>
      <trkpt lat="48.821113938465714" lon="2.4528819881379604">
        <ele>67.01</ele>
      </trkpt>
      <trkpt lat="48.82117395289242" lon="2.4529889412224293">
        <ele>66.76</ele>
      </trkpt>
      <trkpt lat="48.82103892043233" lon="2.4530239775776863">
        <ele>66.46</ele>
      </trkpt>
      <trkpt lat="48.82084337063134" lon="2.4532115645706654">
        <ele>66.12</ele>
      </trkpt>
      <trkpt lat="48.82064798846841" lon="2.453398983925581">
        <ele>65.89</ele>
      </trkpt>
      <trkpt lat="48.820622926577926" lon="2.4533419869840145">
        <ele>65.7</ele>
      </trkpt>
      <trkpt lat="48.820499712601304" lon="2.4530554097145796">
        <ele>65.46</ele>
      </trkpt>
      <trkpt lat="48.82037691771984" lon="2.452769922092557">
        <ele>65.24</ele>
      </trkpt>
      <trkpt lat="48.820252949371934" lon="2.4523819237947464">
        <ele>65.13</ele>
      </trkpt>
      <trkpt lat="48.820150941610336" lon="2.452180925756693">
        <ele>65.08</ele>
      </trkpt>
      <trkpt lat="48.82002294994891" lon="2.4520079232752323">
        <ele>65.04</ele>
      </trkpt>
      <trkpt lat="48.81987635046244" lon="2.451876411214471">
        <ele>65.0</ele>
      </trkpt>
      <trkpt lat="48.81972991861403" lon="2.451744982972741">
        <ele>64.97</ele>
      </trkpt>
      <trkpt lat="48.81960293278098" lon="2.4515899177640676">
        <ele>64.97</ele>
      </trkpt>
      <trkpt lat="48.8195569999516" lon="2.4518749862909317">
        <ele>64.96</ele>
      </trkpt>
      <trkpt lat="48.81949396803975" lon="2.4520959332585335">
        <ele>64.95</ele>
      </trkpt>
      <trkpt lat="48.819462954998016" lon="2.4521459732204676">
        <ele>64.91</ele>
      </trkpt>
      <trkpt lat="48.81959999911487" lon="2.452380917966366">
        <ele>64.79</ele>
      </trkpt>
      <trkpt lat="48.819700917229056" lon="2.452693982049823">
        <ele>64.63</ele>
      </trkpt>
      <trkpt lat="48.81974408403039" lon="2.452980726957321">
        <ele>64.5</ele>
      </trkpt>
      <trkpt lat="48.81978699937463" lon="2.4532659631222486">
        <ele>64.36</ele>
      </trkpt>
      <trkpt lat="48.81980502046645" lon="2.453655553981662">
        <ele>64.3</ele>
      </trkpt>
      <trkpt lat="48.819822957739234" lon="2.4540429655462503">
        <ele>64.26</ele>
      </trkpt>
      <trkpt lat="48.81972899660468" lon="2.454458959400654">
        <ele>64.17</ele>
      </trkpt>
      <trkpt lat="48.81972597911954" lon="2.454736987128854">
        <ele>63.93</ele>
      </trkpt>
      <trkpt lat="48.81960293278098" lon="2.4547629710286856">
        <ele>63.74</ele>
      </trkpt>
      <trkpt lat="48.81972597911954" lon="2.454736987128854">
        <ele>63.93</ele>
      </trkpt>
      <trkpt lat="48.819756573066115" lon="2.4551846645772457">
        <ele>63.12</ele>
      </trkpt>
      <trkpt lat="48.81978716701269" lon="2.4556323420256376">
        <ele>62.72</ele>
      </trkpt>
      <trkpt lat="48.819817677140236" lon="2.4560801032930613">
        <ele>62.35</ele>
      </trkpt>
      <trkpt lat="48.819847935810685" lon="2.4565229192376137">
        <ele>62.01</ele>
      </trkpt>
      <trkpt lat="48.81985195912421" lon="2.45657698251307">
        <ele>61.6</ele>
      </trkpt>
      <trkpt lat="48.81987760774791" lon="2.4569638073444366">
        <ele>61.1</ele>
      </trkpt>
      <trkpt lat="48.81990334019065" lon="2.457350632175803">
        <ele>60.58</ele>
      </trkpt>
      <trkpt lat="48.819928988814354" lon="2.4577374570071697">
        <ele>60.06</ele>
      </trkpt>
      <trkpt lat="48.81995463743806" lon="2.458124365657568">
        <ele>59.41</ele>
      </trkpt>
      <trkpt lat="48.81997995078564" lon="2.458505993708968">
        <ele>58.76</ele>
      </trkpt>
      <trkpt lat="48.81999193690717" lon="2.4586819298565388">
        <ele>58.2</ele>
      </trkpt>
      <trkpt lat="48.82009193301201" lon="2.459105970337987">
        <ele>57.68</ele>
      </trkpt>
      <trkpt lat="48.820252949371934" lon="2.4593868479132652">
        <ele>57.23</ele>
      </trkpt>
      <trkpt lat="48.82041396573186" lon="2.4596678093075752">
        <ele>56.76</ele>
      </trkpt>
      <trkpt lat="48.82057489827275" lon="2.4599486868828535">
        <ele>56.38</ele>
      </trkpt>
      <trkpt lat="48.82073499262333" lon="2.460227971896529">
        <ele>56.11</ele>
      </trkpt>
      <trkpt lat="48.820746978744864" lon="2.460250938311219">
        <ele>55.81</ele>
      </trkpt>
      <trkpt lat="48.820709930732846" lon="2.4603059235960245">
        <ele>55.54</ele>
      </trkpt>
      <trkpt lat="48.82055142894387" lon="2.4605359230190516">
        <ele>55.28</ele>
      </trkpt>
      <trkpt lat="48.8203929271549" lon="2.460765838623047">
        <ele>55.12</ele>
      </trkpt>
      <trkpt lat="48.820234928280115" lon="2.4609949998557568">
        <ele>55.03</ele>
      </trkpt>
      <trkpt lat="48.820102997124195" lon="2.4612589459866285">
        <ele>54.97</ele>
      </trkpt>
      <trkpt lat="48.81994097493589" lon="2.461502943187952">
        <ele>54.81</ele>
      </trkpt>
      <trkpt lat="48.81978892721236" lon="2.4616759456694126">
        <ele>54.68</ele>
      </trkpt>
      <trkpt lat="48.81964886561036" lon="2.4617920350283384">
        <ele>54.56</ele>
      </trkpt>
      <trkpt lat="48.81950897164643" lon="2.461907956749201">
        <ele>54.44</ele>
      </trkpt>
      <trkpt lat="48.81930839270353" lon="2.4620520416647196">
        <ele>54.37</ele>
      </trkpt>
      <trkpt lat="48.8191079813987" lon="2.462195958942175">
        <ele>54.27</ele>
      </trkpt>
      <trkpt lat="48.81908291950822" lon="2.462205933406949">
        <ele>54.19</ele>
      </trkpt>
      <trkpt lat="48.819051990285516" lon="2.4621999822556973">
        <ele>54.1</ele>
      </trkpt>
      <trkpt lat="48.81906297057867" lon="2.462273994460702">
        <ele>53.99</ele>
      </trkpt>
      <trkpt lat="48.819092977792025" lon="2.4623619206249714">
        <ele>53.88</ele>
      </trkpt>
      <trkpt lat="48.819136982783675" lon="2.4624959472566843">
        <ele>53.76</ele>
      </trkpt>
      <trkpt lat="48.819157937541604" lon="2.4625489208847284">
        <ele>53.63</ele>
      </trkpt>
      <trkpt lat="48.81923597306013" lon="2.4627299699932337">
        <ele>53.44</ele>
      </trkpt>
      <trkpt lat="48.8192599453032" lon="2.4627869669348">
        <ele>53.28</ele>
      </trkpt>
      <trkpt lat="48.819287940859795" lon="2.46285293251276">
        <ele>53.11</ele>
      </trkpt>
      <trkpt lat="48.81945692002773" lon="2.463252916932106">
        <ele>52.9</ele>
      </trkpt>
      <trkpt lat="48.81947795860469" lon="2.4633499793708324">
        <ele>52.71</ele>
      </trkpt>
      <trkpt lat="48.819485921412706" lon="2.463426925241947">
        <ele>52.5</ele>
      </trkpt>
      <trkpt lat="48.819602178409696" lon="2.463696487247944">
        <ele>52.29</ele>
      </trkpt>
      <trkpt lat="48.81971835158765" lon="2.463965965434909">
        <ele>52.05</ele>
      </trkpt>
      <trkpt lat="48.81983393803239" lon="2.464233934879303">
        <ele>51.76</ele>
      </trkpt>
      <trkpt lat="48.81994399242103" lon="2.4645609967410564">
        <ele>51.48</ele>
      </trkpt>
      <trkpt lat="48.82001347839832" lon="2.4648831132799387">
        <ele>51.14</ele>
      </trkpt>
      <trkpt lat="48.820082964375615" lon="2.465205229818821">
        <ele>50.78</ele>
      </trkpt>
      <trkpt lat="48.82015194743872" lon="2.465524999424815">
        <ele>50.26</ele>
      </trkpt>
      <trkpt lat="48.82018857635558" lon="2.4658808950334787">
        <ele>49.71</ele>
      </trkpt>
      <trkpt lat="48.82022495381534" lon="2.4662349466234446">
        <ele>49.12</ele>
      </trkpt>
      <trkpt lat="48.82022344507277" lon="2.46647659689188">
        <ele>48.55</ele>
      </trkpt>
      <trkpt lat="48.8202219363302" lon="2.46671698987484">
        <ele>47.92</ele>
      </trkpt>
      <trkpt lat="48.82024297490716" lon="2.46680592186749">
        <ele>47.32</ele>
      </trkpt>
      <trkpt lat="48.82025797851384" lon="2.46686895377934">
        <ele>46.74</ele>
      </trkpt>
      <trkpt lat="48.82028597407043" lon="2.466933997347951">
        <ele>46.16</ele>
      </trkpt>
      <trkpt lat="48.82030198350549" lon="2.466971967369318">
        <ele>45.58</ele>
      </trkpt>
      <trkpt lat="48.820298966020346" lon="2.4670489970594645">
        <ele>44.99</ele>
      </trkpt>
      <trkpt lat="48.82029494270682" lon="2.4671249371021986">
        <ele>44.42</ele>
      </trkpt>
      <trkpt lat="48.82029393687844" lon="2.467164918780327">
        <ele>43.87</ele>
      </trkpt>
      <trkpt lat="48.82029192522168" lon="2.4672519229352474">
        <ele>43.33</ele>
      </trkpt>
      <trkpt lat="48.8202909193933" lon="2.467317972332239">
        <ele>42.82</ele>
      </trkpt>
      <trkpt lat="48.82032796740532" lon="2.467323923483491">
        <ele>42.33</ele>
      </trkpt>
      <trkpt lat="48.82032997906208" lon="2.467376980930567">
        <ele>41.86</ele>
      </trkpt>
      <trkpt lat="48.8202599901706" lon="2.4674439523369074">
        <ele>41.47</ele>
      </trkpt>
      <trkpt lat="48.820233922451735" lon="2.467444958165288">
        <ele>41.09</ele>
      </trkpt>
      <trkpt lat="48.82016594521701" lon="2.4674459639936686">
        <ele>40.77</ele>
      </trkpt>
      <trkpt lat="48.820162592455745" lon="2.467887857928872">
        <ele>40.35</ele>
      </trkpt>
      <trkpt lat="48.820159155875444" lon="2.4683297518640757">
        <ele>40.08</ele>
      </trkpt>
      <trkpt lat="48.820155803114176" lon="2.468771645799279">
        <ele>39.82</ele>
      </trkpt>
      <trkpt lat="48.82015245035291" lon="2.4692135397344828">
        <ele>39.48</ele>
      </trkpt>
      <trkpt lat="48.82014901377261" lon="2.4696554336696863">
        <ele>39.17</ele>
      </trkpt>
      <trkpt lat="48.82014566101134" lon="2.47009732760489">
        <ele>39.0</ele>
      </trkpt>
      <trkpt lat="48.82014230825007" lon="2.4705392215400934">
        <ele>38.85</ele>
      </trkpt>
      <trkpt lat="48.82013887166977" lon="2.4709811992943287">
        <ele>38.68</ele>
      </trkpt>
      <trkpt lat="48.8201355189085" lon="2.4714230932295322">
        <ele>38.57</ele>
      </trkpt>
      <trkpt lat="48.8201320823282" lon="2.471864987164736">
        <ele>38.47</ele>
      </trkpt>
      <trkpt lat="48.82012872956693" lon="2.4723068810999393">
        <ele>38.42</ele>
      </trkpt>
      <trkpt lat="48.82012537680566" lon="2.472748775035143">
        <ele>38.34</ele>
      </trkpt>
      <trkpt lat="48.82012194022536" lon="2.4731749948114157">
        <ele>38.27</ele>
      </trkpt>
      <trkpt lat="48.82011297158897" lon="2.473358977586031">
        <ele>38.2</ele>
      </trkpt>
      <trkpt lat="48.820017920807004" lon="2.4734029825776815">
        <ele>38.14</ele>
      </trkpt>
      <trkpt lat="48.8199679646641" lon="2.4733379390090704">
        <ele>38.11</ele>
      </trkpt>
      <trkpt lat="48.81996997632086" lon="2.4732609931379557">
        <ele>38.08</ele>
      </trkpt>
      <trkpt lat="48.819998977705836" lon="2.47312193736434">
        <ele>38.04</ele>
      </trkpt>
      <trkpt lat="48.819996966049075" lon="2.4726932868361473">
        <ele>37.99</ele>
      </trkpt>
      <trkpt lat="48.819994954392314" lon="2.472266983240843">
        <ele>37.96</ele>
      </trkpt>
      <trkpt lat="48.819997971877456" lon="2.4719056393951178">
        <ele>37.89</ele>
      </trkpt>
      <trkpt lat="48.8200009893626" lon="2.4715442955493927">
        <ele>37.86</ele>
      </trkpt>
      <trkpt lat="48.82000392302871" lon="2.4711859691888094">
        <ele>37.79</ele>
      </trkpt>
      <trkpt lat="48.82000392302871" lon="2.470762263983488">
        <ele>37.77</ele>
      </trkpt>
      <trkpt lat="48.82000392302871" lon="2.4703409895300865">
        <ele>37.74</ele>
      </trkpt>
      <trkpt lat="48.82000392302871" lon="2.4703279975801706">
        <ele>37.71</ele>
      </trkpt>
      <trkpt lat="48.82000492885709" lon="2.469879984855652">
        <ele>37.65</ele>
      </trkpt>
      <trkpt lat="48.8200009893626" lon="2.469861963763833">
        <ele>37.62</ele>
      </trkpt>
      <trkpt lat="48.81999193690717" lon="2.469826927408576">
        <ele>37.59</ele>
      </trkpt>
      <trkpt lat="48.82022495381534" lon="2.4698229879140854">
        <ele>37.58</ele>
      </trkpt>
      <trkpt lat="48.82033492438495" lon="2.4698299448937178">
        <ele>37.54</ele>
      </trkpt>
      <trkpt lat="48.820362919941545" lon="2.4698309507220984">
        <ele>37.52</ele>
      </trkpt>
      <trkpt lat="48.82045797072351" lon="2.469798931851983">
        <ele>37.5</ele>
      </trkpt>
      <trkpt lat="48.820573976263404" lon="2.469780994579196">
        <ele>37.48</ele>
      </trkpt>
      <trkpt lat="48.820834904909134" lon="2.4697954952716827">
        <ele>37.47</ele>
      </trkpt>
      <trkpt lat="48.821095917373896" lon="2.4698099959641695">
        <ele>37.45</ele>
      </trkpt>
      <trkpt lat="48.82124796509743" lon="2.4698149412870407">
        <ele>37.44</ele>
      </trkpt>
      <trkpt lat="48.82131393067539" lon="2.4698309507220984">
        <ele>37.44</ele>
      </trkpt>
      <trkpt lat="48.8214754499495" lon="2.46985643170774">
        <ele>37.44</ele>
      </trkpt>
      <trkpt lat="48.82163696922362" lon="2.469881996512413">
        <ele>37.44</ele>
      </trkpt>
      <trkpt lat="48.82178499363363" lon="2.4698629695922136">
        <ele>37.46</ele>
      </trkpt>
      <trkpt lat="48.822044329717755" lon="2.469750987365842">
        <ele>37.49</ele>
      </trkpt>
      <trkpt lat="48.82230366580188" lon="2.4696389213204384">
        <ele>37.53</ele>
      </trkpt>
      <trkpt lat="48.82256291806698" lon="2.4695269390940666">
        <ele>37.54</ele>
      </trkpt>
      <trkpt lat="48.82285946980119" lon="2.469375981017947">
        <ele>37.52</ele>
      </trkpt>
      <trkpt lat="48.823155937716365" lon="2.469224939122796">
        <ele>37.46</ele>
      </trkpt>
      <trkpt lat="48.82339398376644" lon="2.469141958281398">
        <ele>37.46</ele>
      </trkpt>
      <trkpt lat="48.82363395765424" lon="2.4690999649465084">
        <ele>37.5</ele>
      </trkpt>
      <trkpt lat="48.82387393154204" lon="2.469057971611619">
        <ele>37.56</ele>
      </trkpt>
      <trkpt lat="48.82411398924887" lon="2.4690159782767296">
        <ele>37.53</ele>
      </trkpt>
      <trkpt lat="48.82433560676873" lon="2.46899695135653">
        <ele>37.56</ele>
      </trkpt>
      <trkpt lat="48.82455722428858" lon="2.468977924436331">
        <ele>37.52</ele>
      </trkpt>
      <trkpt lat="48.82477892562747" lon="2.468958981335163">
        <ele>37.48</ele>
      </trkpt>
      <trkpt lat="48.82504295557737" lon="2.4689944367855787">
        <ele>37.48</ele>
      </trkpt>
      <trkpt lat="48.82530698552728" lon="2.469029976055026">
        <ele>37.52</ele>
      </trkpt>
      <trkpt lat="48.82554762996733" lon="2.4690664373338223">
        <ele>37.5</ele>
      </trkpt>
      <trkpt lat="48.82578835822642" lon="2.46910298243165">
        <ele>37.48</ele>
      </trkpt>
      <trkpt lat="48.826029086485505" lon="2.4691394437104464">
        <ele>37.47</ele>
      </trkpt>
      <trkpt lat="48.826269982382655" lon="2.4691759888082743">
        <ele>37.42</ele>
      </trkpt>
      <trkpt lat="48.826466454192996" lon="2.469261484220624">
        <ele>37.37</ele>
      </trkpt>
      <trkpt lat="48.82666292600334" lon="2.4693469796329737">
        <ele>37.43</ele>
      </trkpt>
      <trkpt lat="48.826936930418015" lon="2.46953297406435">
        <ele>37.55</ele>
      </trkpt>
      <trkpt lat="48.827084535732865" lon="2.4696760531514883">
        <ele>37.61</ele>
      </trkpt>
      <trkpt lat="48.82723197340965" lon="2.469818964600563">
        <ele>37.64</ele>
      </trkpt>
      <trkpt lat="48.82744235917926" lon="2.4701012670993805">
        <ele>37.67</ele>
      </trkpt>
      <trkpt lat="48.827652828767896" lon="2.470383569598198">
        <ele>37.68</ele>
      </trkpt>
      <trkpt lat="48.8278632145375" lon="2.4706658720970154">
        <ele>37.66</ele>
      </trkpt>
      <trkpt lat="48.82807368412614" lon="2.470948174595833">
        <ele>37.63</ele>
      </trkpt>
      <trkpt lat="48.82828298024833" lon="2.4712289683520794">
        <ele>37.59</ele>
      </trkpt>
      <trkpt lat="48.82848045788705" lon="2.471506493166089">
        <ele>37.54</ele>
      </trkpt>
      <trkpt lat="48.828677935525775" lon="2.4717841017991304">
        <ele>37.52</ele>
      </trkpt>
      <trkpt lat="48.828875413164496" lon="2.472061710432172">
        <ele>37.5</ele>
      </trkpt>
      <trkpt lat="48.82907196879387" lon="2.4723379779607058">
        <ele>37.45</ele>
      </trkpt>
      <trkpt lat="48.829183112829924" lon="2.472516680136323">
        <ele>37.41</ele>
      </trkpt>
      <trkpt lat="48.82929392158985" lon="2.4726949632167816">
        <ele>37.36</ele>
      </trkpt>
      <trkpt lat="48.82939693517983" lon="2.4728779401630163">
        <ele>37.32</ele>
      </trkpt>
      <trkpt lat="48.82948192767799" lon="2.4730979651212692">
        <ele>37.29</ele>
      </trkpt>
      <trkpt lat="48.829555939882994" lon="2.473330982029438">
        <ele>37.27</ele>
      </trkpt>
      <trkpt lat="48.82956893183291" lon="2.473467942327261">
        <ele>37.28</ele>
      </trkpt>
      <trkpt lat="48.82962894625962" lon="2.4735419545322657">
        <ele>37.28</ele>
      </trkpt>
      <trkpt lat="48.8297557644546" lon="2.473970940336585">
        <ele>37.26</ele>
      </trkpt>
      <trkpt lat="48.82988199591637" lon="2.474397998303175">
        <ele>37.28</ele>
      </trkpt>
      <trkpt lat="48.82996816188097" lon="2.474716678261757">
        <ele>37.32</ele>
      </trkpt>
      <trkpt lat="48.83005432784557" lon="2.4750354420393705">
        <ele>37.35</ele>
      </trkpt>
      <trkpt lat="48.83013999089599" lon="2.475351942703128">
        <ele>37.4</ele>
      </trkpt>
      <trkpt lat="48.830214673653245" lon="2.4756355863064528">
        <ele>37.4</ele>
      </trkpt>
      <trkpt lat="48.830288937315345" lon="2.475917972624302">
        <ele>37.41</ele>
      </trkpt>
      <trkpt lat="48.83036261424422" lon="2.4763389956206083">
        <ele>37.42</ele>
      </trkpt>
      <trkpt lat="48.830435955896974" lon="2.476757923141122">
        <ele>37.45</ele>
      </trkpt>
      <trkpt lat="48.8304931204766" lon="2.477137539535761">
        <ele>37.47</ele>
      </trkpt>
      <trkpt lat="48.83055028505623" lon="2.4775171559304">
        <ele>37.55</ele>
      </trkpt>
      <trkpt lat="48.83060744963586" lon="2.477896688506007">
        <ele>37.56</ele>
      </trkpt>
      <trkpt lat="48.83066453039646" lon="2.478276304900646">
        <ele>37.5</ele>
      </trkpt>
      <trkpt lat="48.830720940604806" lon="2.478650975972414">
        <ele>37.5</ele>
      </trkpt>
      <trkpt lat="48.830757988616824" lon="2.4790839850902557">
        <ele>37.59</ele>
      </trkpt>
      <trkpt lat="48.83073393255472" lon="2.4793139845132828">
        <ele>37.67</ele>
      </trkpt>
      <trkpt lat="48.83078305050731" lon="2.479570135474205">
        <ele>37.69</ele>
      </trkpt>
      <trkpt lat="48.8308319170028" lon="2.47982494533062">
        <ele>37.69</ele>
      </trkpt>
      <trkpt lat="48.83085639216006" lon="2.4802223313599825">
        <ele>37.61</ele>
      </trkpt>
      <trkpt lat="48.83088078349829" lon="2.480619801208377">
        <ele>37.53</ele>
      </trkpt>
      <trkpt lat="48.83090492337942" lon="2.4810139182955027">
        <ele>37.56</ele>
      </trkpt>
      <trkpt lat="48.830943731591105" lon="2.481352547183633">
        <ele>37.59</ele>
      </trkpt>
      <trkpt lat="48.83098253980279" lon="2.4816910922527313">
        <ele>37.59</ele>
      </trkpt>
      <trkpt lat="48.831020928919315" lon="2.482026955112815">
        <ele>37.61</ele>
      </trkpt>
      <trkpt lat="48.83101497776806" lon="2.482408918440342">
        <ele>37.57</ele>
      </trkpt>
      <trkpt lat="48.83104951120913" lon="2.482670685276389">
        <ele>37.44</ele>
      </trkpt>
      <trkpt lat="48.831083960831165" lon="2.4829309433698654">
        <ele>37.2</ele>
      </trkpt>
      <trkpt lat="48.831123942509294" lon="2.483088942244649">
        <ele>37.04</ele>
      </trkpt>
      <trkpt lat="48.831148920580745" lon="2.4835199397057295">
        <ele>36.97</ele>
      </trkpt>
      <trkpt lat="48.83115244098008" lon="2.4838809482753277">
        <ele>36.9</ele>
      </trkpt>
      <trkpt lat="48.83115596137941" lon="2.4842399451881647">
        <ele>36.76</ele>
      </trkpt>
      <trkpt lat="48.83113492280245" lon="2.4843699485063553">
        <ele>36.67</ele>
      </trkpt>
      <trkpt lat="48.83115193806589" lon="2.4846269376575947">
        <ele>36.61</ele>
      </trkpt>
      <trkpt lat="48.831084463745356" lon="2.4850707594305277">
        <ele>36.65</ele>
      </trkpt>
      <trkpt lat="48.83101690560579" lon="2.4855145812034607">
        <ele>36.66</ele>
      </trkpt>
      <trkpt lat="48.83094993419945" lon="2.4859549663960934">
        <ele>36.54</ele>
      </trkpt>
      <trkpt lat="48.830887489020824" lon="2.4863118678331375">
        <ele>36.45</ele>
      </trkpt>
      <trkpt lat="48.830824960023165" lon="2.4866687692701817">
        <ele>36.48</ele>
      </trkpt>
      <trkpt lat="48.830762933939695" lon="2.487022988498211">
        <ele>36.45</ele>
      </trkpt>
      <trkpt lat="48.83073384873569" lon="2.487295148894191">
        <ele>36.36</ele>
      </trkpt>
      <trkpt lat="48.83070493116975" lon="2.4875659681856632">
        <ele>36.37</ele>
      </trkpt>
      <trkpt lat="48.8306934479624" lon="2.487861765548587">
        <ele>36.44</ele>
      </trkpt>
      <trkpt lat="48.83068196475506" lon="2.488155970349908">
        <ele>36.5</ele>
      </trkpt>
      <trkpt lat="48.83070048876107" lon="2.488600295037031">
        <ele>36.53</ele>
      </trkpt>
      <trkpt lat="48.83071909658611" lon="2.4890446197241545">
        <ele>36.43</ele>
      </trkpt>
      <trkpt lat="48.83073762059212" lon="2.4894889444112778">
        <ele>36.4</ele>
      </trkpt>
      <trkpt lat="48.830756144598126" lon="2.489933269098401">
        <ele>36.4</ele>
      </trkpt>
      <trkpt lat="48.83077475242317" lon="2.4903775937855244">
        <ele>36.51</ele>
      </trkpt>
      <trkpt lat="48.830793276429176" lon="2.4908219184726477">
        <ele>36.85</ele>
      </trkpt>
      <trkpt lat="48.83081188425422" lon="2.4912663269788027">
        <ele>37.05</ele>
      </trkpt>
      <trkpt lat="48.83082998916507" lon="2.491700928658247">
        <ele>37.13</ele>
      </trkpt>
      <trkpt lat="48.83083493448794" lon="2.492059925571084">
        <ele>37.19</ele>
      </trkpt>
      <trkpt lat="48.83083996362984" lon="2.492418922483921">
        <ele>37.33</ele>
      </trkpt>
      <trkpt lat="48.830844992771745" lon="2.492774985730648">
        <ele>37.51</ele>
      </trkpt>
      <trkpt lat="48.830824960023165" lon="2.4928349163383245">
        <ele>37.67</ele>
      </trkpt>
      <trkpt lat="48.830822948366404" lon="2.493014959618449">
        <ele>37.84</ele>
      </trkpt>
      <trkpt lat="48.830825965851545" lon="2.493315953761339">
        <ele>38.0</ele>
      </trkpt>
      <trkpt lat="48.83081892505288" lon="2.4936569295823574">
        <ele>38.22</ele>
      </trkpt>
      <trkpt lat="48.83081188425422" lon="2.493997821584344">
        <ele>38.43</ele>
      </trkpt>
      <trkpt lat="48.830804927274585" lon="2.494335947558284">
        <ele>38.66</ele>
      </trkpt>
      <trkpt lat="48.83079294115305" lon="2.4944449961185455">
        <ele>38.83</ele>
      </trkpt>
      <trkpt lat="48.83073393255472" lon="2.4944249633699656">
        <ele>39.03</ele>
      </trkpt>
      <trkpt lat="48.83070593699813" lon="2.494481960311532">
        <ele>39.2</ele>
      </trkpt>
      <trkpt lat="48.830720940604806" lon="2.4945489317178726">
        <ele>39.35</ele>
      </trkpt>
      <trkpt lat="48.83076695725322" lon="2.4945669528096914">
        <ele>39.5</ele>
      </trkpt>
      <trkpt lat="48.83079294115305" lon="2.4947989638894796">
        <ele>39.67</ele>
      </trkpt>
      <trkpt lat="48.83076746016741" lon="2.4952287040650845">
        <ele>39.81</ele>
      </trkpt>
      <trkpt lat="48.8307420630008" lon="2.495658528059721">
        <ele>39.9</ele>
      </trkpt>
      <trkpt lat="48.83071658201516" lon="2.496088268235326">
        <ele>40.13</ele>
      </trkpt>
      <trkpt lat="48.830691101029515" lon="2.4965180084109306">
        <ele>40.43</ele>
      </trkpt>
      <trkpt lat="48.83066595532" lon="2.496941965073347">
        <ele>40.66</ele>
      </trkpt>
      <trkpt lat="48.83066595532" lon="2.497404981404543">
        <ele>40.77</ele>
      </trkpt>
      <trkpt lat="48.83068799972534" lon="2.4977199733257294">
        <ele>40.94</ele>
      </trkpt>
      <trkpt lat="48.830697974190116" lon="2.4978619627654552">
        <ele>41.14</ele>
      </trkpt>
      <trkpt lat="48.830607952550054" lon="2.498201932758093">
        <ele>41.32</ele>
      </trkpt>
      <trkpt lat="48.83053896948695" lon="2.4986499454826117">
        <ele>41.44</ele>
      </trkpt>
      <trkpt lat="48.83044609799981" lon="2.4990775901824236">
        <ele>41.7</ele>
      </trkpt>
      <trkpt lat="48.8303533103317" lon="2.4995052348822355">
        <ele>41.96</ele>
      </trkpt>
      <trkpt lat="48.83026052266359" lon="2.4999328795820475">
        <ele>42.28</ele>
      </trkpt>
      <trkpt lat="48.83016765117645" lon="2.5003605242818594">
        <ele>42.61</ele>
      </trkpt>
      <trkpt lat="48.830075953155756" lon="2.500782972201705">
        <ele>42.99</ele>
      </trkpt>
      <trkpt lat="48.83004150353372" lon="2.501154625788331">
        <ele>43.26</ele>
      </trkpt>
      <trkpt lat="48.83000713773072" lon="2.501526279374957">
        <ele>43.54</ele>
      </trkpt>
      <trkpt lat="48.82997293956578" lon="2.501894999295473">
        <ele>43.85</ele>
      </trkpt>
      <trkpt lat="48.82990596815944" lon="2.502332953736186">
        <ele>44.25</ele>
      </trkpt>
      <trkpt lat="48.82985081523657" lon="2.5026839040219784">
        <ele>44.6</ele>
      </trkpt>
      <trkpt lat="48.8297956623137" lon="2.503034770488739">
        <ele>44.9</ele>
      </trkpt>
      <trkpt lat="48.82974092848599" lon="2.5033829547464848">
        <ele>45.11</ele>
      </trkpt>
      <trkpt lat="48.82968577556312" lon="2.503718314692378">
        <ele>45.33</ele>
      </trkpt>
      <trkpt lat="48.82963095791638" lon="2.504051998257637">
        <ele>45.49</ele>
      </trkpt>
      <trkpt lat="48.82955878973007" lon="2.504420718178153">
        <ele>45.72</ele>
      </trkpt>
      <trkpt lat="48.829486621543765" lon="2.504789438098669">
        <ele>45.91</ele>
      </trkpt>
      <trkpt lat="48.82941445335746" lon="2.505158158019185">
        <ele>46.02</ele>
      </trkpt>
      <trkpt lat="48.82934228517115" lon="2.505526877939701">
        <ele>46.14</ele>
      </trkpt>
      <trkpt lat="48.82927095517516" lon="2.5058909878134727">
        <ele>46.23</ele>
      </trkpt>
      <trkpt lat="48.829211946576834" lon="2.506054937839508">
        <ele>46.34</ele>
      </trkpt>
      <trkpt lat="48.8292049895972" lon="2.5061999447643757">
        <ele>46.33</ele>
      </trkpt>
      <trkpt lat="48.82911999709904" lon="2.5065979175269604">
        <ele>46.35</ele>
      </trkpt>
      <trkpt lat="48.82904531434178" lon="2.506856080144644">
        <ele>46.33</ele>
      </trkpt>
      <trkpt lat="48.82897096686065" lon="2.5071129854768515">
        <ele>46.23</ele>
      </trkpt>
      <trkpt lat="48.82890483364463" lon="2.5073429848998785">
        <ele>46.12</ele>
      </trkpt>
      <trkpt lat="48.8288389518857" lon="2.507571978494525">
        <ele>46.0</ele>
      </trkpt>
      <trkpt lat="48.828826965764165" lon="2.5076109543442726">
        <ele>45.87</ele>
      </trkpt>
      <trkpt lat="48.8287699688226" lon="2.5078559573739767">
        <ele>45.76</ele>
      </trkpt>
      <trkpt lat="48.82873283699155" lon="2.5081416964530945">
        <ele>45.5</ele>
      </trkpt>
      <trkpt lat="48.828695956617594" lon="2.5084259267896414">
        <ele>45.22</ele>
      </trkpt>
      <trkpt lat="48.82868497632444" lon="2.5085189659148455">
        <ele>44.97</ele>
      </trkpt>
      <trkpt lat="48.8286629319191" lon="2.508691968396306">
        <ele>44.68</ele>
      </trkpt>
      <trkpt lat="48.82865094579756" lon="2.5090970657765865">
        <ele>44.34</ele>
      </trkpt>
      <trkpt lat="48.82863895967603" lon="2.5094999838620424">
        <ele>44.04</ele>
      </trkpt>
      <trkpt lat="48.8286663684994" lon="2.509972555562854">
        <ele>43.78</ele>
      </trkpt>
      <trkpt lat="48.82869377732277" lon="2.510445211082697">
        <ele>43.39</ele>
      </trkpt>
      <trkpt lat="48.828720934689045" lon="2.5109139271080494">
        <ele>43.05</ele>
      </trkpt>
      <trkpt lat="48.8287179172039" lon="2.511311983689666">
        <ele>42.72</ele>
      </trkpt>
      <trkpt lat="48.828776590526104" lon="2.5115500297397375">
        <ele>42.32</ele>
      </trkpt>
      <trkpt lat="48.82883492857218" lon="2.511786986142397">
        <ele>41.89</ele>
      </trkpt>
      <trkpt lat="48.82895587943494" lon="2.512068450450897">
        <ele>41.43</ele>
      </trkpt>
      <trkpt lat="48.82907674647868" lon="2.5123499985784292">
        <ele>41.07</ele>
      </trkpt>
      <trkpt lat="48.82919694297016" lon="2.5126299541443586">
        <ele>40.69</ele>
      </trkpt>
      <trkpt lat="48.82931521162391" lon="2.5129271764308214">
        <ele>40.3</ele>
      </trkpt>
      <trkpt lat="48.829433396458626" lon="2.513224482536316">
        <ele>39.88</ele>
      </trkpt>
      <trkpt lat="48.82955099456012" lon="2.5135199446231127">
        <ele>39.44</ele>
      </trkpt>
      <trkpt lat="48.82967395707965" lon="2.5137759279459715">
        <ele>39.0</ele>
      </trkpt>
      <trkpt lat="48.8298059720546" lon="2.5140489265322685">
        <ele>38.57</ele>
      </trkpt>
      <trkpt lat="48.829894652590156" lon="2.514267861843109">
        <ele>38.19</ele>
      </trkpt>
      <trkpt lat="48.829982997849584" lon="2.5144859589636326">
        <ele>37.83</ele>
      </trkpt>
      <trkpt lat="48.8301339559257" lon="2.5147469714283943">
        <ele>37.46</ele>
      </trkpt>
      <trkpt lat="48.83033621124923" lon="2.515088953077793">
        <ele>37.09</ele>
      </trkpt>
      <trkpt lat="48.83053796365857" lon="2.5154299288988113">
        <ele>36.83</ele>
      </trkpt>
      <trkpt lat="48.83064793422818" lon="2.515630926936865">
        <ele>36.58</ele>
      </trkpt>
      <trkpt lat="48.83082093670964" lon="2.515958994626999">
        <ele>36.32</ele>
      </trkpt>
      <trkpt lat="48.83097968995571" lon="2.5162509363144636">
        <ele>36.07</ele>
      </trkpt>
      <trkpt lat="48.83113794028759" lon="2.5165419559925795">
        <ele>35.83</ele>
      </trkpt>
      <trkpt lat="48.83122293278575" lon="2.516664918512106">
        <ele>35.67</ele>
      </trkpt>
      <trkpt lat="48.83134799078107" lon="2.5167819298803806">
        <ele>35.57</ele>
      </trkpt>
      <trkpt lat="48.83151696994901" lon="2.5169269368052483">
        <ele>35.52</ele>
      </trkpt>
      <trkpt lat="48.83167999796569" lon="2.517047468572855">
        <ele>35.55</ele>
      </trkpt>
      <trkpt lat="48.83184294216335" lon="2.51716791652143">
        <ele>35.61</ele>
      </trkpt>
      <trkpt lat="48.83204695768654" lon="2.517286017537117">
        <ele>35.7</ele>
      </trkpt>
      <trkpt lat="48.83225097320974" lon="2.5174039509147406">
        <ele>35.82</ele>
      </trkpt>
      <trkpt lat="48.83248575031757" lon="2.5175119936466217">
        <ele>35.93</ele>
      </trkpt>
      <trkpt lat="48.83272052742541" lon="2.517619952559471">
        <ele>36.0</ele>
      </trkpt>
      <trkpt lat="48.83295522071421" lon="2.5177279952913523">
        <ele>36.11</ele>
      </trkpt>
      <trkpt lat="48.833189997822046" lon="2.5178359542042017">
        <ele>36.26</ele>
      </trkpt>
      <trkpt lat="48.833271972835064" lon="2.517882976680994">
        <ele>36.39</ele>
      </trkpt>
      <trkpt lat="48.833511024713516" lon="2.5180129799991846">
        <ele>36.52</ele>
      </trkpt>
      <trkpt lat="48.83374999277294" lon="2.518142983317375">
        <ele>36.63</ele>
      </trkpt>
      <trkpt lat="48.83384797722101" lon="2.518168967217207">
        <ele>36.77</ele>
      </trkpt>
      <trkpt lat="48.833986949175596" lon="2.518183970823884">
        <ele>36.92</ele>
      </trkpt>
      <trkpt lat="48.83423597551882" lon="2.518208948895335">
        <ele>37.11</ele>
      </trkpt>
      <trkpt lat="48.83422994054854" lon="2.5182769261300564">
        <ele>37.25</ele>
      </trkpt>
      <trkpt lat="48.83423396386206" lon="2.51841195859015">
        <ele>37.39</ele>
      </trkpt>
      <trkpt lat="48.83426992222667" lon="2.5185649283230305">
        <ele>37.52</ele>
      </trkpt>
      <trkpt lat="48.834415934979916" lon="2.5189409404993057">
        <ele>37.71</ele>
      </trkpt>
      <trkpt lat="48.83447393774986" lon="2.5190039724111557">
        <ele>37.82</ele>
      </trkpt>
      <trkpt lat="48.83438399992883" lon="2.5190369971096516">
        <ele>37.93</ele>
      </trkpt>
      <trkpt lat="48.83436396718025" lon="2.519028950482607">
        <ele>38.01</ele>
      </trkpt>
      <trkpt lat="48.834367990493774" lon="2.5189769826829433">
        <ele>38.06</ele>
      </trkpt>
      <trkpt lat="48.83427981287241" lon="2.5187459774315357">
        <ele>38.06</ele>
      </trkpt>
      <trkpt lat="48.83419197052717" lon="2.5185159780085087">
        <ele>38.03</ele>
      </trkpt>
      <trkpt lat="48.8341629691422" lon="2.518312968313694">
        <ele>38.05</ele>
      </trkpt>
      <trkpt lat="48.83418065495789" lon="2.517852382734418">
        <ele>38.04</ele>
      </trkpt>
      <trkpt lat="48.834198424592614" lon="2.517391797155142">
        <ele>37.99</ele>
      </trkpt>
      <trkpt lat="48.83421594277024" lon="2.516934983432293">
        <ele>38.03</ele>
      </trkpt>
      <trkpt lat="48.83422298356891" lon="2.516722921282053">
        <ele>38.09</ele>
      </trkpt>
      <trkpt lat="48.83418099023402" lon="2.516507925465703">
        <ele>38.12</ele>
      </trkpt>
      <trkpt lat="48.83426799438894" lon="2.516580931842327">
        <ele>38.07</ele>
      </trkpt>
      <trkpt lat="48.834523893892765" lon="2.5166329834610224">
        <ele>38.03</ele>
      </trkpt>
      <trkpt lat="48.834779961034656" lon="2.516684951260686">
        <ele>37.98</ele>
      </trkpt>
      <trkpt lat="48.834803933277726" lon="2.5167119409888983">
        <ele>37.93</ele>
      </trkpt>
      <trkpt lat="48.834820948541164" lon="2.516813948750496">
        <ele>37.87</ele>
      </trkpt>
      <trkpt lat="48.834975929930806" lon="2.5167109351605177">
        <ele>37.82</ele>
      </trkpt>
      <trkpt lat="48.835209952667356" lon="2.516593923792243">
        <ele>37.71</ele>
      </trkpt>
      <trkpt lat="48.835424948483706" lon="2.516494933515787">
        <ele>37.63</ele>
      </trkpt>
      <trkpt lat="48.83564556017518" lon="2.5164449773728848">
        <ele>37.53</ele>
      </trkpt>
      <trkpt lat="48.83586625568569" lon="2.5163949374109507">
        <ele>37.49</ele>
      </trkpt>
      <trkpt lat="48.836086951196194" lon="2.5163449812680483">
        <ele>37.54</ele>
      </trkpt>
      <trkpt lat="48.83627152070403" lon="2.516251439228654">
        <ele>37.58</ele>
      </trkpt>
      <trkpt lat="48.836455922573805" lon="2.5161579810082912">
        <ele>37.64</ele>
      </trkpt>
      <trkpt lat="48.83665398694575" lon="2.515996964648366">
        <ele>37.59</ele>
      </trkpt>
      <trkpt lat="48.83688524365425" lon="2.51567711122334">
        <ele>37.63</ele>
      </trkpt>
      <trkpt lat="48.837115997448564" lon="2.515357928350568">
        <ele>37.73</ele>
      </trkpt>
      <trkpt lat="48.83729889057577" lon="2.515054503455758">
        <ele>37.92</ele>
      </trkpt>
      <trkpt lat="48.83748178370297" lon="2.5147510785609484">
        <ele>38.05</ele>
      </trkpt>
      <trkpt lat="48.83766392245889" lon="2.514448994770646">
        <ele>38.09</ele>
      </trkpt>
      <trkpt lat="48.837829967960715" lon="2.5142179895192385">
        <ele>38.15</ele>
      </trkpt>
      <trkpt lat="48.83807346224785" lon="2.5139384530484676">
        <ele>38.26</ele>
      </trkpt>
      <trkpt lat="48.83831687271595" lon="2.5136590003967285">
        <ele>38.32</ele>
      </trkpt>
      <trkpt lat="48.83856036700308" lon="2.5133794639259577">
        <ele>38.33</ele>
      </trkpt>
      <trkpt lat="48.83880293928087" lon="2.5131009332835674">
        <ele>38.43</ele>
      </trkpt>
      <trkpt lat="48.83904199115932" lon="2.5129139330238104">
        <ele>38.54</ele>
      </trkpt>
      <trkpt lat="48.83928095921874" lon="2.5127835106104612">
        <ele>38.63</ele>
      </trkpt>
      <trkpt lat="48.83952001109719" lon="2.512653088197112">
        <ele>38.64</ele>
      </trkpt>
      <trkpt lat="48.839759062975645" lon="2.512522665783763">
        <ele>38.65</ele>
      </trkpt>
      <trkpt lat="48.8399981148541" lon="2.512392243370414">
        <ele>38.69</ele>
      </trkpt>
      <trkpt lat="48.840236999094486" lon="2.512261988595128">
        <ele>38.78</ele>
      </trkpt>
      <trkpt lat="48.840512512251735" lon="2.512104408815503">
        <ele>38.84</ele>
      </trkpt>
      <trkpt lat="48.84078794158995" lon="2.5119469966739416">
        <ele>38.93</ele>
      </trkpt>
      <trkpt lat="48.84103696793318" lon="2.5118559692054987">
        <ele>38.96</ele>
      </trkpt>
      <trkpt lat="48.841344164684415" lon="2.511757230386138">
        <ele>38.92</ele>
      </trkpt>
      <trkpt lat="48.84165144525468" lon="2.5116584915667772">
        <ele>38.87</ele>
      </trkpt>
      <trkpt lat="48.84195864200592" lon="2.5115597527474165">
        <ele>38.83</ele>
      </trkpt>
      <trkpt lat="48.84226592257619" lon="2.511460930109024">
        <ele>38.82</ele>
      </trkpt>
      <trkpt lat="48.84232199750841" lon="2.5114369578659534">
        <ele>38.8</ele>
      </trkpt>
      <trkpt lat="48.84239198639989" lon="2.5114189367741346">
        <ele>38.79</ele>
      </trkpt>
      <trkpt lat="48.842641934752464" lon="2.511338973417878">
        <ele>38.82</ele>
      </trkpt>
      <trkpt lat="48.84289196692407" lon="2.51125892624259">
        <ele>38.85</ele>
      </trkpt>
      <trkpt lat="48.84310528635979" lon="2.5111659709364176">
        <ele>38.85</ele>
      </trkpt>
      <trkpt lat="48.8433186057955" lon="2.5110729318112135">
        <ele>38.82</ele>
      </trkpt>
      <trkpt lat="48.84353192523122" lon="2.510979976505041">
        <ele>38.77</ele>
      </trkpt>
      <trkpt lat="48.843690007925034" lon="2.5109094846993685">
        <ele>38.72</ele>
      </trkpt>
      <trkpt lat="48.843847922980785" lon="2.510838992893696">
        <ele>38.72</ele>
      </trkpt>
      <trkpt lat="48.84408663958311" lon="2.5108131766319275">
        <ele>38.74</ele>
      </trkpt>
      <trkpt lat="48.844325356185436" lon="2.510787444189191">
        <ele>38.76</ele>
      </trkpt>
      <trkpt lat="48.84456407278776" lon="2.5107617117464542">
        <ele>38.67</ele>
      </trkpt>
      <trkpt lat="48.84480295702815" lon="2.5107359793037176">
        <ele>38.49</ele>
      </trkpt>
      <trkpt lat="48.84496992453933" lon="2.510688453912735">
        <ele>38.39</ele>
      </trkpt>
      <trkpt lat="48.845136975869536" lon="2.5106409285217524">
        <ele>38.29</ele>
      </trkpt>
      <trkpt lat="48.84532146155834" lon="2.510637491941452">
        <ele>38.2</ele>
      </trkpt>
      <trkpt lat="48.84550594724715" lon="2.51063397154212">
        <ele>38.15</ele>
      </trkpt>
      <trkpt lat="48.84561298415065" lon="2.5106459576636553">
        <ele>38.07</ele>
      </trkpt>
      <trkpt lat="48.84586293250322" lon="2.5106689240783453">
        <ele>38.04</ele>
      </trkpt>
      <trkpt lat="48.8461128808558" lon="2.510691974312067">
        <ele>37.9</ele>
      </trkpt>
      <trkpt lat="48.84636299684644" lon="2.510714940726757">
        <ele>37.79</ele>
      </trkpt>
      <trkpt lat="48.846606239676476" lon="2.5107486359775066">
        <ele>37.7</ele>
      </trkpt>
      <trkpt lat="48.846849566325545" lon="2.5107822474092245">
        <ele>37.63</ele>
      </trkpt>
      <trkpt lat="48.84709297679365" lon="2.510815942659974">
        <ele>37.55</ele>
      </trkpt>
      <trkpt lat="48.84731727652252" lon="2.510891631245613">
        <ele>37.43</ele>
      </trkpt>
      <trkpt lat="48.84754157625139" lon="2.510967319831252">
        <ele>37.3</ele>
      </trkpt>
      <trkpt lat="48.84776595979929" lon="2.5110429245978594">
        <ele>37.19</ele>
      </trkpt>
      <trkpt lat="48.847994953393936" lon="2.511144932359457">
        <ele>37.13</ele>
      </trkpt>
      <trkpt lat="48.84822394698858" lon="2.5112469401210546">
        <ele>37.09</ele>
      </trkpt>
      <trkpt lat="48.84850348345935" lon="2.5114124827086926">
        <ele>36.99</ele>
      </trkpt>
      <trkpt lat="48.84878293611109" lon="2.5115779414772987">
        <ele>36.87</ele>
      </trkpt>
      <trkpt lat="48.84899298660457" lon="2.511713979765773">
        <ele>36.83</ele>
      </trkpt>
      <trkpt lat="48.849233631044626" lon="2.511937106028199">
        <ele>36.95</ele>
      </trkpt>
      <trkpt lat="48.849473940208554" lon="2.5121599808335304">
        <ele>37.06</ele>
      </trkpt>
      <trkpt lat="48.84971114806831" lon="2.5124196521937847">
        <ele>37.18</ele>
      </trkpt>
      <trkpt lat="48.849947936832905" lon="2.512678988277912">
        <ele>37.26</ele>
      </trkpt>
      <trkpt lat="48.85015815496445" lon="2.5129156932234764">
        <ele>37.35</ele>
      </trkpt>
      <trkpt lat="48.85036795400083" lon="2.513151979073882">
        <ele>37.5</ele>
      </trkpt>
      <trkpt lat="48.85051991790533" lon="2.5132119935005903">
        <ele>37.7</ele>
      </trkpt>
      <trkpt lat="48.85058294981718" lon="2.5133359618484974">
        <ele>37.92</ele>
      </trkpt>
      <trkpt lat="48.85064397007227" lon="2.5133959762752056">
        <ele>38.17</ele>
      </trkpt>
      <trkpt lat="48.85086097754538" lon="2.513465965166688">
        <ele>38.48</ele>
      </trkpt>
      <trkpt lat="48.85107798501849" lon="2.5135359540581703">
        <ele>38.85</ele>
      </trkpt>
      <trkpt lat="48.851107992231846" lon="2.513571996241808">
        <ele>39.2</ele>
      </trkpt>
      <trkpt lat="48.851190973073244" lon="2.5137979723513126">
        <ele>39.55</ele>
      </trkpt>
      <trkpt lat="48.85135693475604" lon="2.5137459207326174">
        <ele>40.04</ele>
      </trkpt>
      <trkpt lat="48.851387947797775" lon="2.513799984008074">
        <ele>40.45</ele>
      </trkpt>
      <trkpt lat="48.85145944543183" lon="2.514162501320243">
        <ele>40.89</ele>
      </trkpt>
      <trkpt lat="48.85153094306588" lon="2.5145251024514437">
        <ele>41.35</ele>
      </trkpt>
      <trkpt lat="48.851601937785745" lon="2.514884937554598">
        <ele>41.81</ele>
      </trkpt>
      <trkpt lat="48.85162599384785" lon="2.515002954751253">
        <ele>42.26</ele>
      </trkpt>
      <trkpt lat="48.851687936112285" lon="2.5150819960981607">
        <ele>42.72</ele>
      </trkpt>
      <trkpt lat="48.851749962195754" lon="2.5154289230704308">
        <ele>43.15</ele>
      </trkpt>
      <trkpt lat="48.851752979680896" lon="2.5154449325054884">
        <ele>43.59</ele>
      </trkpt>
      <trkpt lat="48.851816933602095" lon="2.515498995780945">
        <ele>44.04</ele>
      </trkpt>
      <trkpt lat="48.851880971342325" lon="2.5158709846436977">
        <ele>44.49</ele>
      </trkpt>
      <trkpt lat="48.851939560845494" lon="2.51611003652215">
        <ele>44.91</ele>
      </trkpt>
      <trkpt lat="48.8519979827106" lon="2.51634799875319">
        <ele>45.34</ele>
      </trkpt>
      <trkpt lat="48.85199597105384" lon="2.516446989029646">
        <ele>45.69</ele>
      </trkpt>
      <trkpt lat="48.8520859926939" lon="2.516727950423956">
        <ele>46.04</ele>
      </trkpt>
      <trkpt lat="48.85214173234999" lon="2.5171347241848707">
        <ele>46.43</ele>
      </trkpt>
      <trkpt lat="48.852197555825114" lon="2.517541414126754">
        <ele>46.74</ele>
      </trkpt>
      <trkpt lat="48.85225296020508" lon="2.5179449189454317">
        <ele>47.04</ele>
      </trkpt>
      <trkpt lat="48.85229201987386" lon="2.518231747671962">
        <ele>47.2</ele>
      </trkpt>
      <trkpt lat="48.852330995723605" lon="2.5185169838368893">
        <ele>47.27</ele>
      </trkpt>
      <trkpt lat="48.85230492800474" lon="2.5186479929834604">
        <ele>47.25</ele>
      </trkpt>
      <trkpt lat="48.85232294909656" lon="2.518802974373102">
        <ele>47.21</ele>
      </trkpt>
      <trkpt lat="48.8523589912802" lon="2.5190729554742575">
        <ele>47.05</ele>
      </trkpt>
      <trkpt lat="48.85236293077469" lon="2.5191009510308504">
        <ele>46.9</ele>
      </trkpt>
      <trkpt lat="48.852397967129946" lon="2.519230954349041">
        <ele>46.68</ele>
      </trkpt>
      <trkpt lat="48.85243006981909" lon="2.5195082277059555">
        <ele>46.4</ele>
      </trkpt>
      <trkpt lat="48.852461921051145" lon="2.519783992320299">
        <ele>46.16</ele>
      </trkpt>
      <trkpt lat="48.852499052882195" lon="2.5201554782688618">
        <ele>45.84</ele>
      </trkpt>
      <trkpt lat="48.85253593325615" lon="2.5205249525606632">
        <ele>45.47</ele>
      </trkpt>
      <trkpt lat="48.85255395434797" lon="2.5206939317286015">
        <ele>45.05</ele>
      </trkpt>
      <trkpt lat="48.85258253663778" lon="2.5210564490407705">
        <ele>44.6</ele>
      </trkpt>
      <trkpt lat="48.852610951289535" lon="2.5214169546961784">
        <ele>44.05</ele>
      </trkpt>
      <trkpt lat="48.852631989866495" lon="2.5217515602707863">
        <ele>43.49</ele>
      </trkpt>
      <trkpt lat="48.85265311226249" lon="2.5220860820263624">
        <ele>42.98</ele>
      </trkpt>
      <trkpt lat="48.852673983201385" lon="2.5224179215729237">
        <ele>42.46</ele>
      </trkpt>
      <trkpt lat="48.852697033435106" lon="2.5226781796664">
        <ele>41.95</ele>
      </trkpt>
      <trkpt lat="48.852719999849796" lon="2.5229369290173054">
        <ele>41.47</ele>
      </trkpt>
      <trkpt lat="48.85276610031724" lon="2.5233497377485037">
        <ele>41.02</ele>
      </trkpt>
      <trkpt lat="48.85281220078468" lon="2.5237624626606703">
        <ele>40.59</ele>
      </trkpt>
      <trkpt lat="48.852857965976" lon="2.5241719186306">
        <ele>40.21</ele>
      </trkpt>
      <trkpt lat="48.852879675105214" lon="2.5245714001357555">
        <ele>39.87</ele>
      </trkpt>
      <trkpt lat="48.85290138423443" lon="2.5249707978218794">
        <ele>39.61</ele>
      </trkpt>
      <trkpt lat="48.852923177182674" lon="2.5253701955080032">
        <ele>39.47</ele>
      </trkpt>
      <trkpt lat="48.85294488631189" lon="2.525769593194127">
        <ele>39.32</ele>
      </trkpt>
      <trkpt lat="48.8529665954411" lon="2.5261690746992826">
        <ele>39.09</ele>
      </trkpt>
      <trkpt lat="48.85298796929419" lon="2.5265619345009327">
        <ele>38.85</ele>
      </trkpt>
      <trkpt lat="48.85303205810487" lon="2.526973821222782">
        <ele>38.69</ele>
      </trkpt>
      <trkpt lat="48.85307623073459" lon="2.5273857079446316">
        <ele>38.58</ele>
      </trkpt>
      <trkpt lat="48.85312031954527" lon="2.5277976784855127">
        <ele>38.43</ele>
      </trkpt>
      <trkpt lat="48.85316440835595" lon="2.528209565207362">
        <ele>38.23</ele>
      </trkpt>
      <trkpt lat="48.85320799425244" lon="2.5286159198731184">
        <ele>38.04</ele>
      </trkpt>
      <trkpt lat="48.85327412746847" lon="2.529002409428358">
        <ele>37.95</ele>
      </trkpt>
      <trkpt lat="48.85333992540836" lon="2.5293869711458683">
        <ele>37.9</ele>
      </trkpt>
      <trkpt lat="48.853443525731564" lon="2.529792571440339">
        <ele>37.91</ele>
      </trkpt>
      <trkpt lat="48.853547126054764" lon="2.53019817173481">
        <ele>37.92</ele>
      </trkpt>
      <trkpt lat="48.85364997200668" lon="2.5306009221822023">
        <ele>37.87</ele>
      </trkpt>
      <trkpt lat="48.85372465476394" lon="2.5309392996132374">
        <ele>37.76</ele>
      </trkpt>
      <trkpt lat="48.85379891842604" lon="2.5312759168446064">
        <ele>37.63</ele>
      </trkpt>
      <trkpt lat="48.85382054373622" lon="2.5315276253968477">
        <ele>37.52</ele>
      </trkpt>
      <trkpt lat="48.85384191758931" lon="2.5317779928445816">
        <ele>37.49</ele>
      </trkpt>
      <trkpt lat="48.85388994589448" lon="2.5321599561721087">
        <ele>37.47</ele>
      </trkpt>
      <trkpt lat="48.85390595532954" lon="2.5323299411684275">
        <ele>37.46</ele>
      </trkpt>
      <trkpt lat="48.85393596254289" lon="2.532659936696291">
        <ele>37.44</ele>
      </trkpt>
      <trkpt lat="48.853962533175945" lon="2.5330665428191423">
        <ele>37.44</ele>
      </trkpt>
      <trkpt lat="48.853988936170936" lon="2.533470969647169">
        <ele>37.5</ele>
      </trkpt>
      <trkpt lat="48.85400494560599" lon="2.5338469818234444">
        <ele>37.52</ele>
      </trkpt>
      <trkpt lat="48.85401651263237" lon="2.5341317150741816">
        <ele>37.58</ele>
      </trkpt>
      <trkpt lat="48.854027995839715" lon="2.534414939582348">
        <ele>37.62</ele>
      </trkpt>
      <trkpt lat="48.85404693894088" lon="2.5347519759088755">
        <ele>37.65</ele>
      </trkpt>
      <trkpt lat="48.85408876463771" lon="2.535097226500511">
        <ele>37.7</ele>
      </trkpt>
      <trkpt lat="48.8541305065155" lon="2.535442477092147">
        <ele>37.74</ele>
      </trkpt>
      <trkpt lat="48.8541719969362" lon="2.535784961655736">
        <ele>37.77</ele>
      </trkpt>
      <trkpt lat="48.854216085746884" lon="2.536148903891444">
        <ele>37.78</ele>
      </trkpt>
      <trkpt lat="48.85425992310047" lon="2.536510918289423">
        <ele>37.84</ele>
      </trkpt>
      <trkpt lat="48.85419295169413" lon="2.536528939381242">
        <ele>37.88</ele>
      </trkpt>
      <trkpt lat="48.854025984182954" lon="2.536571938544512">
        <ele>37.92</ele>
      </trkpt>
      <trkpt lat="48.8539579231292" lon="2.5366459507495165">
        <ele>37.98</ele>
      </trkpt>
      <trkpt lat="48.85393294505775" lon="2.5368459429591894">
        <ele>38.05</ele>
      </trkpt>
      <trkpt lat="48.85400092229247" lon="2.5370049476623535">
        <ele>38.14</ele>
      </trkpt>
      <trkpt lat="48.85404299944639" lon="2.537215920165181">
        <ele>38.27</ele>
      </trkpt>
      <trkpt lat="48.85408256202936" lon="2.5376169942319393">
        <ele>38.36</ele>
      </trkpt>
      <trkpt lat="48.85412195697427" lon="2.5380159728229046">
        <ele>38.46</ele>
      </trkpt>
      <trkpt lat="48.85416738688946" lon="2.53833482041955">
        <ele>38.56</ele>
      </trkpt>
      <trkpt lat="48.85421290062368" lon="2.5386535841971636">
        <ele>38.64</ele>
      </trkpt>
      <trkpt lat="48.85425799526274" lon="2.5389699172228575">
        <ele>38.72</ele>
      </trkpt>
      <trkpt lat="48.854304095730186" lon="2.5392917823046446">
        <ele>38.76</ele>
      </trkpt>
      <trkpt lat="48.85435019619763" lon="2.5396136473864317">
        <ele>38.89</ele>
      </trkpt>
      <trkpt lat="48.854395961388946" lon="2.5399329978972673">
        <ele>39.05</ele>
      </trkpt>
      <trkpt lat="48.85444792918861" lon="2.5403637439012527">
        <ele>39.21</ele>
      </trkpt>
      <trkpt lat="48.85449989698827" lon="2.54079457372427">
        <ele>39.28</ele>
      </trkpt>
      <trkpt lat="48.854551864787936" lon="2.541225403547287">
        <ele>39.36</ele>
      </trkpt>
      <trkpt lat="48.8546038325876" lon="2.5416561495512724">
        <ele>39.4</ele>
      </trkpt>
      <trkpt lat="48.85465580038726" lon="2.5420869793742895">
        <ele>39.45</ele>
      </trkpt>
      <trkpt lat="48.85470692999661" lon="2.542510936036706">
        <ele>39.49</ele>
      </trkpt>
      <trkpt lat="48.85476551949978" lon="2.542958529666066">
        <ele>39.4</ele>
      </trkpt>
      <trkpt lat="48.854824025183916" lon="2.5434060394763947">
        <ele>39.44</ele>
      </trkpt>
      <trkpt lat="48.85488253086805" lon="2.543853633105755">
        <ele>39.5</ele>
      </trkpt>
      <trkpt lat="48.85494112037122" lon="2.5443011429160833">
        <ele>39.57</ele>
      </trkpt>
      <trkpt lat="48.85499962605536" lon="2.544748652726412">
        <ele>39.55</ele>
      </trkpt>
      <trkpt lat="48.8550581317395" lon="2.545196246355772">
        <ele>39.53</ele>
      </trkpt>
      <trkpt lat="48.855116721242666" lon="2.5456437561661005">
        <ele>39.46</ele>
      </trkpt>
      <trkpt lat="48.85517396964133" lon="2.5460819620639086">
        <ele>39.39</ele>
      </trkpt>
      <trkpt lat="48.855206994339824" lon="2.546411957591772">
        <ele>39.32</ele>
      </trkpt>
      <trkpt lat="48.855187967419624" lon="2.5465379375964403">
        <ele>39.24</ele>
      </trkpt>
      <trkpt lat="48.85515695437789" lon="2.5465829484164715">
        <ele>39.16</ele>
      </trkpt>
      <trkpt lat="48.85499878786504" lon="2.546815713867545">
        <ele>39.07</ele>
      </trkpt>
      <trkpt lat="48.85484095662832" lon="2.5470479764044285">
        <ele>38.95</ele>
      </trkpt>
      <trkpt lat="48.85478898882866" lon="2.5470629800111055">
        <ele>38.83</ele>
      </trkpt>
      <trkpt lat="48.85481681674719" lon="2.5474682450294495">
        <ele>38.64</ele>
      </trkpt>
      <trkpt lat="48.85484472848475" lon="2.5478735100477934">
        <ele>38.5</ele>
      </trkpt>
      <trkpt lat="48.85487255640328" lon="2.548278858885169">
        <ele>38.35</ele>
      </trkpt>
      <trkpt lat="48.85490046814084" lon="2.548684123903513">
        <ele>38.24</ele>
      </trkpt>
      <trkpt lat="48.85492796078324" lon="2.5490839406847954">
        <ele>38.15</ele>
      </trkpt>
      <trkpt lat="48.85492737405002" lon="2.5495186261832714">
        <ele>38.01</ele>
      </trkpt>
      <trkpt lat="48.8549267873168" lon="2.5499533116817474">
        <ele>37.88</ele>
      </trkpt>
      <trkpt lat="48.85492620058358" lon="2.5503879971802235">
        <ele>37.75</ele>
      </trkpt>
      <trkpt lat="48.854925613850355" lon="2.5508226826786995">
        <ele>37.68</ele>
      </trkpt>
      <trkpt lat="48.85492502711713" lon="2.5512573681771755">
        <ele>37.59</ele>
      </trkpt>
      <trkpt lat="48.85492435656488" lon="2.5516920536756516">
        <ele>37.54</ele>
      </trkpt>
      <trkpt lat="48.85492376983166" lon="2.5521267391741276">
        <ele>37.42</ele>
      </trkpt>
      <trkpt lat="48.854923183098435" lon="2.5525615084916353">
        <ele>37.32</ele>
      </trkpt>
      <trkpt lat="48.85492259636521" lon="2.5529961939901114">
        <ele>37.28</ele>
      </trkpt>
      <trkpt lat="48.85492192581296" lon="2.553418977186084">
        <ele>37.23</ele>
      </trkpt>
      <trkpt lat="48.85494195856154" lon="2.5537689216434956">
        <ele>37.19</ele>
      </trkpt>
      <trkpt lat="48.85503516532481" lon="2.554107718169689">
        <ele>37.14</ele>
      </trkpt>
      <trkpt lat="48.855127952992916" lon="2.55444492213428">
        <ele>37.12</ele>
      </trkpt>
      <trkpt lat="48.85522593744099" lon="2.554710963740945">
        <ele>37.16</ele>
      </trkpt>
      <trkpt lat="48.855333141982555" lon="2.554924786090851">
        <ele>37.17</ele>
      </trkpt>
      <trkpt lat="48.85543992742896" lon="2.555137937888503">
        <ele>37.19</ele>
      </trkpt>
      <trkpt lat="48.85556196793914" lon="2.5553459767252207">
        <ele>37.24</ele>
      </trkpt>
      <trkpt lat="48.855718709528446" lon="2.5556012894958258">
        <ele>37.26</ele>
      </trkpt>
      <trkpt lat="48.855874948203564" lon="2.555855931714177">
        <ele>37.32</ele>
      </trkpt>
      <trkpt lat="48.856004951521754" lon="2.5560699217021465">
        <ele>37.39</ele>
      </trkpt>
      <trkpt lat="48.856198992580175" lon="2.5563349574804306">
        <ele>37.46</ele>
      </trkpt>
      <trkpt lat="48.85642798617482" lon="2.556586917489767">
        <ele>37.41</ele>
      </trkpt>
      <trkpt lat="48.85658707469702" lon="2.556750113144517">
        <ele>37.37</ele>
      </trkpt>
      <trkpt lat="48.85674599558115" lon="2.55691297352314">
        <ele>37.33</ele>
      </trkpt>
      <trkpt lat="48.856886979192495" lon="2.5570149812847376">
        <ele>37.32</ele>
      </trkpt>
      <trkpt lat="48.857038440182805" lon="2.557083461433649">
        <ele>37.33</ele>
      </trkpt>
      <trkpt lat="48.85718998499215" lon="2.5571519415825605">
        <ele>37.37</ele>
      </trkpt>
      <trkpt lat="48.85734396055341" lon="2.5571689568459988">
        <ele>37.42</ele>
      </trkpt>
      <trkpt lat="48.85753741487861" lon="2.5571174919605255">
        <ele>37.48</ele>
      </trkpt>
      <trkpt lat="48.85773095302284" lon="2.5570659432560205">
        <ele>37.53</ele>
      </trkpt>
      <trkpt lat="48.85789196938276" lon="2.5570909213274717">
        <ele>37.57</ele>
      </trkpt>
      <trkpt lat="48.85802096687257" lon="2.557187983766198">
        <ele>37.59</ele>
      </trkpt>
      <trkpt lat="48.858195059001446" lon="2.5573760736733675">
        <ele>37.62</ele>
      </trkpt>
      <trkpt lat="48.858368983492255" lon="2.5575639959424734">
        <ele>37.67</ele>
      </trkpt>
      <trkpt lat="48.85846193879843" lon="2.5576859526336193">
        <ele>37.74</ele>
      </trkpt>
      <trkpt lat="48.85859261266887" lon="2.557874210178852">
        <ele>37.81</ele>
      </trkpt>
      <trkpt lat="48.85872295126319" lon="2.5580619648098946">
        <ele>37.87</ele>
      </trkpt>
      <trkpt lat="48.858921099454165" lon="2.55828064866364">
        <ele>37.94</ele>
      </trkpt>
      <trkpt lat="48.859118996188045" lon="2.5584989972412586">
        <ele>38.01</ele>
      </trkpt>
      <trkpt lat="48.85924397036433" lon="2.5585909467190504">
        <ele>38.09</ele>
      </trkpt>
      <trkpt lat="48.85941043496132" lon="2.5586694851517677">
        <ele>38.2</ele>
      </trkpt>
      <trkpt lat="48.85957698337734" lon="2.5587479397654533">
        <ele>38.32</ele>
      </trkpt>
      <trkpt lat="48.85979692451656" lon="2.558917924761772">
        <ele>38.43</ele>
      </trkpt>
      <trkpt lat="48.8599450327456" lon="2.559047006070614">
        <ele>38.5</ele>
      </trkpt>
      <trkpt lat="48.86009297333658" lon="2.559175919741392">
        <ele>38.58</ele>
      </trkpt>
      <trkpt lat="48.86027242988348" lon="2.5593837909400463">
        <ele>38.64</ele>
      </trkpt>
      <trkpt lat="48.860451970249414" lon="2.5595916621387005">
        <ele>38.71</ele>
      </trkpt>
      <trkpt lat="48.86063092388213" lon="2.5597989466041327">
        <ele>38.8</ele>
      </trkpt>
      <trkpt lat="48.860751958563924" lon="2.559906989336014">
        <ele>38.86</ele>
      </trkpt>
      <trkpt lat="48.86090870015323" lon="2.560208486393094">
        <ele>38.9</ele>
      </trkpt>
      <trkpt lat="48.86106493882835" lon="2.5605089776217937">
        <ele>38.9</ele>
      </trkpt>
      <trkpt lat="48.86125026270747" lon="2.5608645379543304">
        <ele>38.92</ele>
      </trkpt>
      <trkpt lat="48.86143499985337" lon="2.561218924820423">
        <ele>38.96</ele>
      </trkpt>
      <trkpt lat="48.86159274727106" lon="2.5615138839930296">
        <ele>38.96</ele>
      </trkpt>
      <trkpt lat="48.86174999177456" lon="2.561807921156287">
        <ele>39.0</ele>
      </trkpt>
      <trkpt lat="48.861869936808944" lon="2.5620289519429207">
        <ele>39.01</ele>
      </trkpt>
      <trkpt lat="48.862002957612276" lon="2.562280995771289">
        <ele>38.98</ele>
      </trkpt>
      <trkpt lat="48.862121645361185" lon="2.5625057984143496">
        <ele>38.91</ele>
      </trkpt>
      <trkpt lat="48.86223999783397" lon="2.5627299305051565">
        <ele>38.91</ele>
      </trkpt>
      <trkpt lat="48.86234410107136" lon="2.562931766733527">
        <ele>38.89</ele>
      </trkpt>
      <trkpt lat="48.86244795285165" lon="2.563132932409644">
        <ele>38.86</ele>
      </trkpt>
      <trkpt lat="48.86252095922828" lon="2.5632049329578876">
        <ele>38.85</ele>
      </trkpt>
      <trkpt lat="48.86261399835348" lon="2.56320895627141">
        <ele>38.86</ele>
      </trkpt>
      <trkpt lat="48.86279094032943" lon="2.5630509573966265">
        <ele>38.87</ele>
      </trkpt>
      <trkpt lat="48.86293460614979" lon="2.5628757756203413">
        <ele>38.86</ele>
      </trkpt>
      <trkpt lat="48.863077936694026" lon="2.562700929120183">
        <ele>38.85</ele>
      </trkpt>
      <trkpt lat="48.8631119672209" lon="2.5626619532704353">
        <ele>38.84</ele>
      </trkpt>
      <trkpt lat="48.86301599442959" lon="2.5624899566173553">
        <ele>38.88</ele>
      </trkpt>
      <trkpt lat="48.86295195668936" lon="2.562569919973612">
        <ele>38.92</ele>
      </trkpt>
      <trkpt lat="48.86312194168568" lon="2.5628819782286882">
        <ele>38.87</ele>
      </trkpt>
      <trkpt lat="48.86326518841088" lon="2.5631383806467056">
        <ele>38.88</ele>
      </trkpt>
      <trkpt lat="48.86340843513608" lon="2.5633946992456913">
        <ele>38.92</ele>
      </trkpt>
      <trkpt lat="48.863550927489996" lon="2.5636499281972647">
        <ele>38.96</ele>
      </trkpt>
      <trkpt lat="48.86367799714208" lon="2.5637859664857388">
        <ele>39.01</ele>
      </trkpt>
      <trkpt lat="48.86380213312805" lon="2.564008254557848">
        <ele>39.08</ele>
      </trkpt>
      <trkpt lat="48.86392593383789" lon="2.564229955896735">
        <ele>39.15</ele>
      </trkpt>
      <trkpt lat="48.864023918285966" lon="2.5644419342279434">
        <ele>39.24</ele>
      </trkpt>
      <trkpt lat="48.86413699015975" lon="2.5646109972149134">
        <ele>39.3</ele>
      </trkpt>
      <trkpt lat="48.86429498903453" lon="2.564943926408887">
        <ele>39.4</ele>
      </trkpt>
      <trkpt lat="48.86440395377576" lon="2.565238969400525">
        <ele>39.47</ele>
      </trkpt>
      <trkpt lat="48.86455868370831" lon="2.5655574817210436">
        <ele>39.56</ele>
      </trkpt>
      <trkpt lat="48.8647129945457" lon="2.5658749882131815">
        <ele>39.64</ele>
      </trkpt>
      <trkpt lat="48.864731937646866" lon="2.5659159757196903">
        <ele>39.71</ele>
      </trkpt>
      <trkpt lat="48.86475993320346" lon="2.5659669376909733">
        <ele>39.79</ele>
      </trkpt>
      <trkpt lat="48.86482598260045" lon="2.566014965996146">
        <ele>39.86</ele>
      </trkpt>
      <trkpt lat="48.86487199924886" lon="2.5660059973597527">
        <ele>39.92</ele>
      </trkpt>
      <trkpt lat="48.864965960383415" lon="2.565913964062929">
        <ele>39.95</ele>
      </trkpt>
      <trkpt lat="48.86499898508191" lon="2.5658449809998274">
        <ele>39.99</ele>
      </trkpt>
      <trkpt lat="48.8649579975754" lon="2.565835928544402">
        <ele>40.03</ele>
      </trkpt>
      <trkpt lat="48.86491692624986" lon="2.5658269599080086">
        <ele>40.07</ele>
      </trkpt>
      <trkpt lat="48.86484593153" lon="2.5658189970999956">
        <ele>40.1</ele>
      </trkpt>
      <trkpt lat="48.86475398205221" lon="2.565866941586137">
        <ele>40.12</ele>
      </trkpt>
      <trkpt lat="48.86459782719612" lon="2.566015552729368">
        <ele>40.17</ele>
      </trkpt>
      <trkpt lat="48.86444192379713" lon="2.566163996234536">
        <ele>40.21</ele>
      </trkpt>
      <trkpt lat="48.86423380114138" lon="2.566362312063575">
        <ele>40.21</ele>
      </trkpt>
      <trkpt lat="48.86402567848563" lon="2.566560711711645">
        <ele>40.24</ele>
      </trkpt>
      <trkpt lat="48.86381755582988" lon="2.5667591113597155">
        <ele>40.2</ele>
      </trkpt>
      <trkpt lat="48.863609936088324" lon="2.566956924274564">
        <ele>40.15</ele>
      </trkpt>
      <trkpt lat="48.863587975502014" lon="2.567018950358033">
        <ele>40.14</ele>
      </trkpt>
      <trkpt lat="48.86360398493707" lon="2.5670839939266443">
        <ele>40.12</ele>
      </trkpt>
      <trkpt lat="48.863631980493665" lon="2.5671139173209667">
        <ele>40.1</ele>
      </trkpt>
      <trkpt lat="48.8636629935354" lon="2.567069996148348">
        <ele>40.09</ele>
      </trkpt>
      <trkpt lat="48.86360398493707" lon="2.566998917609453">
        <ele>40.07</ele>
      </trkpt>
      <trkpt lat="48.863546987995505" lon="2.5670229736715555">
        <ele>40.05</ele>
      </trkpt>
      <trkpt lat="48.863588981330395" lon="2.567130932584405">
        <ele>40.03</ele>
      </trkpt>
      <trkpt lat="48.86366693302989" lon="2.5673319306224585">
        <ele>40.0</ele>
      </trkpt>
      <trkpt lat="48.86376466602087" lon="2.5676476769149303">
        <ele>39.95</ele>
      </trkpt>
      <trkpt lat="48.86386197991669" lon="2.567961998283863">
        <ele>39.95</ele>
      </trkpt>
      <trkpt lat="48.86390699073672" lon="2.56825796328485">
        <ele>39.94</ele>
      </trkpt>
      <trkpt lat="48.86398896574974" lon="2.568545965477824">
        <ele>39.92</ele>
      </trkpt>
      <trkpt lat="48.8640446215868" lon="2.5688306987285614">
        <ele>39.92</ele>
      </trkpt>
      <trkpt lat="48.86409994214773" lon="2.5691139232367277">
        <ele>39.96</ele>
      </trkpt>
      <trkpt lat="48.86415861546993" lon="2.5693981535732746">
        <ele>39.99</ele>
      </trkpt>
      <trkpt lat="48.86421695351601" lon="2.5696809589862823">
        <ele>40.01</ele>
      </trkpt>
      <trkpt lat="48.86427487246692" lon="2.5700363516807556">
        <ele>40.04</ele>
      </trkpt>
      <trkpt lat="48.86433279141784" lon="2.570391744375229">
        <ele>40.1</ele>
      </trkpt>
      <trkpt lat="48.86439062654972" lon="2.570747220888734">
        <ele>40.15</ele>
      </trkpt>
      <trkpt lat="48.864447958767414" lon="2.5710989255458117">
        <ele>40.22</ele>
      </trkpt>
      <trkpt lat="48.864516438916326" lon="2.5714290887117386">
        <ele>40.29</ele>
      </trkpt>
      <trkpt lat="48.86458500288427" lon="2.5717592518776655">
        <ele>40.34</ele>
      </trkpt>
      <trkpt lat="48.86465298011899" lon="2.5720869842916727">
        <ele>40.31</ele>
      </trkpt>
      <trkpt lat="48.86472816579044" lon="2.5724343303591013">
        <ele>40.23</ele>
      </trkpt>
      <trkpt lat="48.86480293236673" lon="2.572779916226864">
        <ele>40.15</ele>
      </trkpt>
      <trkpt lat="48.86483293958008" lon="2.573155928403139">
        <ele>40.2</ele>
      </trkpt>
      <trkpt lat="48.864895133301616" lon="2.573554487898946">
        <ele>40.26</ele>
      </trkpt>
      <trkpt lat="48.86495699174702" lon="2.5739509519189596">
        <ele>40.21</ele>
      </trkpt>
      <trkpt lat="48.8650066126138" lon="2.574257729575038">
        <ele>40.13</ele>
      </trkpt>
      <trkpt lat="48.86505598202348" lon="2.5745629984885454">
        <ele>40.04</ele>
      </trkpt>
      <trkpt lat="48.865053970366716" lon="2.574887964874506">
        <ele>40.0</ele>
      </trkpt>
      <trkpt lat="48.865028992295265" lon="2.575145959854126">
        <ele>39.95</ele>
      </trkpt>
      <trkpt lat="48.86501893401146" lon="2.575276969000697">
        <ele>39.92</ele>
      </trkpt>
      <trkpt lat="48.8648839853704" lon="2.57562599144876">
        <ele>39.9</ele>
      </trkpt>
      <trkpt lat="48.86484593153" lon="2.5757689867168665">
        <ele>39.84</ele>
      </trkpt>
      <trkpt lat="48.86484593153" lon="2.5761294085532427">
        <ele>39.73</ele>
      </trkpt>
      <trkpt lat="48.86484593153" lon="2.576487986370921">
        <ele>39.69</ele>
      </trkpt>
      <trkpt lat="48.864841908216476" lon="2.576861986890435">
        <ele>39.64</ele>
      </trkpt>
      <trkpt lat="48.864837968721986" lon="2.577233975753188">
        <ele>39.6</ele>
      </trkpt>
      <trkpt lat="48.86471894569695" lon="2.5775569304823875">
        <ele>39.64</ele>
      </trkpt>
      <trkpt lat="48.8646989967674" lon="2.577686933800578">
        <ele>39.6</ele>
      </trkpt>
      <trkpt lat="48.864705953747034" lon="2.578040985390544">
        <ele>39.59</ele>
      </trkpt>
      <trkpt lat="48.864731937646866" lon="2.578503917902708">
        <ele>39.55</ele>
      </trkpt>
      <trkpt lat="48.86479480192065" lon="2.578878588974476">
        <ele>39.45</ele>
      </trkpt>
      <trkpt lat="48.86485758237541" lon="2.579253176227212">
        <ele>39.36</ele>
      </trkpt>
      <trkpt lat="48.864919943735" lon="2.5796249974519014">
        <ele>39.3</ele>
      </trkpt>
      <trkpt lat="48.864965038374066" lon="2.579903192818165">
        <ele>39.17</ele>
      </trkpt>
      <trkpt lat="48.865009965375066" lon="2.580179963260889">
        <ele>39.11</ele>
      </trkpt>
      <trkpt lat="48.86504307389259" lon="2.580537451431155">
        <ele>39.02</ele>
      </trkpt>
      <trkpt lat="48.865075930953026" lon="2.58089292794466">
        <ele>38.94</ele>
      </trkpt>
      <trkpt lat="48.86508800089359" lon="2.5812857039272785">
        <ele>38.86</ele>
      </trkpt>
      <trkpt lat="48.86509998701513" lon="2.581678396090865">
        <ele>38.81</ele>
      </trkpt>
      <trkpt lat="48.86511197313666" lon="2.5820679869502783">
        <ele>38.72</ele>
      </trkpt>
      <trkpt lat="48.86509956791997" lon="2.5824299175292253">
        <ele>38.63</ele>
      </trkpt>
      <trkpt lat="48.86508724652231" lon="2.582791931927204">
        <ele>38.54</ele>
      </trkpt>
      <trkpt lat="48.865074925124645" lon="2.583150928840041">
        <ele>38.4</ele>
      </trkpt>
      <trkpt lat="48.86502094566822" lon="2.5834989454597235">
        <ele>38.27</ele>
      </trkpt>
      <trkpt lat="48.86495682410896" lon="2.5837761349976063">
        <ele>38.19</ele>
      </trkpt>
      <trkpt lat="48.86489295400679" lon="2.5840519834309816">
        <ele>38.11</ele>
      </trkpt>
      <trkpt lat="48.8647803850472" lon="2.5844602659344673">
        <ele>38.03</ele>
      </trkpt>
      <trkpt lat="48.864667816087604" lon="2.584868548437953">
        <ele>37.92</ele>
      </trkpt>
      <trkpt lat="48.86455591768026" lon="2.5852739810943604">
        <ele>37.83</ele>
      </trkpt>
      <trkpt lat="48.86448299512267" lon="2.5857139471918344">
        <ele>37.84</ele>
      </trkpt>
      <trkpt lat="48.864457430318" lon="2.5860553421080112">
        <ele>37.83</ele>
      </trkpt>
      <trkpt lat="48.86443194933236" lon="2.586394976824522">
        <ele>37.76</ele>
      </trkpt>
      <trkpt lat="48.86445248499513" lon="2.5867158360779285">
        <ele>37.69</ele>
      </trkpt>
      <trkpt lat="48.864472936838865" lon="2.587034935131669">
        <ele>37.67</ele>
      </trkpt>
      <trkpt lat="48.86451291851699" lon="2.58744397200644">
        <ele>37.71</ele>
      </trkpt>
      <trkpt lat="48.86447696015239" lon="2.5874819420278072">
        <ele>37.76</ele>
      </trkpt>
      <trkpt lat="48.86453898623586" lon="2.587805986404419">
        <ele>37.79</ele>
      </trkpt>
      <trkpt lat="48.86459397152066" lon="2.588142938911915">
        <ele>37.91</ele>
      </trkpt>
      <trkpt lat="48.8646300137043" lon="2.5883921328932047">
        <ele>37.98</ele>
      </trkpt>
      <trkpt lat="48.864665972068906" lon="2.588639985769987">
        <ele>38.08</ele>
      </trkpt>
      <trkpt lat="48.8647095579654" lon="2.5889918580651283">
        <ele>38.17</ele>
      </trkpt>
      <trkpt lat="48.864752976223826" lon="2.5893419701606035">
        <ele>38.27</ele>
      </trkpt>
      <trkpt lat="48.8648475240916" lon="2.5897228438407183">
        <ele>38.4</ele>
      </trkpt>
      <trkpt lat="48.864942071959376" lon="2.5901038013398647">
        <ele>38.5</ele>
      </trkpt>
      <trkpt lat="48.8650359492749" lon="2.5904819928109646">
        <ele>38.62</ele>
      </trkpt>
      <trkpt lat="48.86512882076204" lon="2.590851802378893">
        <ele>38.78</ele>
      </trkpt>
      <trkpt lat="48.86522169224918" lon="2.591221695765853">
        <ele>38.92</ele>
      </trkpt>
      <trkpt lat="48.8653139770031" lon="2.59158899076283">
        <ele>39.08</ele>
      </trkpt>
      <trkpt lat="48.86537281796336" lon="2.5919696129858494">
        <ele>39.21</ele>
      </trkpt>
      <trkpt lat="48.865431575104594" lon="2.592350235208869">
        <ele>39.41</ele>
      </trkpt>
      <trkpt lat="48.8654899969697" lon="2.5927279237657785">
        <ele>39.61</ele>
      </trkpt>
      <trkpt lat="48.86552897281945" lon="2.5928999204188585">
        <ele>39.75</ele>
      </trkpt>
      <trkpt lat="48.865592926740646" lon="2.592948954552412">
        <ele>39.88</ele>
      </trkpt>
      <trkpt lat="48.86559695005417" lon="2.592968987300992">
        <ele>40.0</ele>
      </trkpt>
      <trkpt lat="48.86565864086151" lon="2.5932441651821136">
        <ele>40.12</ele>
      </trkpt>
      <trkpt lat="48.86571999639273" lon="2.593517918139696">
        <ele>40.18</ele>
      </trkpt>
      <trkpt lat="48.86576894670725" lon="2.5937519408762455">
        <ele>40.25</ele>
      </trkpt>
      <trkpt lat="48.865888975560665" lon="2.5939489994198084">
        <ele>40.34</ele>
      </trkpt>
      <trkpt lat="48.86597480624914" lon="2.5944087468087673">
        <ele>40.5</ele>
      </trkpt>
      <trkpt lat="48.86606072075665" lon="2.594868578016758">
        <ele>40.62</ele>
      </trkpt>
      <trkpt lat="48.866145964711905" lon="2.5953249726444483">
        <ele>40.69</ele>
      </trkpt>
      <trkpt lat="48.86618041433394" lon="2.5956942792981863">
        <ele>40.83</ele>
      </trkpt>
      <trkpt lat="48.86621478013694" lon="2.5960635859519243">
        <ele>40.97</ele>
      </trkpt>
      <trkpt lat="48.86624897830188" lon="2.5964299589395523">
        <ele>41.1</ele>
      </trkpt>
      <trkpt lat="48.866316452622414" lon="2.5968386605381966">
        <ele>41.12</ele>
      </trkpt>
      <trkpt lat="48.866384010761976" lon="2.597247362136841">
        <ele>41.14</ele>
      </trkpt>
      <trkpt lat="48.86645098216832" lon="2.5976529624313116">
        <ele>41.15</ele>
      </trkpt>
      <trkpt lat="48.86643497273326" lon="2.597995949909091">
        <ele>41.2</ele>
      </trkpt>
      <trkpt lat="48.86638334020972" lon="2.5982796773314476">
        <ele>41.34</ele>
      </trkpt>
      <trkpt lat="48.86633195914328" lon="2.598561979830265">
        <ele>41.37</ele>
      </trkpt>
      <trkpt lat="48.86625627055764" lon="2.5989203061908484">
        <ele>41.4</ele>
      </trkpt>
      <trkpt lat="48.86618091724813" lon="2.5992769561707973">
        <ele>41.34</ele>
      </trkpt>
      <trkpt lat="48.866102965548635" lon="2.599530927836895">
        <ele>41.33</ele>
      </trkpt>
      <trkpt lat="48.86609399691224" lon="2.5995519664138556">
        <ele>41.34</ele>
      </trkpt>
      <trkpt lat="48.86596592143178" lon="2.599902916699648">
        <ele>41.35</ele>
      </trkpt>
      <trkpt lat="48.86587799526751" lon="2.6001509372144938">
        <ele>41.34</ele>
      </trkpt>
      <trkpt lat="48.865771712735295" lon="2.6005241833627224">
        <ele>41.38</ele>
      </trkpt>
      <trkpt lat="48.86566551402211" lon="2.6008973456919193">
        <ele>41.41</ele>
      </trkpt>
      <trkpt lat="48.8655592314899" lon="2.6012705080211163">
        <ele>41.33</ele>
      </trkpt>
      <trkpt lat="48.86545303277671" lon="2.601643670350313">
        <ele>41.23</ele>
      </trkpt>
      <trkpt lat="48.8653467502445" lon="2.602016916498542">
        <ele>41.28</ele>
      </trkpt>
      <trkpt lat="48.865241976454854" lon="2.602384965866804">
        <ele>41.39</ele>
      </trkpt>
      <trkpt lat="48.86513619683683" lon="2.6027367543429136">
        <ele>41.38</ele>
      </trkpt>
      <trkpt lat="48.865030920132995" lon="2.6030869502574205">
        <ele>41.3</ele>
      </trkpt>
      <trkpt lat="48.86495531536639" lon="2.603392219170928">
        <ele>41.24</ele>
      </trkpt>
      <trkpt lat="48.864879962056875" lon="2.6036959793418646">
        <ele>41.29</ele>
      </trkpt>
      <trkpt lat="48.86479907669127" lon="2.603995967656374">
        <ele>41.34</ele>
      </trkpt>
      <trkpt lat="48.864718275144696" lon="2.604296039789915">
        <ele>41.4</ele>
      </trkpt>
      <trkpt lat="48.86463797651231" lon="2.6045939326286316">
        <ele>41.48</ele>
      </trkpt>
      <trkpt lat="48.86455776169896" lon="2.6048986986279488">
        <ele>41.56</ele>
      </trkpt>
      <trkpt lat="48.86447754688561" lon="2.605203380808234">
        <ele>41.61</ele>
      </trkpt>
      <trkpt lat="48.86439791880548" lon="2.605505967512727">
        <ele>41.65</ele>
      </trkpt>
      <trkpt lat="48.86437998153269" lon="2.605535974726081">
        <ele>41.71</ele>
      </trkpt>
      <trkpt lat="48.864248218014836" lon="2.6058450154960155">
        <ele>41.71</ele>
      </trkpt>
      <trkpt lat="48.86411695741117" lon="2.606152966618538">
        <ele>41.72</ele>
      </trkpt>
      <trkpt lat="48.86393087916076" lon="2.606512298807502">
        <ele>41.82</ele>
      </trkpt>
      <trkpt lat="48.863744884729385" lon="2.6068716309964657">
        <ele>42.03</ele>
      </trkpt>
      <trkpt lat="48.86355880647898" lon="2.6072309631854296">
        <ele>42.08</ele>
      </trkpt>
      <trkpt lat="48.863373985514045" lon="2.6075879484415054">
        <ele>42.09</ele>
      </trkpt>
      <trkpt lat="48.86319595389068" lon="2.6079369708895683">
        <ele>42.15</ele>
      </trkpt>
      <trkpt lat="48.863080786541104" lon="2.608100166544318">
        <ele>42.27</ele>
      </trkpt>
      <trkpt lat="48.862965954467654" lon="2.6082629431039095">
        <ele>42.35</ele>
      </trkpt>
      <trkpt lat="48.86275372467935" lon="2.608562344685197">
        <ele>42.5</ele>
      </trkpt>
      <trkpt lat="48.86254199780524" lon="2.608860991895199">
        <ele>42.67</ele>
      </trkpt>
      <trkpt lat="48.86238031089306" lon="2.6090330723673105">
        <ele>42.7</ele>
      </trkpt>
      <trkpt lat="48.86221895925701" lon="2.609204985201359">
        <ele>42.72</ele>
      </trkpt>
      <trkpt lat="48.862036149948835" lon="2.6094001159071922">
        <ele>42.66</ele>
      </trkpt>
      <trkpt lat="48.861853340640664" lon="2.6095952466130257">
        <ele>42.7</ele>
      </trkpt>
      <trkpt lat="48.86167095042765" lon="2.6097899582237005">
        <ele>42.79</ele>
      </trkpt>
      <trkpt lat="48.8614559546113" lon="2.6100739371031523">
        <ele>42.84</ele>
      </trkpt>
      <trkpt lat="48.86126291938126" lon="2.610329920426011">
        <ele>42.85</ele>
      </trkpt>
      <trkpt lat="48.861068710684776" lon="2.6106323394924402">
        <ele>42.83</ele>
      </trkpt>
      <trkpt lat="48.86087492108345" lon="2.610933920368552">
        <ele>42.89</ele>
      </trkpt>
      <trkpt lat="48.86068565770984" lon="2.611253773793578">
        <ele>43.01</ele>
      </trkpt>
      <trkpt lat="48.860496394336224" lon="2.6115735433995724">
        <ele>43.16</ele>
      </trkpt>
      <trkpt lat="48.86030796915293" lon="2.611891971901059">
        <ele>43.25</ele>
      </trkpt>
      <trkpt lat="48.860165728256106" lon="2.6121483743190765">
        <ele>43.3</ele>
      </trkpt>
      <trkpt lat="48.860023990273476" lon="2.6124039385467768">
        <ele>43.34</ele>
      </trkpt>
      <trkpt lat="48.85987269692123" lon="2.612691940739751">
        <ele>43.39</ele>
      </trkpt>
      <trkpt lat="48.859721487388015" lon="2.6129798591136932">
        <ele>43.33</ele>
      </trkpt>
      <trkpt lat="48.85957019403577" lon="2.6132678613066673">
        <ele>43.37</ele>
      </trkpt>
      <trkpt lat="48.859419990330935" lon="2.613553935661912">
        <ele>43.39</ele>
      </trkpt>
      <trkpt lat="48.859283197671175" lon="2.613818384706974">
        <ele>43.46</ele>
      </trkpt>
      <trkpt lat="48.85914699174464" lon="2.614081995561719">
        <ele>43.54</ele>
      </trkpt>
      <trkpt lat="48.85903978720307" lon="2.6142612006515265">
        <ele>43.64</ele>
      </trkpt>
      <trkpt lat="48.858932917937636" lon="2.6144399866461754">
        <ele>43.77</ele>
      </trkpt>
      <trkpt lat="48.858862929046154" lon="2.614549957215786">
        <ele>43.91</ele>
      </trkpt>
      <trkpt lat="48.85875094681978" lon="2.614840976893902">
        <ele>44.13</ele>
      </trkpt>
      <trkpt lat="48.85870057158172" lon="2.615240039303899">
        <ele>44.24</ele>
      </trkpt>
      <trkpt lat="48.85865019634366" lon="2.615639101713896">
        <ele>44.26</ele>
      </trkpt>
      <trkpt lat="48.8585998211056" lon="2.616038080304861">
        <ele>44.2</ele>
      </trkpt>
      <trkpt lat="48.85854994878173" lon="2.6164329517632723">
        <ele>44.26</ele>
      </trkpt>
      <trkpt lat="48.85846797376871" lon="2.61685892008245">
        <ele>44.32</ele>
      </trkpt>
      <trkpt lat="48.85836269706488" lon="2.617250857874751">
        <ele>44.38</ele>
      </trkpt>
      <trkpt lat="48.85825792327523" lon="2.6176409516483545">
        <ele>44.39</ele>
      </trkpt>
      <trkpt lat="48.858161363750696" lon="2.6180473063141108">
        <ele>44.33</ele>
      </trkpt>
      <trkpt lat="48.85806480422616" lon="2.6184535771608353">
        <ele>44.21</ele>
      </trkpt>
      <trkpt lat="48.85796899907291" lon="2.6188569981604815">
        <ele>44.11</ele>
      </trkpt>
      <trkpt lat="48.85785073041916" lon="2.6191771030426025">
        <ele>44.06</ele>
      </trkpt>
      <trkpt lat="48.8577329646796" lon="2.619495950639248">
        <ele>43.98</ele>
      </trkpt>
      <trkpt lat="48.85764596052468" lon="2.6196439750492573">
        <ele>43.86</ele>
      </trkpt>
      <trkpt lat="48.85758594609797" lon="2.6198129542171955">
        <ele>43.67</ele>
      </trkpt>
      <trkpt lat="48.85757697746158" lon="2.6201059855520725">
        <ele>43.32</ele>
      </trkpt>
      <trkpt lat="48.85767697356641" lon="2.6198869664222">
        <ele>43.19</ele>
      </trkpt>
      <trkpt lat="48.857764983549714" lon="2.619950920343399">
        <ele>42.89</ele>
      </trkpt>
      <trkpt lat="48.85803496465087" lon="2.6201489847153425">
        <ele>42.55</ele>
      </trkpt>
      <trkpt lat="48.85826798155904" lon="2.6203309558331966">
        <ele>42.36</ele>
      </trkpt>
      <trkpt lat="48.85829396545887" lon="2.620392981916666">
        <ele>42.15</ele>
      </trkpt>
      <trkpt lat="48.85830293409526" lon="2.620764970779419">
        <ele>41.99</ele>
      </trkpt>
      <trkpt lat="48.85831098072231" lon="2.62121994048357">
        <ele>41.77</ele>
      </trkpt>
      <trkpt lat="48.85828290134668" lon="2.621591594070196">
        <ele>41.6</ele>
      </trkpt>
      <trkpt lat="48.85825482197106" lon="2.621963331475854">
        <ele>41.44</ele>
      </trkpt>
      <trkpt lat="48.85822699405253" lon="2.622331967577338">
        <ele>41.28</ele>
      </trkpt>
      <trkpt lat="48.85817712172866" lon="2.6227480452507734">
        <ele>41.01</ele>
      </trkpt>
      <trkpt lat="48.85812733322382" lon="2.6231641229242086">
        <ele>40.63</ele>
      </trkpt>
      <trkpt lat="48.85807796381414" lon="2.623576931655407">
        <ele>40.49</ele>
      </trkpt>
      <trkpt lat="48.858067989349365" lon="2.6236589904874563">
        <ele>40.37</ele>
      </trkpt>
      <trkpt lat="48.858027840033174" lon="2.624040450900793">
        <ele>40.37</ele>
      </trkpt>
      <trkpt lat="48.85798794217408" lon="2.6244199834764004">
        <ele>40.33</ele>
      </trkpt>
      <trkpt lat="48.85790445841849" lon="2.6247353944927454">
        <ele>40.28</ele>
      </trkpt>
      <trkpt lat="48.85782089084387" lon="2.6250508055090904">
        <ele>40.18</ele>
      </trkpt>
      <trkpt lat="48.8577379938215" lon="2.625363953411579">
        <ele>40.1</ele>
      </trkpt>
      <trkpt lat="48.85762793943286" lon="2.625742983072996">
        <ele>39.99</ele>
      </trkpt>
      <trkpt lat="48.85756096802652" lon="2.625879943370819">
        <ele>39.97</ele>
      </trkpt>
      <trkpt lat="48.85741394944489" lon="2.626086976379156">
        <ele>40.02</ele>
      </trkpt>
      <trkpt lat="48.85720130056143" lon="2.6263401936739683">
        <ele>40.1</ele>
      </trkpt>
      <trkpt lat="48.85698898695409" lon="2.626592991873622">
        <ele>40.2</ele>
      </trkpt>
      <trkpt lat="48.85697599500418" lon="2.626643953844905">
        <ele>40.28</ele>
      </trkpt>
      <trkpt lat="48.85697599500418" lon="2.6266879588365555">
        <ele>40.36</ele>
      </trkpt>
      <trkpt lat="48.856976917013526" lon="2.6271259970963">
        <ele>40.45</ele>
      </trkpt>
      <trkpt lat="48.8569419644773" lon="2.6272289268672466">
        <ele>40.57</ele>
      </trkpt>
      <trkpt lat="48.85694053955376" lon="2.627639975398779">
        <ele>40.7</ele>
      </trkpt>
      <trkpt lat="48.85693911463022" lon="2.6280509401112795">
        <ele>40.85</ele>
      </trkpt>
      <trkpt lat="48.85693768970668" lon="2.62846190482378">
        <ele>41.0</ele>
      </trkpt>
      <trkpt lat="48.856936264783144" lon="2.6288728695362806">
        <ele>41.13</ele>
      </trkpt>
      <trkpt lat="48.856934839859605" lon="2.629283834248781">
        <ele>41.22</ele>
      </trkpt>
      <trkpt lat="48.856933414936066" lon="2.6296948827803135">
        <ele>41.29</ele>
      </trkpt>
      <trkpt lat="48.85693199001253" lon="2.630097968503833">
        <ele>41.38</ele>
      </trkpt>
      <trkpt lat="48.85691698640585" lon="2.630279939621687">
        <ele>41.5</ele>
      </trkpt>
      <trkpt lat="48.8569525256753" lon="2.6307018008083105">
        <ele>41.68</ele>
      </trkpt>
      <trkpt lat="48.856988148763776" lon="2.631123745813966">
        <ele>41.75</ele>
      </trkpt>
      <trkpt lat="48.857023771852255" lon="2.6315456070005894">
        <ele>41.75</ele>
      </trkpt>
      <trkpt lat="48.857058975845575" lon="2.6319629419595003">
        <ele>41.88</ele>
      </trkpt>
      <trkpt lat="48.857062328606844" lon="2.6323152333498">
        <ele>42.06</ele>
      </trkpt>
      <trkpt lat="48.85706568136811" lon="2.6326675247401">
        <ele>42.16</ele>
      </trkpt>
      <trkpt lat="48.85706895031035" lon="2.6330169662833214">
        <ele>42.15</ele>
      </trkpt>
      <trkpt lat="48.85702796280384" lon="2.633468918502331">
        <ele>42.1</ele>
      </trkpt>
      <trkpt lat="48.85702444240451" lon="2.633943250402808">
        <ele>42.1</ele>
      </trkpt>
      <trkpt lat="48.85702092200518" lon="2.6344175823032856">
        <ele>42.21</ele>
      </trkpt>
      <trkpt lat="48.857017401605844" lon="2.6348918303847313">
        <ele>42.15</ele>
      </trkpt>
      <trkpt lat="48.857013965025544" lon="2.6353609655052423">
        <ele>42.01</ele>
      </trkpt>
      <trkpt lat="48.85694598779082" lon="2.635609991848469">
        <ele>41.88</ele>
      </trkpt>
      <trkpt lat="48.85679293423891" lon="2.6358249876648188">
        <ele>41.78</ele>
      </trkpt>
      <trkpt lat="48.85674599558115" lon="2.635950967669487">
        <ele>41.66</ele>
      </trkpt>
      <trkpt lat="48.85671188123524" lon="2.636252800002694">
        <ele>41.48</ele>
      </trkpt>
      <trkpt lat="48.8566779345274" lon="2.636552955955267">
        <ele>41.33</ele>
      </trkpt>
      <trkpt lat="48.85667894035578" lon="2.6367539539933205">
        <ele>41.2</ele>
      </trkpt>
      <trkpt lat="48.85664692148566" lon="2.637075986713171">
        <ele>41.06</ele>
      </trkpt>
      <trkpt lat="48.856694949790835" lon="2.637296933680773">
        <ele>40.87</ele>
      </trkpt>
      <trkpt lat="48.85678019374609" lon="2.6376869436353445">
        <ele>40.7</ele>
      </trkpt>
      <trkpt lat="48.85686535388231" lon="2.6380768697708845">
        <ele>40.52</ele>
      </trkpt>
      <trkpt lat="48.856949927285314" lon="2.638463946059346">
        <ele>40.32</ele>
      </trkpt>
      <trkpt lat="48.85715092532337" lon="2.638691933825612">
        <ele>40.1</ele>
      </trkpt>
      <trkpt lat="48.85736105963588" lon="2.6388555485755205">
        <ele>39.88</ele>
      </trkpt>
      <trkpt lat="48.85757094249129" lon="2.6390189956873655">
        <ele>39.71</ele>
      </trkpt>
      <trkpt lat="48.85763196274638" lon="2.6390589773654938">
        <ele>39.55</ele>
      </trkpt>
      <trkpt lat="48.85768795385957" lon="2.639096947386861">
        <ele>39.4</ele>
      </trkpt>
      <trkpt lat="48.857832960784435" lon="2.639081943780184">
        <ele>39.25</ele>
      </trkpt>
      <trkpt lat="48.85801895521581" lon="2.6391259487718344">
        <ele>39.13</ele>
      </trkpt>
      <trkpt lat="48.85810193605721" lon="2.6391879748553038">
        <ele>39.01</ele>
      </trkpt>
      <trkpt lat="48.85820897296071" lon="2.6393279526382685">
        <ele>38.92</ele>
      </trkpt>
      <trkpt lat="48.858303939923644" lon="2.639571949839592">
        <ele>38.82</ele>
      </trkpt>
      <trkpt lat="48.85843997821212" lon="2.6398259215056896">
        <ele>38.7</ele>
      </trkpt>
      <trkpt lat="48.85853293351829" lon="2.639917954802513">
        <ele>38.62</ele>
      </trkpt>
      <trkpt lat="48.85867693461478" lon="2.64010495506227">
        <ele>38.55</ele>
      </trkpt>
      <trkpt lat="48.858834179118276" lon="2.640409469604492">
        <ele>38.48</ele>
      </trkpt>
      <trkpt lat="48.85899092070758" lon="2.6407129783183336">
        <ele>38.45</ele>
      </trkpt>
      <trkpt lat="48.85909292846918" lon="2.6408349350094795">
        <ele>38.41</ele>
      </trkpt>
      <trkpt lat="48.85924346745014" lon="2.6409350149333477">
        <ele>38.42</ele>
      </trkpt>
      <trkpt lat="48.85939392261207" lon="2.6410349272191525">
        <ele>38.44</ele>
      </trkpt>
      <trkpt lat="48.85957170277834" lon="2.6413173135370016">
        <ele>38.47</ele>
      </trkpt>
      <trkpt lat="48.85974898003042" lon="2.6415989454835653">
        <ele>38.48</ele>
      </trkpt>
      <trkpt lat="48.85984193533659" lon="2.6417779829353094">
        <ele>38.5</ele>
      </trkpt>
      <trkpt lat="48.859984930604696" lon="2.6421519834548235">
        <ele>38.51</ele>
      </trkpt>
      <trkpt lat="48.8601850066334" lon="2.642462784424424">
        <ele>38.51</ele>
      </trkpt>
      <trkpt lat="48.860385082662106" lon="2.642773585394025">
        <ele>38.55</ele>
      </trkpt>
      <trkpt lat="48.86058515869081" lon="2.6430843863636255">
        <ele>38.61</ele>
      </trkpt>
      <trkpt lat="48.860785234719515" lon="2.643395187333226">
        <ele>38.68</ele>
      </trkpt>
      <trkpt lat="48.86098396964371" lon="2.6437039766460657">
        <ele>38.77</ele>
      </trkpt>
      <trkpt lat="48.861117996275425" lon="2.6440049707889557">
        <ele>38.91</ele>
      </trkpt>
      <trkpt lat="48.86125797405839" lon="2.6441769674420357">
        <ele>39.0</ele>
      </trkpt>
      <trkpt lat="48.86131899431348" lon="2.6442459505051374">
        <ele>39.1</ele>
      </trkpt>
      <trkpt lat="48.86140197515488" lon="2.6443469524383545">
        <ele>39.22</ele>
      </trkpt>
      <trkpt lat="48.8615769892931" lon="2.6444579288363457">
        <ele>39.35</ele>
      </trkpt>
      <trkpt lat="48.86169718578458" lon="2.644745511934161">
        <ele>39.53</ele>
      </trkpt>
      <trkpt lat="48.8618169631809" lon="2.6450319215655327">
        <ele>39.7</ele>
      </trkpt>
      <trkpt lat="48.86156693100929" lon="2.645145496353507">
        <ele>39.8</ele>
      </trkpt>
      <trkpt lat="48.86131698265672" lon="2.6452589873224497">
        <ele>39.95</ele>
      </trkpt>
      <trkpt lat="48.8612109515816" lon="2.645237948745489">
        <ele>40.07</ele>
      </trkpt>
      <trkpt lat="48.861375991255045" lon="2.6451099570840597">
        <ele>40.17</ele>
      </trkpt>
      <trkpt lat="48.8616409432143" lon="2.6449039299041033">
        <ele>40.31</ele>
      </trkpt>
      <trkpt lat="48.86191084049642" lon="2.644702848047018">
        <ele>40.39</ele>
      </trkpt>
      <trkpt lat="48.86218065395951" lon="2.644501766189933">
        <ele>40.48</ele>
      </trkpt>
      <trkpt lat="48.862450551241636" lon="2.6443007681518793">
        <ele>40.64</ele>
      </trkpt>
      <trkpt lat="48.86271994560957" lon="2.6440999377518892">
        <ele>40.79</ele>
      </trkpt>
      <trkpt lat="48.862880039960146" lon="2.64399491250515">
        <ele>40.86</ele>
      </trkpt>
      <trkpt lat="48.86303996667266" lon="2.643889971077442">
        <ele>40.95</ele>
      </trkpt>
      <trkpt lat="48.86312495917082" lon="2.6439299527555704">
        <ele>41.03</ele>
      </trkpt>
      <trkpt lat="48.86332394555211" lon="2.6438419427722692">
        <ele>41.13</ele>
      </trkpt>
      <trkpt lat="48.86334096081555" lon="2.6439019571989775">
        <ele>41.19</ele>
      </trkpt>
      <trkpt lat="48.863139962777495" lon="2.6440479699522257">
        <ele>41.19</ele>
      </trkpt>
      <trkpt lat="48.86304893530905" lon="2.6441269274801016">
        <ele>41.23</ele>
      </trkpt>
      <trkpt lat="48.863011971116066" lon="2.6441979221999645">
        <ele>41.27</ele>
      </trkpt>
      <trkpt lat="48.862985987216234" lon="2.644216949120164">
        <ele>41.29</ele>
      </trkpt>
      <trkpt lat="48.86296997778118" lon="2.6442659832537174">
        <ele>41.31</ele>
      </trkpt>
      <trkpt lat="48.86283293366432" lon="2.6443219743669033">
        <ele>41.32</ele>
      </trkpt>
      <trkpt lat="48.862773925065994" lon="2.644324991852045">
        <ele>41.32</ele>
      </trkpt>
      <trkpt lat="48.86266093701124" lon="2.6442049629986286">
        <ele>41.33</ele>
      </trkpt>
      <trkpt lat="48.86256798170507" lon="2.643922995775938">
        <ele>41.35</ele>
      </trkpt>
      <trkpt lat="48.86257292702794" lon="2.6437909808009863">
        <ele>41.3</ele>
      </trkpt>
      <trkpt lat="48.86268096975982" lon="2.6434689480811357">
        <ele>41.2</ele>
      </trkpt>
      <trkpt lat="48.8626959733665" lon="2.643311955034733">
        <ele>41.14</ele>
      </trkpt>
      <trkpt lat="48.86277266778052" lon="2.642932003363967">
        <ele>41.06</ele>
      </trkpt>
      <trkpt lat="48.86284894309938" lon="2.6425539795309305">
        <ele>41.01</ele>
      </trkpt>
      <trkpt lat="48.86266244575381" lon="2.6424509659409523">
        <ele>40.95</ele>
      </trkpt>
      <trkpt lat="48.862475948408246" lon="2.642347952350974">
        <ele>40.91</ele>
      </trkpt>
      <trkpt lat="48.86229632422328" lon="2.642179811373353">
        <ele>40.87</ele>
      </trkpt>
      <trkpt lat="48.86211695149541" lon="2.642011921852827">
        <ele>40.8</ele>
      </trkpt>
      <trkpt lat="48.86187127791345" lon="2.641756022349">
        <ele>40.61</ele>
      </trkpt>
      <trkpt lat="48.86162560433149" lon="2.641500039026141">
        <ele>40.46</ele>
      </trkpt>
      <trkpt lat="48.861379930749536" lon="2.641244139522314">
        <ele>40.35</ele>
      </trkpt>
      <trkpt lat="48.86113492771983" lon="2.6409889943897724">
        <ele>40.2</ele>
      </trkpt>
      <trkpt lat="48.860932337120175" lon="2.6406843960285187">
        <ele>40.06</ele>
      </trkpt>
      <trkpt lat="48.86072966270149" lon="2.640379797667265">
        <ele>39.87</ele>
      </trkpt>
      <trkpt lat="48.8605269882828" lon="2.640075199306011">
        <ele>39.74</ele>
      </trkpt>
      <trkpt lat="48.86032431386411" lon="2.6397706009447575">
        <ele>39.61</ele>
      </trkpt>
      <trkpt lat="48.86012298054993" lon="2.639467930421233">
        <ele>39.48</ele>
      </trkpt>
      <trkpt lat="48.859924832358956" lon="2.639249749481678">
        <ele>39.24</ele>
      </trkpt>
      <trkpt lat="48.85972660034895" lon="2.639031568542123">
        <ele>39.03</ele>
      </trkpt>
      <trkpt lat="48.859528955072165" lon="2.6388139743357897">
        <ele>38.9</ele>
      </trkpt>
      <trkpt lat="48.85937078855932" lon="2.638639295473695">
        <ele>38.82</ele>
      </trkpt>
      <trkpt lat="48.8592129573226" lon="2.638464951887727">
        <ele>38.75</ele>
      </trkpt>
      <trkpt lat="48.85896376334131" lon="2.638212237507105">
        <ele>38.7</ele>
      </trkpt>
      <trkpt lat="48.858714988455176" lon="2.6379599422216415">
        <ele>38.54</ele>
      </trkpt>
      <trkpt lat="48.85849194601178" lon="2.6376919727772474">
        <ele>38.43</ele>
      </trkpt>
      <trkpt lat="48.85837493464351" lon="2.6374439522624016">
        <ele>38.37</ele>
      </trkpt>
      <trkpt lat="48.858273262158036" lon="2.637191992253065">
        <ele>38.35</ele>
      </trkpt>
      <trkpt lat="48.85817192494869" lon="2.6369409542530775">
        <ele>38.35</ele>
      </trkpt>
      <trkpt lat="48.85807570070028" lon="2.636607689782977">
        <ele>38.39</ele>
      </trkpt>
      <trkpt lat="48.857979979366064" lon="2.6362759340554476">
        <ele>38.46</ele>
      </trkpt>
      <trkpt lat="48.85794393718243" lon="2.6360059529542923">
        <ele>38.56</ele>
      </trkpt>
      <trkpt lat="48.8579436019063" lon="2.6355525758117437">
        <ele>38.7</ele>
      </trkpt>
      <trkpt lat="48.85794326663017" lon="2.6350991148501635">
        <ele>38.85</ele>
      </trkpt>
      <trkpt lat="48.857942931354046" lon="2.634645737707615">
        <ele>38.92</ele>
      </trkpt>
      <trkpt lat="48.85794267989695" lon="2.6341923605650663">
        <ele>38.96</ele>
      </trkpt>
      <trkpt lat="48.857942344620824" lon="2.633738899603486">
        <ele>39.02</ele>
      </trkpt>
      <trkpt lat="48.857941925525665" lon="2.63329298235476">
        <ele>39.08</ele>
      </trkpt>
      <trkpt lat="48.85792692191899" lon="2.6330529246479273">
        <ele>39.12</ele>
      </trkpt>
      <trkpt lat="48.85790563188493" lon="2.6326644234359264">
        <ele>39.2</ele>
      </trkpt>
      <trkpt lat="48.85788434185088" lon="2.632275838404894">
        <ele>39.31</ele>
      </trkpt>
      <trkpt lat="48.85786305181682" lon="2.6318872533738613">
        <ele>39.31</ele>
      </trkpt>
      <trkpt lat="48.85784192942083" lon="2.6315029431134462">
        <ele>39.31</ele>
      </trkpt>
      <trkpt lat="48.85784192942083" lon="2.631310997530818">
        <ele>39.36</ele>
      </trkpt>
      <trkpt lat="48.85785969905555" lon="2.630860051140189">
        <ele>39.42</ele>
      </trkpt>
      <trkpt lat="48.857877384871244" lon="2.630409188568592">
        <ele>39.61</ele>
      </trkpt>
      <trkpt lat="48.857894986867905" lon="2.6299619302153587">
        <ele>39.73</ele>
      </trkpt>
      <trkpt lat="48.857854921370745" lon="2.6295089721679688">
        <ele>39.74</ele>
      </trkpt>
      <trkpt lat="48.857833966612816" lon="2.629262963309884">
        <ele>39.74</ele>
      </trkpt>
      <trkpt lat="48.85784335434437" lon="2.628829451277852">
        <ele>39.73</ele>
      </trkpt>
      <trkpt lat="48.85785265825689" lon="2.62839593924582">
        <ele>39.81</ele>
      </trkpt>
      <trkpt lat="48.85786196216941" lon="2.62796594761312">
        <ele>39.87</ele>
      </trkpt>
      <trkpt lat="48.85790102183819" lon="2.627620529383421">
        <ele>39.88</ele>
      </trkpt>
      <trkpt lat="48.857939997687936" lon="2.6272769551724195">
        <ele>39.85</ele>
      </trkpt>
      <trkpt lat="48.85806052945554" lon="2.6269553415477276">
        <ele>39.85</ele>
      </trkpt>
      <trkpt lat="48.85818114504218" lon="2.626633644104004">
        <ele>39.87</ele>
      </trkpt>
      <trkpt lat="48.8583009224385" lon="2.6263139583170414">
        <ele>39.92</ele>
      </trkpt>
      <trkpt lat="48.85839756578207" lon="2.6258796080946922">
        <ele>40.03</ele>
      </trkpt>
      <trkpt lat="48.858494125306606" lon="2.6254451740533113">
        <ele>40.1</ele>
      </trkpt>
      <trkpt lat="48.85858993045986" lon="2.6250139251351357">
        <ele>40.14</ele>
      </trkpt>
      <trkpt lat="48.85865799151361" lon="2.6248149387538433">
        <ele>40.16</ele>
      </trkpt>
      <trkpt lat="48.85868296958506" lon="2.624559961259365">
        <ele>40.22</ele>
      </trkpt>
      <trkpt lat="48.85865799151361" lon="2.6248149387538433">
        <ele>40.16</ele>
      </trkpt>
      <trkpt lat="48.85858993045986" lon="2.6250139251351357">
        <ele>40.14</ele>
      </trkpt>
      <trkpt lat="48.85868992656469" lon="2.624850980937481">
        <ele>40.24</ele>
      </trkpt>
      <trkpt lat="48.85885295458138" lon="2.624695999547839">
        <ele>40.29</ele>
      </trkpt>
      <trkpt lat="48.85906292125583" lon="2.624653922393918">
        <ele>40.32</ele>
      </trkpt>
      <trkpt lat="48.85919594205916" lon="2.62457094155252">
        <ele>40.31</ele>
      </trkpt>
      <trkpt lat="48.85930792428553" lon="2.624415960162878">
        <ele>40.3</ele>
      </trkpt>
      <trkpt lat="48.85938595980406" lon="2.6242179796099663">
        <ele>40.31</ele>
      </trkpt>
      <trkpt lat="48.85945360176265" lon="2.623936766758561">
        <ele>40.29</ele>
      </trkpt>
      <trkpt lat="48.85952099226415" lon="2.623656978830695">
        <ele>40.31</ele>
      </trkpt>
      <trkpt lat="48.85954957455397" lon="2.6233877521008253">
        <ele>40.35</ele>
      </trkpt>
      <trkpt lat="48.85957798920572" lon="2.6231199502944946">
        <ele>40.4</ele>
      </trkpt>
      <trkpt lat="48.859570948407054" lon="2.6229759491980076">
        <ele>40.45</ele>
      </trkpt>
      <trkpt lat="48.859486961737275" lon="2.622587950900197">
        <ele>40.51</ele>
      </trkpt>
      <trkpt lat="48.85935368947685" lon="2.6222743839025497">
        <ele>40.58</ele>
      </trkpt>
      <trkpt lat="48.85922092013061" lon="2.6219619903713465">
        <ele>40.73</ele>
      </trkpt>
      <trkpt lat="48.85913793928921" lon="2.6215299870818853">
        <ele>40.87</ele>
      </trkpt>
      <trkpt lat="48.85913240723312" lon="2.6212552282959223">
        <ele>40.98</ele>
      </trkpt>
      <trkpt lat="48.85912695899606" lon="2.62098197825253">
        <ele>41.11</ele>
      </trkpt>
      <trkpt lat="48.85907398536801" lon="2.62051192112267">
        <ele>41.26</ele>
      </trkpt>
      <trkpt lat="48.859137101098895" lon="2.620157031342387">
        <ele>41.37</ele>
      </trkpt>
      <trkpt lat="48.85919996537268" lon="2.619803985580802">
        <ele>41.44</ele>
      </trkpt>
      <trkpt lat="48.85923709720373" lon="2.61940760537982">
        <ele>41.56</ele>
      </trkpt>
      <trkpt lat="48.85927414521575" lon="2.619011141359806">
        <ele>41.79</ele>
      </trkpt>
      <trkpt lat="48.85931094177067" lon="2.618617946282029">
        <ele>42.02</ele>
      </trkpt>
      <trkpt lat="48.85938797146082" lon="2.618253920227289">
        <ele>42.25</ele>
      </trkpt>
      <trkpt lat="48.8594529312104" lon="2.6181339751929045">
        <ele>42.47</ele>
      </trkpt>
      <trkpt lat="48.859548987820745" lon="2.618056945502758">
        <ele>42.7</ele>
      </trkpt>
      <trkpt lat="48.85970950126648" lon="2.617980418726802">
        <ele>43.0</ele>
      </trkpt>
      <trkpt lat="48.85986993089318" lon="2.6179039757698774">
        <ele>43.27</ele>
      </trkpt>
      <trkpt lat="48.86005341075361" lon="2.6178524270653725">
        <ele>43.57</ele>
      </trkpt>
      <trkpt lat="48.860236974433064" lon="2.617800962179899">
        <ele>43.83</ele>
      </trkpt>
      <trkpt lat="48.860451970249414" lon="2.617682944983244">
        <ele>44.05</ele>
      </trkpt>
      <trkpt lat="48.860666966065764" lon="2.6175649277865887">
        <ele>44.2</ele>
      </trkpt>
      <trkpt lat="48.86075799353421" lon="2.617495944723487">
        <ele>44.32</ele>
      </trkpt>
      <trkpt lat="48.86088808067143" lon="2.617341298609972">
        <ele>44.4</ele>
      </trkpt>
      <trkpt lat="48.86101791635156" lon="2.617186987772584">
        <ele>44.47</ele>
      </trkpt>
      <trkpt lat="48.861158983781934" lon="2.6169379614293575">
        <ele>44.47</ele>
      </trkpt>
      <trkpt lat="48.86133165098727" lon="2.6167191937565804">
        <ele>44.53</ele>
      </trkpt>
      <trkpt lat="48.861503982916474" lon="2.6165009289979935">
        <ele>44.5</ele>
      </trkpt>
      <trkpt lat="48.86158796958625" lon="2.6163379848003387">
        <ele>44.45</ele>
      </trkpt>
      <trkpt lat="48.86162753216922" lon="2.6160581968724728">
        <ele>44.37</ele>
      </trkpt>
      <trkpt lat="48.86166692711413" lon="2.6157799176871777">
        <ele>44.29</ele>
      </trkpt>
      <trkpt lat="48.86172962374985" lon="2.615482695400715">
        <ele>44.18</ele>
      </trkpt>
      <trkpt lat="48.86179198510945" lon="2.615186981856823">
        <ele>44.08</ele>
      </trkpt>
      <trkpt lat="48.86192777194083" lon="2.6147830579429865">
        <ele>43.95</ele>
      </trkpt>
      <trkpt lat="48.862062972038984" lon="2.6143809780478477">
        <ele>43.74</ele>
      </trkpt>
      <trkpt lat="48.862172942608595" lon="2.6142249908298254">
        <ele>43.52</ele>
      </trkpt>
      <trkpt lat="48.86228794232011" lon="2.6140629686415195">
        <ele>43.34</ele>
      </trkpt>
      <trkpt lat="48.86243521235883" lon="2.6137619744986296">
        <ele>43.26</ele>
      </trkpt>
      <trkpt lat="48.862581979483366" lon="2.61346198618412">
        <ele>43.13</ele>
      </trkpt>
      <trkpt lat="48.862693877890706" lon="2.613097792491317">
        <ele>42.95</ele>
      </trkpt>
      <trkpt lat="48.862805776298046" lon="2.612733682617545">
        <ele>42.73</ele>
      </trkpt>
      <trkpt lat="48.862917674705386" lon="2.6123695727437735">
        <ele>42.53</ele>
      </trkpt>
      <trkpt lat="48.86302965693176" lon="2.61200537905097">
        <ele>42.33</ele>
      </trkpt>
      <trkpt lat="48.8631415553391" lon="2.6116412691771984">
        <ele>42.1</ele>
      </trkpt>
      <trkpt lat="48.86325194500387" lon="2.6112819369882345">
        <ele>41.85</ele>
      </trkpt>
      <trkpt lat="48.86334883980453" lon="2.6109753269702196">
        <ele>41.56</ele>
      </trkpt>
      <trkpt lat="48.86344573460519" lon="2.610668633133173">
        <ele>41.23</ele>
      </trkpt>
      <trkpt lat="48.8635419588536" lon="2.6103639509528875">
        <ele>40.91</ele>
      </trkpt>
      <trkpt lat="48.8636439666152" lon="2.6101659703999758">
        <ele>40.62</ele>
      </trkpt>
      <trkpt lat="48.86376793496311" lon="2.6100889407098293">
        <ele>40.35</ele>
      </trkpt>
      <trkpt lat="48.86400899849832" lon="2.6100179459899664">
        <ele>40.15</ele>
      </trkpt>
      <trkpt lat="48.86419692076743" lon="2.6098829973489046">
        <ele>39.91</ele>
      </trkpt>
      <trkpt lat="48.86441895738244" lon="2.609626930207014">
        <ele>39.74</ele>
      </trkpt>
      <trkpt lat="48.86460696347058" lon="2.6093039754778147">
        <ele>39.5</ele>
      </trkpt>
      <trkpt lat="48.86470218189061" lon="2.6090132910758257">
        <ele>39.18</ele>
      </trkpt>
      <trkpt lat="48.86479698121548" lon="2.608723947778344">
        <ele>39.0</ele>
      </trkpt>
      <trkpt lat="48.864897983148694" lon="2.6085159927606583">
        <ele>38.76</ele>
      </trkpt>
      <trkpt lat="48.86507500894368" lon="2.6081696525216103">
        <ele>38.46</ele>
      </trkpt>
      <trkpt lat="48.86525203473866" lon="2.6078233122825623">
        <ele>38.3</ele>
      </trkpt>
      <trkpt lat="48.86542906053364" lon="2.6074769720435143">
        <ele>38.15</ele>
      </trkpt>
      <trkpt lat="48.86560499668121" lon="2.6071329787373543">
        <ele>38.09</ele>
      </trkpt>
      <trkpt lat="48.86563207022846" lon="2.6068552024662495">
        <ele>38.12</ele>
      </trkpt>
      <trkpt lat="48.86565897613764" lon="2.6065789349377155">
        <ele>38.04</ele>
      </trkpt>
      <trkpt lat="48.86569292284548" lon="2.6062299963086843">
        <ele>37.93</ele>
      </trkpt>
      <trkpt lat="48.86581596918404" lon="2.6060999929904938">
        <ele>37.84</ele>
      </trkpt>
      <trkpt lat="48.86594018898904" lon="2.6058344542980194">
        <ele>37.77</ele>
      </trkpt>
      <trkpt lat="48.866064408794045" lon="2.6055689994245768">
        <ele>37.7</ele>
      </trkpt>
      <trkpt lat="48.866187958046794" lon="2.6053049694746733">
        <ele>37.74</ele>
      </trkpt>
      <trkpt lat="48.866316955536604" lon="2.604892998933792">
        <ele>37.75</ele>
      </trkpt>
      <trkpt lat="48.866341933608055" lon="2.6048059947788715">
        <ele>37.77</ele>
      </trkpt>
      <trkpt lat="48.86640513315797" lon="2.604582952335477">
        <ele>37.81</ele>
      </trkpt>
      <trkpt lat="48.866467997431755" lon="2.6043609995394945">
        <ele>37.86</ele>
      </trkpt>
      <trkpt lat="48.86658023111522" lon="2.6039675530046225">
        <ele>37.93</ele>
      </trkpt>
      <trkpt lat="48.8666919618845" lon="2.603575950488448">
        <ele>37.94</ele>
      </trkpt>
      <trkpt lat="48.86671895161271" lon="2.603388950228691">
        <ele>38.04</ele>
      </trkpt>
      <trkpt lat="48.86676857247949" lon="2.602960802614689">
        <ele>38.17</ele>
      </trkpt>
      <trkpt lat="48.86681794188917" lon="2.602534918114543">
        <ele>38.33</ele>
      </trkpt>
      <trkpt lat="48.86684753000736" lon="2.6022762525826693">
        <ele>38.49</ele>
      </trkpt>
      <trkpt lat="48.866876950487494" lon="2.602018928155303">
        <ele>38.67</ele>
      </trkpt>
      <trkpt lat="48.86695498600602" lon="2.6016459334641695">
        <ele>38.86</ele>
      </trkpt>
      <trkpt lat="48.86700997129083" lon="2.6015019323676825">
        <ele>39.09</ele>
      </trkpt>
      <trkpt lat="48.86719873175025" lon="2.601143354550004">
        <ele>39.31</ele>
      </trkpt>
      <trkpt lat="48.86738698929548" lon="2.6007859501987696">
        <ele>39.53</ele>
      </trkpt>
      <trkpt lat="48.867491176351905" lon="2.6005515083670616">
        <ele>39.73</ele>
      </trkpt>
      <trkpt lat="48.86759494431317" lon="2.6003179885447025">
        <ele>39.96</ele>
      </trkpt>
      <trkpt lat="48.867703238502145" lon="2.599884392693639">
        <ele>40.21</ele>
      </trkpt>
      <trkpt lat="48.8678109459579" lon="2.5994529761373997">
        <ele>40.51</ele>
      </trkpt>
      <trkpt lat="48.867822932079434" lon="2.599270921200514">
        <ele>40.76</ele>
      </trkpt>
      <trkpt lat="48.867886969819665" lon="2.599143935367465">
        <ele>40.98</ele>
      </trkpt>
      <trkpt lat="48.867910942062736" lon="2.598825925961137">
        <ele>41.19</ele>
      </trkpt>
      <trkpt lat="48.868163991719484" lon="2.5988509878516197">
        <ele>41.42</ele>
      </trkpt>
      <trkpt lat="48.868143958970904" lon="2.598387971520424">
        <ele>41.59</ele>
      </trkpt>
      <trkpt lat="48.86809199117124" lon="2.597975917160511">
        <ele>41.75</ele>
      </trkpt>
      <trkpt lat="48.86808796785772" lon="2.597645753994584">
        <ele>41.89</ele>
      </trkpt>
      <trkpt lat="48.868083944544196" lon="2.5973155070096254">
        <ele>41.97</ele>
      </trkpt>
      <trkpt lat="48.868079921230674" lon="2.5969879422336817">
        <ele>42.02</ele>
      </trkpt>
      <trkpt lat="48.868056535720825" lon="2.5966537557542324">
        <ele>42.11</ele>
      </trkpt>
      <trkpt lat="48.86803315021098" lon="2.5963194854557514">
        <ele>42.17</ele>
      </trkpt>
      <trkpt lat="48.86800993233919" lon="2.595987981185317">
        <ele>42.16</ele>
      </trkpt>
      <trkpt lat="48.8680009637028" lon="2.595664942637086">
        <ele>42.16</ele>
      </trkpt>
      <trkpt lat="48.86798042804003" lon="2.595234112814069">
        <ele>42.27</ele>
      </trkpt>
      <trkpt lat="48.86795997619629" lon="2.5948032829910517">
        <ele>42.36</ele>
      </trkpt>
      <trkpt lat="48.86793944053352" lon="2.5943724531680346">
        <ele>42.41</ele>
      </trkpt>
      <trkpt lat="48.86791898868978" lon="2.5939416233450174">
        <ele>42.48</ele>
      </trkpt>
      <trkpt lat="48.86789845302701" lon="2.5935107935220003">
        <ele>42.48</ele>
      </trkpt>
      <trkpt lat="48.86787800118327" lon="2.5930798798799515">
        <ele>42.37</ele>
      </trkpt>
      <trkpt lat="48.8678574655205" lon="2.5926490500569344">
        <ele>42.2</ele>
      </trkpt>
      <trkpt lat="48.86783701367676" lon="2.5922182202339172">
        <ele>42.06</ele>
      </trkpt>
      <trkpt lat="48.86781698092818" lon="2.5917979516088963">
        <ele>41.85</ele>
      </trkpt>
      <trkpt lat="48.86779434978962" lon="2.591357482597232">
        <ele>41.66</ele>
      </trkpt>
      <trkpt lat="48.867771718651056" lon="2.5909170135855675">
        <ele>41.51</ele>
      </trkpt>
      <trkpt lat="48.86774908751249" lon="2.590476544573903">
        <ele>41.33</ele>
      </trkpt>
      <trkpt lat="48.86772645637393" lon="2.590035991743207">
        <ele>41.17</ele>
      </trkpt>
      <trkpt lat="48.86770382523537" lon="2.5895955227315426">
        <ele>41.05</ele>
      </trkpt>
      <trkpt lat="48.867681194096804" lon="2.589155053719878">
        <ele>40.9</ele>
      </trkpt>
      <trkpt lat="48.8676589820534" lon="2.5887229666113853">
        <ele>40.65</ele>
      </trkpt>
      <trkpt lat="48.86764087714255" lon="2.5884788017719984">
        <ele>40.46</ele>
      </trkpt>
      <trkpt lat="48.86762293986976" lon="2.588235978037119">
        <ele>40.29</ele>
      </trkpt>
      <trkpt lat="48.86759393848479" lon="2.588093988597393">
        <ele>40.12</ele>
      </trkpt>
      <trkpt lat="48.86759595014155" lon="2.587929954752326">
        <ele>39.96</ele>
      </trkpt>
      <trkpt lat="48.86752596125007" lon="2.587931966409087">
        <ele>39.79</ele>
      </trkpt>
      <trkpt lat="48.86728146113455" lon="2.587908999994397">
        <ele>39.61</ele>
      </trkpt>
      <trkpt lat="48.86703696101904" lon="2.5878859497606754">
        <ele>39.47</ele>
      </trkpt>
      <trkpt lat="48.86684199795127" lon="2.587813949212432">
        <ele>39.34</ele>
      </trkpt>
      <trkpt lat="48.86658827774227" lon="2.5876706186681986">
        <ele>39.18</ele>
      </trkpt>
      <trkpt lat="48.866334557533264" lon="2.5875272043049335">
        <ele>39.03</ele>
      </trkpt>
      <trkpt lat="48.86608092114329" lon="2.587383957579732">
        <ele>38.97</ele>
      </trkpt>
      <trkpt lat="48.866079999133945" lon="2.5872239470481873">
        <ele>38.91</ele>
      </trkpt>
      <trkpt lat="48.866079999133945" lon="2.5871849711984396">
        <ele>38.87</ele>
      </trkpt>
      <trkpt lat="48.86607245542109" lon="2.58684148080647">
        <ele>38.89</ele>
      </trkpt>
      <trkpt lat="48.86606499552727" lon="2.5864999182522297">
        <ele>38.93</ele>
      </trkpt>
      <trkpt lat="48.866044878959656" lon="2.586234211921692">
        <ele>38.9</ele>
      </trkpt>
      <trkpt lat="48.86602493003011" lon="2.5859699305146933">
        <ele>38.86</ele>
      </trkpt>
      <trkpt lat="48.866017973050475" lon="2.5858809985220432">
        <ele>38.85</ele>
      </trkpt>
      <trkpt lat="48.86600892059505" lon="2.5856479816138744">
        <ele>38.82</ele>
      </trkpt>
      <trkpt lat="48.86603155173361" lon="2.5851741526275873">
        <ele>38.81</ele>
      </trkpt>
      <trkpt lat="48.86605393141508" lon="2.5847029220312834">
        <ele>38.89</ele>
      </trkpt>
      <trkpt lat="48.86605694890022" lon="2.584639973938465">
        <ele>38.94</ele>
      </trkpt>
      <trkpt lat="48.86604856699705" lon="2.5843164324760437">
        <ele>39.09</ele>
      </trkpt>
      <trkpt lat="48.86604026891291" lon="2.5839928910136223">
        <ele>39.15</ele>
      </trkpt>
      <trkpt lat="48.86603197082877" lon="2.583671947941184">
        <ele>39.18</ele>
      </trkpt>
      <trkpt lat="48.86600925587118" lon="2.5833510886877775">
        <ele>39.18</ele>
      </trkpt>
      <trkpt lat="48.86598654091358" lon="2.583030229434371">
        <ele>39.11</ele>
      </trkpt>
      <trkpt lat="48.86596399359405" lon="2.5827119685709476">
        <ele>39.1</ele>
      </trkpt>
      <trkpt lat="48.86593658477068" lon="2.582329250872135">
        <ele>39.12</ele>
      </trkpt>
      <trkpt lat="48.86590917594731" lon="2.5819465331733227">
        <ele>39.15</ele>
      </trkpt>
      <trkpt lat="48.865881934762" lon="2.5815669167786837">
        <ele>39.19</ele>
      </trkpt>
      <trkpt lat="48.86585460975766" lon="2.581180678680539">
        <ele>39.21</ele>
      </trkpt>
      <trkpt lat="48.86582728475332" lon="2.580794356763363">
        <ele>39.25</ele>
      </trkpt>
      <trkpt lat="48.86579995974898" lon="2.5804080348461866">
        <ele>39.27</ele>
      </trkpt>
      <trkpt lat="48.86577297002077" lon="2.580025987699628">
        <ele>39.28</ele>
      </trkpt>
      <trkpt lat="48.865760983899236" lon="2.579820966348052">
        <ele>39.32</ele>
      </trkpt>
      <trkpt lat="48.86572116985917" lon="2.5794479716569185">
        <ele>39.36</ele>
      </trkpt>
      <trkpt lat="48.86568143963814" lon="2.579074976965785">
        <ele>39.41</ele>
      </trkpt>
      <trkpt lat="48.8656419608742" lon="2.5787049997597933">
        <ele>39.49</ele>
      </trkpt>
      <trkpt lat="48.86561689898372" lon="2.5783853977918625">
        <ele>39.54</ele>
      </trkpt>
      <trkpt lat="48.865591837093234" lon="2.5780658796429634">
        <ele>39.54</ele>
      </trkpt>
      <trkpt lat="48.865566942840815" lon="2.5777489598840475">
        <ele>39.64</ele>
      </trkpt>
      <trkpt lat="48.86559301055968" lon="2.577471686527133">
        <ele>39.73</ele>
      </trkpt>
      <trkpt lat="48.86561899445951" lon="2.5771959219127893">
        <ele>39.77</ele>
      </trkpt>
      <trkpt lat="48.8656369317323" lon="2.577074971050024">
        <ele>39.81</ele>
      </trkpt>
      <trkpt lat="48.865673979744315" lon="2.576819993555546">
        <ele>39.83</ele>
      </trkpt>
      <trkpt lat="48.86570692062378" lon="2.576654953882098">
        <ele>39.83</ele>
      </trkpt>
      <trkpt lat="48.86574296280742" lon="2.5764969550073147">
        <ele>39.83</ele>
      </trkpt>
      <trkpt lat="48.86579794809222" lon="2.5762679614126682">
        <ele>39.92</ele>
      </trkpt>
      <trkpt lat="48.865823931992054" lon="2.5761529617011547">
        <ele>39.96</ele>
      </trkpt>
      <trkpt lat="48.86587807908654" lon="2.5758426636457443">
        <ele>40.03</ele>
      </trkpt>
      <trkpt lat="48.865931974723935" lon="2.5755339581519365">
        <ele>40.06</ele>
      </trkpt>
      <trkpt lat="48.86594295501709" lon="2.575403954833746">
        <ele>40.04</ele>
      </trkpt>
      <trkpt lat="48.86595192365348" lon="2.5752149429172277">
        <ele>40.0</ele>
      </trkpt>
      <trkpt lat="48.86593063361943" lon="2.5748323928564787">
        <ele>39.9</ele>
      </trkpt>
      <trkpt lat="48.86590934358537" lon="2.5744498427957296">
        <ele>39.84</ele>
      </trkpt>
      <trkpt lat="48.865888053551316" lon="2.5740673765540123">
        <ele>39.79</ele>
      </trkpt>
      <trkpt lat="48.865866931155324" lon="2.5736889336258173">
        <ele>39.73</ele>
      </trkpt>
      <trkpt lat="48.86581999249756" lon="2.573487935587764">
        <ele>39.66</ele>
      </trkpt>
      <trkpt lat="48.86580892838538" lon="2.573453988879919">
        <ele>39.58</ele>
      </trkpt>
      <trkpt lat="48.86570943519473" lon="2.573108822107315">
        <ele>39.48</ele>
      </trkpt>
      <trkpt lat="48.86560985818505" lon="2.572763739153743">
        <ele>39.36</ele>
      </trkpt>
      <trkpt lat="48.86551095172763" lon="2.572420919314027">
        <ele>39.32</ele>
      </trkpt>
      <trkpt lat="48.865443812683225" lon="2.5720625929534435">
        <ele>39.24</ele>
      </trkpt>
      <trkpt lat="48.86537658981979" lon="2.5717041827738285">
        <ele>39.1</ele>
      </trkpt>
      <trkpt lat="48.865309450775385" lon="2.5713457725942135">
        <ele>38.96</ele>
      </trkpt>
      <trkpt lat="48.865242982283235" lon="2.5709909666329622">
        <ele>38.82</ele>
      </trkpt>
      <trkpt lat="48.86519587598741" lon="2.5707072392106056">
        <ele>38.7</ele>
      </trkpt>
      <trkpt lat="48.86514893732965" lon="2.570424936711788">
        <ele>38.65</ele>
      </trkpt>
      <trkpt lat="48.865085151046515" lon="2.56999553181231">
        <ele>38.62</ele>
      </trkpt>
      <trkpt lat="48.86502128094435" lon="2.5695660430938005">
        <ele>38.58</ele>
      </trkpt>
      <trkpt lat="48.8649579975754" lon="2.569139990955591">
        <ele>38.59</ele>
      </trkpt>
      <trkpt lat="48.86487929150462" lon="2.568697342649102">
        <ele>38.66</ele>
      </trkpt>
      <trkpt lat="48.86480092070997" lon="2.5682569574564695">
        <ele>38.67</ele>
      </trkpt>
      <trkpt lat="48.864724561572075" lon="2.5679020676761866">
        <ele>38.65</ele>
      </trkpt>
      <trkpt lat="48.86464811861515" lon="2.5675471778959036">
        <ele>38.64</ele>
      </trkpt>
      <trkpt lat="48.864571675658226" lon="2.5671923719346523">
        <ele>38.64</ele>
      </trkpt>
      <trkpt lat="48.86449598707259" lon="2.5668409187346697">
        <ele>38.69</ele>
      </trkpt>
      <trkpt lat="48.86449699290097" lon="2.5667369831353426">
        <ele>38.69</ele>
      </trkpt>
      <trkpt lat="48.86456195265055" lon="2.5665929820388556">
        <ele>38.68</ele>
      </trkpt>
      <trkpt lat="48.86454996652901" lon="2.566472953185439">
        <ele>38.66</ele>
      </trkpt>
      <trkpt lat="48.8645039498806" lon="2.5663969293236732">
        <ele>38.63</ele>
      </trkpt>
      <trkpt lat="48.86432692408562" lon="2.566237924620509">
        <ele>38.59</ele>
      </trkpt>
      <trkpt lat="48.86418795213103" lon="2.566348984837532">
        <ele>38.56</ele>
      </trkpt>
      <trkpt lat="48.864071695134044" lon="2.566048325970769">
        <ele>38.5</ele>
      </trkpt>
      <trkpt lat="48.863955941051245" lon="2.5657489243894815">
        <ele>38.41</ele>
      </trkpt>
      <trkpt lat="48.86381537653506" lon="2.5653879158198833">
        <ele>38.28</ele>
      </trkpt>
      <trkpt lat="48.86367472819984" lon="2.5650268234312534">
        <ele>38.16</ele>
      </trkpt>
      <trkpt lat="48.86353491805494" lon="2.56466799415648">
        <ele>38.05</ele>
      </trkpt>
      <trkpt lat="48.86339477263391" lon="2.5644792336970568">
        <ele>37.96</ele>
      </trkpt>
      <trkpt lat="48.86325496248901" lon="2.564290976151824">
        <ele>38.01</ele>
      </trkpt>
      <trkpt lat="48.86303418315947" lon="2.5639851205050945">
        <ele>38.1</ele>
      </trkpt>
      <trkpt lat="48.862813990563154" lon="2.563679935410619">
        <ele>38.14</ele>
      </trkpt>
      <trkpt lat="48.86253998614848" lon="2.5636139698326588">
        <ele>38.15</ele>
      </trkpt>
      <trkpt lat="48.862430937588215" lon="2.563420934602618">
        <ele>38.16</ele>
      </trkpt>
      <trkpt lat="48.862323984503746" lon="2.5633259676396847">
        <ele>38.18</ele>
      </trkpt>
      <trkpt lat="48.8621589448303" lon="2.5631349440664053">
        <ele>38.14</ele>
      </trkpt>
      <trkpt lat="48.86205098591745" lon="2.56288792937994">
        <ele>38.17</ele>
      </trkpt>
      <trkpt lat="48.86195727623999" lon="2.562670586630702">
        <ele>38.22</ele>
      </trkpt>
      <trkpt lat="48.86186398565769" lon="2.5624539982527494">
        <ele>38.29</ele>
      </trkpt>
      <trkpt lat="48.861724929884076" lon="2.56213397718966">
        <ele>38.39</ele>
      </trkpt>
      <trkpt lat="48.861635997891426" lon="2.5619389303028584">
        <ele>38.43</ele>
      </trkpt>
      <trkpt lat="48.861514711752534" lon="2.5616569630801678">
        <ele>38.46</ele>
      </trkpt>
      <trkpt lat="48.86139392852783" lon="2.561375917866826">
        <ele>38.49</ele>
      </trkpt>
      <trkpt lat="48.86143499985337" lon="2.561218924820423">
        <ele>38.96</ele>
      </trkpt>
      <trkpt lat="48.86124967597425" lon="2.5608633644878864">
        <ele>38.54</ele>
      </trkpt>
      <trkpt lat="48.86106493882835" lon="2.5605089776217937">
        <ele>38.9</ele>
      </trkpt>
      <trkpt lat="48.86090819723904" lon="2.5602074805647135">
        <ele>38.6</ele>
      </trkpt>
      <trkpt lat="48.860751958563924" lon="2.559906989336014">
        <ele>38.86</ele>
      </trkpt>
      <trkpt lat="48.86063092388213" lon="2.5597989466041327">
        <ele>38.8</ele>
      </trkpt>
      <trkpt lat="48.860451467335224" lon="2.5595910754054785">
        <ele>38.51</ele>
      </trkpt>
      <trkpt lat="48.86027201078832" lon="2.559383288025856">
        <ele>38.47</ele>
      </trkpt>
      <trkpt lat="48.86009297333658" lon="2.559175919741392">
        <ele>38.58</ele>
      </trkpt>
      <trkpt lat="48.859944865107536" lon="2.559046922251582">
        <ele>38.4</ele>
      </trkpt>
      <trkpt lat="48.85979692451656" lon="2.558917924761772">
        <ele>38.43</ele>
      </trkpt>
      <trkpt lat="48.85957698337734" lon="2.5587479397654533">
        <ele>38.32</ele>
      </trkpt>
      <trkpt lat="48.85941043496132" lon="2.5586694851517677">
        <ele>38.17</ele>
      </trkpt>
      <trkpt lat="48.85924397036433" lon="2.5585909467190504">
        <ele>38.09</ele>
      </trkpt>
      <trkpt lat="48.859118996188045" lon="2.5584989972412586">
        <ele>38.01</ele>
      </trkpt>
      <trkpt lat="48.85892076417804" lon="2.558280313387513">
        <ele>37.96</ele>
      </trkpt>
      <trkpt lat="48.85872295126319" lon="2.5580619648098946">
        <ele>37.87</ele>
      </trkpt>
      <trkpt lat="48.858592277392745" lon="2.557873707264662">
        <ele>37.86</ele>
      </trkpt>
      <trkpt lat="48.85846193879843" lon="2.5576859526336193">
        <ele>37.74</ele>
      </trkpt>
      <trkpt lat="48.858368983492255" lon="2.5575639959424734">
        <ele>37.67</ele>
      </trkpt>
      <trkpt lat="48.85819480754435" lon="2.5573758222162724">
        <ele>37.7</ele>
      </trkpt>
      <trkpt lat="48.85802096687257" lon="2.557187983766198">
        <ele>37.59</ele>
      </trkpt>
      <trkpt lat="48.85789196938276" lon="2.5570909213274717">
        <ele>37.57</ele>
      </trkpt>
      <trkpt lat="48.85773095302284" lon="2.5570659432560205">
        <ele>37.53</ele>
      </trkpt>
      <trkpt lat="48.85753749869764" lon="2.5571174919605255">
        <ele>37.57</ele>
      </trkpt>
      <trkpt lat="48.85734396055341" lon="2.5571689568459988">
        <ele>37.42</ele>
      </trkpt>
      <trkpt lat="48.85718998499215" lon="2.5571519415825605">
        <ele>37.37</ele>
      </trkpt>
      <trkpt lat="48.857038440182805" lon="2.557083461433649">
        <ele>37.42</ele>
      </trkpt>
      <trkpt lat="48.856886979192495" lon="2.5570149812847376">
        <ele>37.32</ele>
      </trkpt>
      <trkpt lat="48.85674599558115" lon="2.55691297352314">
        <ele>37.33</ele>
      </trkpt>
      <trkpt lat="48.85658682323992" lon="2.556749861687422">
        <ele>37.44</ele>
      </trkpt>
      <trkpt lat="48.85642798617482" lon="2.556586917489767">
        <ele>37.41</ele>
      </trkpt>
      <trkpt lat="48.856198992580175" lon="2.5563349574804306">
        <ele>37.46</ele>
      </trkpt>
      <trkpt lat="48.856004951521754" lon="2.5560699217021465">
        <ele>37.39</ele>
      </trkpt>
      <trkpt lat="48.855874948203564" lon="2.555855931714177">
        <ele>37.32</ele>
      </trkpt>
      <trkpt lat="48.855718206614256" lon="2.555600618943572">
        <ele>37.31</ele>
      </trkpt>
      <trkpt lat="48.85556196793914" lon="2.5553459767252207">
        <ele>37.24</ele>
      </trkpt>
      <trkpt lat="48.85543992742896" lon="2.555137937888503">
        <ele>37.19</ele>
      </trkpt>
      <trkpt lat="48.85533280670643" lon="2.554924115538597">
        <ele>37.2</ele>
      </trkpt>
      <trkpt lat="48.85522593744099" lon="2.554710963740945">
        <ele>37.16</ele>
      </trkpt>
      <trkpt lat="48.855127952992916" lon="2.55444492213428">
        <ele>37.12</ele>
      </trkpt>
      <trkpt lat="48.85503474622965" lon="2.5541062094271183">
        <ele>37.16</ele>
      </trkpt>
      <trkpt lat="48.85494195856154" lon="2.5537689216434956">
        <ele>37.19</ele>
      </trkpt>
      <trkpt lat="48.85492192581296" lon="2.553418977186084">
        <ele>37.23</ele>
      </trkpt>
      <trkpt lat="48.85492259636521" lon="2.5529842916876078">
        <ele>37.28</ele>
      </trkpt>
      <trkpt lat="48.854923183098435" lon="2.5525496061891317">
        <ele>37.32</ele>
      </trkpt>
      <trkpt lat="48.85492376983166" lon="2.5521149206906557">
        <ele>37.42</ele>
      </trkpt>
      <trkpt lat="48.85492435656488" lon="2.5516802351921797">
        <ele>37.54</ele>
      </trkpt>
      <trkpt lat="48.85492502711713" lon="2.5512455496937037">
        <ele>37.59</ele>
      </trkpt>
      <trkpt lat="48.854925613850355" lon="2.5508108641952276">
        <ele>37.67</ele>
      </trkpt>
      <trkpt lat="48.85492620058358" lon="2.55037609487772">
        <ele>37.74</ele>
      </trkpt>
      <trkpt lat="48.85492687113583" lon="2.549941409379244">
        <ele>37.87</ele>
      </trkpt>
      <trkpt lat="48.85492745786905" lon="2.549506723880768">
        <ele>38.0</ele>
      </trkpt>
      <trkpt lat="48.85492796078324" lon="2.5490839406847954">
        <ele>38.15</ele>
      </trkpt>
      <trkpt lat="48.85490004904568" lon="2.5486786756664515">
        <ele>38.23</ele>
      </trkpt>
      <trkpt lat="48.85487222112715" lon="2.548273326829076">
        <ele>38.34</ele>
      </trkpt>
      <trkpt lat="48.85484430938959" lon="2.547868061810732">
        <ele>38.49</ele>
      </trkpt>
      <trkpt lat="48.85481648147106" lon="2.547462796792388">
        <ele>38.63</ele>
      </trkpt>
      <trkpt lat="48.85478898882866" lon="2.5470629800111055">
        <ele>38.83</ele>
      </trkpt>
      <trkpt lat="48.85484095662832" lon="2.5470479764044285">
        <ele>38.95</ele>
      </trkpt>
      <trkpt lat="48.85499912314117" lon="2.546815210953355">
        <ele>39.06</ele>
      </trkpt>
      <trkpt lat="48.85515695437789" lon="2.5465829484164715">
        <ele>39.16</ele>
      </trkpt>
      <trkpt lat="48.855187967419624" lon="2.5465379375964403">
        <ele>39.24</ele>
      </trkpt>
      <trkpt lat="48.855206994339824" lon="2.546411957591772">
        <ele>39.32</ele>
      </trkpt>
      <trkpt lat="48.85517396964133" lon="2.5460819620639086">
        <ele>39.39</ele>
      </trkpt>
      <trkpt lat="48.85511546395719" lon="2.5456343684345484">
        <ele>39.45</ele>
      </trkpt>
      <trkpt lat="48.85505687445402" lon="2.54518685862422">
        <ele>39.53</ele>
      </trkpt>
      <trkpt lat="48.854998368769884" lon="2.5447392649948597">
        <ele>39.54</ele>
      </trkpt>
      <trkpt lat="48.85493986308575" lon="2.544291755184531">
        <ele>39.57</ele>
      </trkpt>
      <trkpt lat="48.85488135740161" lon="2.543844161555171">
        <ele>39.5</ele>
      </trkpt>
      <trkpt lat="48.85482285171747" lon="2.5433966517448425">
        <ele>39.44</ele>
      </trkpt>
      <trkpt lat="48.8547642622143" lon="2.5429490581154823">
        <ele>39.4</ele>
      </trkpt>
      <trkpt lat="48.85470692999661" lon="2.542510936036706">
        <ele>39.49</ele>
      </trkpt>
      <trkpt lat="48.854654962196946" lon="2.5420801900327206">
        <ele>39.45</ele>
      </trkpt>
      <trkpt lat="48.85460299439728" lon="2.5416493602097034">
        <ele>39.4</ele>
      </trkpt>
      <trkpt lat="48.85455102659762" lon="2.5412185303866863">
        <ele>39.36</ele>
      </trkpt>
      <trkpt lat="48.854499058797956" lon="2.540787700563669">
        <ele>39.28</ele>
      </trkpt>
      <trkpt lat="48.85444709099829" lon="2.540356954559684">
        <ele>39.21</ele>
      </trkpt>
      <trkpt lat="48.854395961388946" lon="2.5399329978972673">
        <ele>39.05</ele>
      </trkpt>
      <trkpt lat="48.8543498609215" lon="2.5396111328154802">
        <ele>38.9</ele>
      </trkpt>
      <trkpt lat="48.85430376045406" lon="2.539289267733693">
        <ele>38.77</ele>
      </trkpt>
      <trkpt lat="48.85425799526274" lon="2.5389699172228575">
        <ele>38.72</ele>
      </trkpt>
      <trkpt lat="48.85421248152852" lon="2.538651153445244">
        <ele>38.65</ele>
      </trkpt>
      <trkpt lat="48.85416705161333" lon="2.5383323058485985">
        <ele>38.56</ele>
      </trkpt>
      <trkpt lat="48.85412195697427" lon="2.5380159728229046">
        <ele>38.46</ele>
      </trkpt>
      <trkpt lat="48.8540823943913" lon="2.5376148987561464">
        <ele>38.36</ele>
      </trkpt>
      <trkpt lat="48.85404299944639" lon="2.537215920165181">
        <ele>38.27</ele>
      </trkpt>
      <trkpt lat="48.85400092229247" lon="2.5370049476623535">
        <ele>38.14</ele>
      </trkpt>
      <trkpt lat="48.85393294505775" lon="2.5368459429591894">
        <ele>38.05</ele>
      </trkpt>
      <trkpt lat="48.8539579231292" lon="2.5366459507495165">
        <ele>37.98</ele>
      </trkpt>
      <trkpt lat="48.854025984182954" lon="2.536571938544512">
        <ele>37.92</ele>
      </trkpt>
      <trkpt lat="48.85419295169413" lon="2.536528939381242">
        <ele>37.88</ele>
      </trkpt>
      <trkpt lat="48.85425992310047" lon="2.536510918289423">
        <ele>37.84</ele>
      </trkpt>
      <trkpt lat="48.85421583428979" lon="2.5361469760537148">
        <ele>37.79</ele>
      </trkpt>
      <trkpt lat="48.8541719969362" lon="2.535784961655736">
        <ele>37.77</ele>
      </trkpt>
      <trkpt lat="48.854130171239376" lon="2.5354397110641003">
        <ele>37.74</ele>
      </trkpt>
      <trkpt lat="48.85408842936158" lon="2.5350944604724646">
        <ele>37.7</ele>
      </trkpt>
      <trkpt lat="48.85404693894088" lon="2.5347519759088755">
        <ele>37.65</ele>
      </trkpt>
      <trkpt lat="48.854027995839715" lon="2.534414939582348">
        <ele>37.62</ele>
      </trkpt>
      <trkpt lat="48.85401642881334" lon="2.5341302063316107">
        <ele>37.58</ele>
      </trkpt>
      <trkpt lat="48.85400494560599" lon="2.5338469818234444">
        <ele>37.52</ele>
      </trkpt>
      <trkpt lat="48.853988936170936" lon="2.533470969647169">
        <ele>37.5</ele>
      </trkpt>
      <trkpt lat="48.85396236553788" lon="2.5330643635243177">
        <ele>37.43</ele>
      </trkpt>
      <trkpt lat="48.85393596254289" lon="2.532659936696291">
        <ele>37.44</ele>
      </trkpt>
      <trkpt lat="48.85390595532954" lon="2.5323299411684275">
        <ele>37.46</ele>
      </trkpt>
      <trkpt lat="48.85388994589448" lon="2.5321599561721087">
        <ele>37.47</ele>
      </trkpt>
      <trkpt lat="48.85384191758931" lon="2.5317779928445816">
        <ele>37.49</ele>
      </trkpt>
      <trkpt lat="48.853820376098156" lon="2.5315262842923403">
        <ele>37.5</ele>
      </trkpt>
      <trkpt lat="48.85379891842604" lon="2.5312759168446064">
        <ele>37.63</ele>
      </trkpt>
      <trkpt lat="48.85372423566878" lon="2.530937623232603">
        <ele>37.73</ele>
      </trkpt>
      <trkpt lat="48.85364997200668" lon="2.5306009221822023">
        <ele>37.87</ele>
      </trkpt>
      <trkpt lat="48.85354637168348" lon="2.5301953218877316">
        <ele>37.89</ele>
      </trkpt>
      <trkpt lat="48.85344277136028" lon="2.5297897215932608">
        <ele>37.87</ele>
      </trkpt>
      <trkpt lat="48.85333992540836" lon="2.5293869711458683">
        <ele>37.9</ele>
      </trkpt>
      <trkpt lat="48.85327379219234" lon="2.5290004815906286">
        <ele>37.91</ele>
      </trkpt>
      <trkpt lat="48.85320799425244" lon="2.5286159198731184">
        <ele>38.04</ele>
      </trkpt>
      <trkpt lat="48.85317086242139" lon="2.5282680708914995">
        <ele>38.18</ele>
      </trkpt>
      <trkpt lat="48.85313398204744" lon="2.5279219821095467">
        <ele>38.37</ele>
      </trkpt>
      <trkpt lat="48.85308519937098" lon="2.527467431500554">
        <ele>38.54</ele>
      </trkpt>
      <trkpt lat="48.85303633287549" lon="2.5270128808915615">
        <ele>38.66</ele>
      </trkpt>
      <trkpt lat="48.85298796929419" lon="2.5265619345009327">
        <ele>38.85</ele>
      </trkpt>
      <trkpt lat="48.852966260164976" lon="2.526162536814809">
        <ele>39.05</ele>
      </trkpt>
      <trkpt lat="48.85294455103576" lon="2.525763139128685">
        <ele>39.28</ele>
      </trkpt>
      <trkpt lat="48.852922758087516" lon="2.525363741442561">
        <ele>39.44</ele>
      </trkpt>
      <trkpt lat="48.8529010489583" lon="2.5249642599374056">
        <ele>39.57</ele>
      </trkpt>
      <trkpt lat="48.85287933982909" lon="2.5245648622512817">
        <ele>39.84</ele>
      </trkpt>
      <trkpt lat="48.852857965976" lon="2.5241719186306">
        <ele>40.21</ele>
      </trkpt>
      <trkpt lat="48.852811865508556" lon="2.5237591937184334">
        <ele>40.56</ele>
      </trkpt>
      <trkpt lat="48.85276568122208" lon="2.523346468806267">
        <ele>40.99</ele>
      </trkpt>
      <trkpt lat="48.852719999849796" lon="2.5229369290173054">
        <ele>41.47</ele>
      </trkpt>
      <trkpt lat="48.85269686579704" lon="2.522676754742861">
        <ele>41.93</ele>
      </trkpt>
      <trkpt lat="48.852673983201385" lon="2.5224179215729237">
        <ele>42.46</ele>
      </trkpt>
      <trkpt lat="48.85265286080539" lon="2.5220833998173475">
        <ele>42.96</ele>
      </trkpt>
      <trkpt lat="48.85263182222843" lon="2.5217487942427397">
        <ele>43.48</ele>
      </trkpt>
      <trkpt lat="48.852610951289535" lon="2.5214169546961784">
        <ele>44.05</ele>
      </trkpt>
      <trkpt lat="48.85258236899972" lon="2.521054521203041">
        <ele>44.59</ele>
      </trkpt>
      <trkpt lat="48.85255395434797" lon="2.5206939317286015">
        <ele>45.05</ele>
      </trkpt>
      <trkpt lat="48.85253593325615" lon="2.5205249525606632">
        <ele>45.47</ele>
      </trkpt>
      <trkpt lat="48.85249888524413" lon="2.5201534666121006">
        <ele>45.83</ele>
      </trkpt>
      <trkpt lat="48.852461921051145" lon="2.519783992320299">
        <ele>46.16</ele>
      </trkpt>
      <trkpt lat="48.85242990218103" lon="2.5195067189633846">
        <ele>46.4</ele>
      </trkpt>
      <trkpt lat="48.852397967129946" lon="2.519230954349041">
        <ele>46.68</ele>
      </trkpt>
      <trkpt lat="48.85236293077469" lon="2.5191009510308504">
        <ele>46.9</ele>
      </trkpt>
      <trkpt lat="48.8523589912802" lon="2.5190729554742575">
        <ele>47.05</ele>
      </trkpt>
      <trkpt lat="48.85232294909656" lon="2.518802974373102">
        <ele>47.21</ele>
      </trkpt>
      <trkpt lat="48.85230492800474" lon="2.5186479929834604">
        <ele>47.25</ele>
      </trkpt>
      <trkpt lat="48.852330995723605" lon="2.5185169838368893">
        <ele>47.27</ele>
      </trkpt>
      <trkpt lat="48.852291852235794" lon="2.518230238929391">
        <ele>47.23</ele>
      </trkpt>
      <trkpt lat="48.85225296020508" lon="2.5179449189454317">
        <ele>47.04</ele>
      </trkpt>
      <trkpt lat="48.852197136729956" lon="2.5175382290035486">
        <ele>46.78</ele>
      </trkpt>
      <trkpt lat="48.85214131325483" lon="2.517131455242634">
        <ele>46.47</ele>
      </trkpt>
      <trkpt lat="48.8520859926939" lon="2.516727950423956">
        <ele>46.04</ele>
      </trkpt>
      <trkpt lat="48.85199597105384" lon="2.516446989029646">
        <ele>45.69</ele>
      </trkpt>
      <trkpt lat="48.8519979827106" lon="2.51634799875319">
        <ele>45.34</ele>
      </trkpt>
      <trkpt lat="48.8519393093884" lon="2.516108863055706">
        <ele>44.98</ele>
      </trkpt>
      <trkpt lat="48.851880971342325" lon="2.5158709846436977">
        <ele>44.49</ele>
      </trkpt>
      <trkpt lat="48.851816933602095" lon="2.515498995780945">
        <ele>44.04</ele>
      </trkpt>
      <trkpt lat="48.851752979680896" lon="2.5154449325054884">
        <ele>43.59</ele>
      </trkpt>
      <trkpt lat="48.851749962195754" lon="2.5154289230704308">
        <ele>43.15</ele>
      </trkpt>
      <trkpt lat="48.851687936112285" lon="2.5150819960981607">
        <ele>42.72</ele>
      </trkpt>
      <trkpt lat="48.85162599384785" lon="2.515002954751253">
        <ele>42.26</ele>
      </trkpt>
      <trkpt lat="48.851601937785745" lon="2.514884937554598">
        <ele>41.81</ele>
      </trkpt>
      <trkpt lat="48.85153044015169" lon="2.514522420242429">
        <ele>41.45</ele>
      </trkpt>
      <trkpt lat="48.85145894251764" lon="2.514159819111228">
        <ele>41.0</ele>
      </trkpt>
      <trkpt lat="48.851387947797775" lon="2.513799984008074">
        <ele>40.45</ele>
      </trkpt>
      <trkpt lat="48.85135693475604" lon="2.5137459207326174">
        <ele>40.04</ele>
      </trkpt>
      <trkpt lat="48.851190973073244" lon="2.5137979723513126">
        <ele>39.55</ele>
      </trkpt>
      <trkpt lat="48.851107992231846" lon="2.513571996241808">
        <ele>39.2</ele>
      </trkpt>
      <trkpt lat="48.85107798501849" lon="2.5135359540581703">
        <ele>38.85</ele>
      </trkpt>
      <trkpt lat="48.85086097754538" lon="2.513465965166688">
        <ele>38.56</ele>
      </trkpt>
      <trkpt lat="48.85064397007227" lon="2.5133959762752056">
        <ele>38.17</ele>
      </trkpt>
      <trkpt lat="48.85058294981718" lon="2.5133359618484974">
        <ele>37.92</ele>
      </trkpt>
      <trkpt lat="48.85051991790533" lon="2.5132119935005903">
        <ele>37.7</ele>
      </trkpt>
      <trkpt lat="48.85036795400083" lon="2.513151979073882">
        <ele>37.5</ele>
      </trkpt>
      <trkpt lat="48.85015773586929" lon="2.512915274128318">
        <ele>37.36</ele>
      </trkpt>
      <trkpt lat="48.849947936832905" lon="2.512678988277912">
        <ele>37.26</ele>
      </trkpt>
      <trkpt lat="48.84971072897315" lon="2.512419233098626">
        <ele>37.15</ele>
      </trkpt>
      <trkpt lat="48.849473940208554" lon="2.5121599808335304">
        <ele>37.06</ele>
      </trkpt>
      <trkpt lat="48.8492332957685" lon="2.511936854571104">
        <ele>36.86</ele>
      </trkpt>
      <trkpt lat="48.84899298660457" lon="2.511713979765773">
        <ele>36.83</ele>
      </trkpt>
      <trkpt lat="48.84878293611109" lon="2.5115779414772987">
        <ele>36.87</ele>
      </trkpt>
      <trkpt lat="48.84850339964032" lon="2.511412398889661">
        <ele>36.8</ele>
      </trkpt>
      <trkpt lat="48.84822394698858" lon="2.5112469401210546">
        <ele>37.09</ele>
      </trkpt>
      <trkpt lat="48.847994953393936" lon="2.511144932359457">
        <ele>36.87</ele>
      </trkpt>
      <trkpt lat="48.84776595979929" lon="2.5110429245978594">
        <ele>37.19</ele>
      </trkpt>
      <trkpt lat="48.84754166007042" lon="2.510967319831252">
        <ele>36.95</ele>
      </trkpt>
      <trkpt lat="48.84731727652252" lon="2.510891631245613">
        <ele>37.04</ele>
      </trkpt>
      <trkpt lat="48.84709297679365" lon="2.510815942659974">
        <ele>37.55</ele>
      </trkpt>
      <trkpt lat="48.84684965014458" lon="2.5107823312282562">
        <ele>37.15</ele>
      </trkpt>
      <trkpt lat="48.84660632349551" lon="2.5107486359775066">
        <ele>37.18</ele>
      </trkpt>
      <trkpt lat="48.84636299684644" lon="2.510714940726757">
        <ele>37.79</ele>
      </trkpt>
      <trkpt lat="48.84611296467483" lon="2.510691974312067">
        <ele>37.3</ele>
      </trkpt>
      <trkpt lat="48.845863016322255" lon="2.5106689240783453">
        <ele>37.39</ele>
      </trkpt>
      <trkpt lat="48.84561298415065" lon="2.5106459576636553">
        <ele>38.07</ele>
      </trkpt>
      <trkpt lat="48.84550594724715" lon="2.51063397154212">
        <ele>38.15</ele>
      </trkpt>
      <trkpt lat="48.84531391784549" lon="2.5105829257518053">
        <ele>37.48</ele>
      </trkpt>
      <trkpt lat="48.845136975869536" lon="2.5106409285217524">
        <ele>38.29</ele>
      </trkpt>
      <trkpt lat="48.84497000835836" lon="2.510688453912735">
        <ele>37.63</ele>
      </trkpt>
      <trkpt lat="48.84480295702815" lon="2.5107359793037176">
        <ele>38.49</ele>
      </trkpt>
      <trkpt lat="48.844564240425825" lon="2.5107617117464542">
        <ele>37.91</ele>
      </trkpt>
      <trkpt lat="48.8443255238235" lon="2.510787444189191">
        <ele>38.01</ele>
      </trkpt>
      <trkpt lat="48.844086807221174" lon="2.5108131766319275">
        <ele>38.03</ele>
      </trkpt>
      <trkpt lat="48.843847922980785" lon="2.510838992893696">
        <ele>38.72</ele>
      </trkpt>
      <trkpt lat="48.843689924106" lon="2.5109094846993685">
        <ele>38.1</ele>
      </trkpt>
      <trkpt lat="48.84353192523122" lon="2.510979976505041">
        <ele>38.77</ele>
      </trkpt>
      <trkpt lat="48.8433186057955" lon="2.5110729318112135">
        <ele>38.35</ele>
      </trkpt>
      <trkpt lat="48.84310528635979" lon="2.5111659709364176">
        <ele>38.49</ele>
      </trkpt>
      <trkpt lat="48.84289196692407" lon="2.51125892624259">
        <ele>38.85</ele>
      </trkpt>
      <trkpt lat="48.842641934752464" lon="2.511338973417878">
        <ele>38.72</ele>
      </trkpt>
      <trkpt lat="48.84239198639989" lon="2.5114189367741346">
        <ele>38.79</ele>
      </trkpt>
      <trkpt lat="48.84232199750841" lon="2.5114369578659534">
        <ele>38.8</ele>
      </trkpt>
      <trkpt lat="48.84226592257619" lon="2.511460930109024">
        <ele>38.82</ele>
      </trkpt>
      <trkpt lat="48.84195872582495" lon="2.511559668928385">
        <ele>39.47</ele>
      </trkpt>
      <trkpt lat="48.841651529073715" lon="2.5116584915667772">
        <ele>39.76</ele>
      </trkpt>
      <trkpt lat="48.84134424850345" lon="2.511757230386138">
        <ele>40.06</ele>
      </trkpt>
      <trkpt lat="48.84103696793318" lon="2.5118559692054987">
        <ele>38.96</ele>
      </trkpt>
      <trkpt lat="48.84078794158995" lon="2.5119469966739416">
        <ele>38.93</ele>
      </trkpt>
      <trkpt lat="48.8405124284327" lon="2.512104492634535">
        <ele>40.84</ele>
      </trkpt>
      <trkpt lat="48.840236999094486" lon="2.512261988595128">
        <ele>38.78</ele>
      </trkpt>
      <trkpt lat="48.840096686035395" lon="2.511843563988805">
        <ele>41.4</ele>
      </trkpt>
      <trkpt lat="48.839956959709525" lon="2.5114269834011793">
        <ele>41.69</ele>
      </trkpt>
      <trkpt lat="48.83984807878733" lon="2.511104280129075">
        <ele>42.0</ele>
      </trkpt>
      <trkpt lat="48.83973919786513" lon="2.510781576856971">
        <ele>42.34</ele>
      </trkpt>
      <trkpt lat="48.839630987495184" lon="2.5104609690606594">
        <ele>42.66</ele>
      </trkpt>
      <trkpt lat="48.83950366638601" lon="2.5100713782012463">
        <ele>43.03</ele>
      </trkpt>
      <trkpt lat="48.839376429095864" lon="2.509681787341833">
        <ele>43.33</ele>
      </trkpt>
      <trkpt lat="48.83924910798669" lon="2.50929219648242">
        <ele>43.61</ele>
      </trkpt>
      <trkpt lat="48.83912296034396" lon="2.5089059583842754">
        <ele>43.81</ele>
      </trkpt>
      <trkpt lat="48.83902497589588" lon="2.508651986718178">
        <ele>43.93</ele>
      </trkpt>
      <trkpt lat="48.8389082159847" lon="2.5083219911903143">
        <ele>44.07</ele>
      </trkpt>
      <trkpt lat="48.83879145607352" lon="2.5079920794814825">
        <ele>44.19</ele>
      </trkpt>
      <trkpt lat="48.83867469616234" lon="2.5076621677726507">
        <ele>44.2</ele>
      </trkpt>
      <trkpt lat="48.838558942079544" lon="2.507334938272834">
        <ele>44.24</ele>
      </trkpt>
      <trkpt lat="48.838454419746995" lon="2.5069945491850376">
        <ele>44.32</ele>
      </trkpt>
      <trkpt lat="48.838349813595414" lon="2.5066540762782097">
        <ele>44.4</ele>
      </trkpt>
      <trkpt lat="48.83824596181512" lon="2.50631595030427">
        <ele>44.41</ele>
      </trkpt>
      <trkpt lat="48.838100284338" lon="2.505894424393773">
        <ele>44.32</ele>
      </trkpt>
      <trkpt lat="48.83795469067991" lon="2.5054728146642447">
        <ele>44.24</ele>
      </trkpt>
      <trkpt lat="48.837809013202786" lon="2.505051288753748">
        <ele>44.18</ele>
      </trkpt>
      <trkpt lat="48.8376634195447" lon="2.5046296790242195">
        <ele>44.15</ele>
      </trkpt>
      <trkpt lat="48.837517742067575" lon="2.504208153113723">
        <ele>44.08</ele>
      </trkpt>
      <trkpt lat="48.837373992428184" lon="2.503791991621256">
        <ele>44.01</ele>
      </trkpt>
      <trkpt lat="48.837355971336365" lon="2.5037399400025606">
        <ele>43.93</ele>
      </trkpt>
      <trkpt lat="48.837250946089625" lon="2.5035529397428036">
        <ele>43.86</ele>
      </trkpt>
      <trkpt lat="48.83725999854505" lon="2.5031683780252934">
        <ele>43.76</ele>
      </trkpt>
      <trkpt lat="48.837268967181444" lon="2.5027859956026077">
        <ele>43.67</ele>
      </trkpt>
      <trkpt lat="48.83727399632335" lon="2.502562953159213">
        <ele>43.63</ele>
      </trkpt>
      <trkpt lat="48.83727592416108" lon="2.5022829975932837">
        <ele>43.63</ele>
      </trkpt>
      <trkpt lat="48.83727692998946" lon="2.502203956246376">
        <ele>43.63</ele>
      </trkpt>
      <trkpt lat="48.837281707674265" lon="2.501807911321521">
        <ele>43.63</ele>
      </trkpt>
      <trkpt lat="48.83728648535907" lon="2.501411782577634">
        <ele>43.66</ele>
      </trkpt>
      <trkpt lat="48.83729126304388" lon="2.5010157376527786">
        <ele>43.61</ele>
      </trkpt>
      <trkpt lat="48.83729595690966" lon="2.500623967498541">
        <ele>43.68</ele>
      </trkpt>
      <trkpt lat="48.83730391971767" lon="2.500223983079195">
        <ele>43.83</ele>
      </trkpt>
      <trkpt lat="48.83730299770832" lon="2.4998639803379774">
        <ele>44.08</ele>
      </trkpt>
      <trkpt lat="48.83730199187994" lon="2.499505989253521">
        <ele>44.32</ele>
      </trkpt>
      <trkpt lat="48.83730643428862" lon="2.4990567192435265">
        <ele>44.58</ele>
      </trkpt>
      <trkpt lat="48.837310960516334" lon="2.4986099638044834">
        <ele>44.89</ele>
      </trkpt>
      <trkpt lat="48.837314983829856" lon="2.498453976586461">
        <ele>45.26</ele>
      </trkpt>
      <trkpt lat="48.83731951005757" lon="2.4980438500642776">
        <ele>45.77</ele>
      </trkpt>
      <trkpt lat="48.83732395246625" lon="2.4976359866559505">
        <ele>46.25</ele>
      </trkpt>
      <trkpt lat="48.83732847869396" lon="2.497227368876338">
        <ele>46.71</ele>
      </trkpt>
      <trkpt lat="48.837333004921675" lon="2.4968187510967255">
        <ele>47.21</ele>
      </trkpt>
      <trkpt lat="48.83733753114939" lon="2.496410133317113">
        <ele>47.79</ele>
      </trkpt>
      <trkpt lat="48.83734197355807" lon="2.4960059579461813">
        <ele>48.44</ele>
      </trkpt>
      <trkpt lat="48.83734398521483" lon="2.495732707902789">
        <ele>49.06</ele>
      </trkpt>
      <trkpt lat="48.83734599687159" lon="2.495460966601968">
        <ele>49.69</ele>
      </trkpt>
      <trkpt lat="48.837480610236526" lon="2.495299279689789">
        <ele>50.39</ele>
      </trkpt>
      <trkpt lat="48.837614972144365" lon="2.4951379280537367">
        <ele>51.13</ele>
      </trkpt>
      <trkpt lat="48.837851928547025" lon="2.4948529433459044">
        <ele>51.87</ele>
      </trkpt>
      <trkpt lat="48.83800598792732" lon="2.4947939347475767">
        <ele>52.61</ele>
      </trkpt>
      <trkpt lat="48.838063990697265" lon="2.4947719741612673">
        <ele>53.33</ele>
      </trkpt>
      <trkpt lat="48.83809592574835" lon="2.4946659430861473">
        <ele>54.07</ele>
      </trkpt>
      <trkpt lat="48.838086957111955" lon="2.494559995830059">
        <ele>54.85</ele>
      </trkpt>
      <trkpt lat="48.83807195350528" lon="2.494178954511881">
        <ele>55.68</ele>
      </trkpt>
      <trkpt lat="48.838066924363375" lon="2.4940739292651415">
        <ele>56.48</ele>
      </trkpt>
      <trkpt lat="48.838021997362375" lon="2.493945937603712">
        <ele>57.28</ele>
      </trkpt>
      <trkpt lat="48.83818594738841" lon="2.4939049500972033">
        <ele>58.11</ele>
      </trkpt>
      <trkpt lat="48.83827093988657" lon="2.493808977305889">
        <ele>59.0</ele>
      </trkpt>
      <trkpt lat="48.83833397179842" lon="2.4936009384691715">
        <ele>59.91</ele>
      </trkpt>
      <trkpt lat="48.8383349776268" lon="2.4934459570795298">
        <ele>60.78</ele>
      </trkpt>
      <trkpt lat="48.83833296597004" lon="2.493300950154662">
        <ele>61.63</ele>
      </trkpt>
      <trkpt lat="48.8383299484849" lon="2.493103975430131">
        <ele>62.46</ele>
      </trkpt>
      <trkpt lat="48.83829792961478" lon="2.492863917723298">
        <ele>63.27</ele>
      </trkpt>
      <trkpt lat="48.838280998170376" lon="2.492504920810461">
        <ele>64.03</ele>
      </trkpt>
      <trkpt lat="48.83827496320009" lon="2.4923439882695675">
        <ele>64.79</ele>
      </trkpt>
      <trkpt lat="48.838263396173716" lon="2.4920807126909494">
        <ele>65.55</ele>
      </trkpt>
      <trkpt lat="48.8382519967854" lon="2.4918189458549023">
        <ele>66.33</ele>
      </trkpt>
      <trkpt lat="48.8382469676435" lon="2.4917269963771105">
        <ele>67.13</ele>
      </trkpt>
      <trkpt lat="48.83824495598674" lon="2.4916809797286987">
        <ele>67.93</ele>
      </trkpt>
      <trkpt lat="48.83824294432998" lon="2.4915129225701094">
        <ele>68.78</ele>
      </trkpt>
      <trkpt lat="48.83829197846353" lon="2.491305973380804">
        <ele>69.67</ele>
      </trkpt>
      <trkpt lat="48.838301952928305" lon="2.4911529198288918">
        <ele>70.52</ele>
      </trkpt>
      <trkpt lat="48.83831393904984" lon="2.490995926782489">
        <ele>71.38</ele>
      </trkpt>
      <trkpt lat="48.83831997402012" lon="2.490903977304697">
        <ele>72.18</ele>
      </trkpt>
      <trkpt lat="48.83831293322146" lon="2.4907059967517853">
        <ele>73.0</ele>
      </trkpt>
      <trkpt lat="48.838323494419456" lon="2.4903384502977133">
        <ele>73.82</ele>
      </trkpt>
      <trkpt lat="48.83833397179842" lon="2.489972999319434">
        <ele>74.56</ele>
      </trkpt>
      <trkpt lat="48.83829683996737" lon="2.4897072929888964">
        <ele>75.29</ele>
      </trkpt>
      <trkpt lat="48.838259959593415" lon="2.489442927762866">
        <ele>75.97</ele>
      </trkpt>
      <trkpt lat="48.83818494156003" lon="2.489096922799945">
        <ele>76.67</ele>
      </trkpt>
      <trkpt lat="48.838173961266875" lon="2.489060964435339">
        <ele>77.32</ele>
      </trkpt>
      <trkpt lat="48.838193994015455" lon="2.4889049772173166">
        <ele>78.0</ele>
      </trkpt>
      <trkpt lat="48.83820899762213" lon="2.4887769855558872">
        <ele>78.64</ele>
      </trkpt>
      <trkpt lat="48.838239926844835" lon="2.4885689467191696">
        <ele>79.26</ele>
      </trkpt>
      <trkpt lat="48.838292732834816" lon="2.488213051110506">
        <ele>79.8</ele>
      </trkpt>
      <trkpt lat="48.8383455388248" lon="2.4878571555018425">
        <ele>80.32</ele>
      </trkpt>
      <trkpt lat="48.83839792571962" lon="2.487503942102194">
        <ele>80.81</ele>
      </trkpt>
      <trkpt lat="48.838411923497915" lon="2.4873909540474415">
        <ele>81.25</ele>
      </trkpt>
      <trkpt lat="48.8383849337697" lon="2.4872689973562956">
        <ele>81.66</ele>
      </trkpt>
      <trkpt lat="48.838347969576716" lon="2.4871049635112286">
        <ele>82.05</ele>
      </trkpt>
      <trkpt lat="48.838327936828136" lon="2.487009996548295">
        <ele>82.43</ele>
      </trkpt>
      <trkpt lat="48.838280998170376" lon="2.486800951883197">
        <ele>82.74</ele>
      </trkpt>
      <trkpt lat="48.83827093988657" lon="2.486736997961998">
        <ele>83.05</ele>
      </trkpt>
      <trkpt lat="48.8382453750819" lon="2.486412115395069">
        <ele>83.3</ele>
      </trkpt>
      <trkpt lat="48.83821997791529" lon="2.4860889930278063">
        <ele>83.61</ele>
      </trkpt>
      <trkpt lat="48.83820899762213" lon="2.4859909247606993">
        <ele>83.87</ele>
      </trkpt>
      <trkpt lat="48.83817899040878" lon="2.4856379628181458">
        <ele>84.15</ele>
      </trkpt>
      <trkpt lat="48.838154431432486" lon="2.4853110685944557">
        <ele>84.39</ele>
      </trkpt>
      <trkpt lat="48.838129956275225" lon="2.4849859345704317">
        <ele>84.61</ele>
      </trkpt>
      <trkpt lat="48.838089974597096" lon="2.4846949987113476">
        <ele>84.78</ele>
      </trkpt>
      <trkpt lat="48.83803398348391" lon="2.484296942129731">
        <ele>84.93</ele>
      </trkpt>
      <trkpt lat="48.838020991533995" lon="2.4842179846018553">
        <ele>84.97</ele>
      </trkpt>
      <trkpt lat="48.83789869956672" lon="2.4839268811047077">
        <ele>85.02</ele>
      </trkpt>
      <trkpt lat="48.83777699433267" lon="2.483636951074004">
        <ele>85.0</ele>
      </trkpt>
      <trkpt lat="48.83768797852099" lon="2.4832869227975607">
        <ele>84.88</ele>
      </trkpt>
      <trkpt lat="48.8376288022846" lon="2.4830564204603434">
        <ele>84.66</ele>
      </trkpt>
      <trkpt lat="48.837569961324334" lon="2.4828269239515066">
        <ele>84.38</ele>
      </trkpt>
      <trkpt lat="48.837441969662905" lon="2.4825359880924225">
        <ele>84.02</ele>
      </trkpt>
      <trkpt lat="48.837251951918006" lon="2.4821969401091337">
        <ele>83.58</ele>
      </trkpt>
      <trkpt lat="48.83714072406292" lon="2.4818948563188314">
        <ele>83.2</ele>
      </trkpt>
      <trkpt lat="48.837029999122024" lon="2.481593945994973">
        <ele>82.84</ele>
      </trkpt>
      <trkpt lat="48.836919190362096" lon="2.4812828097492456">
        <ele>82.44</ele>
      </trkpt>
      <trkpt lat="48.83680896833539" lon="2.480972930788994">
        <ele>81.96</ele>
      </trkpt>
      <trkpt lat="48.83675582706928" lon="2.4805595353245735">
        <ele>81.42</ele>
      </trkpt>
      <trkpt lat="48.836702685803175" lon="2.480146139860153">
        <ele>80.81</ele>
      </trkpt>
      <trkpt lat="48.836649963632226" lon="2.479735929518938">
        <ele>80.21</ele>
      </trkpt>
      <trkpt lat="48.83664392866194" lon="2.479573991149664">
        <ele>79.68</ele>
      </trkpt>
      <trkpt lat="48.83661492727697" lon="2.479411968961358">
        <ele>79.12</ele>
      </trkpt>
      <trkpt lat="48.8365719281137" lon="2.4793019983917475">
        <ele>78.58</ele>
      </trkpt>
      <trkpt lat="48.83647997863591" lon="2.4791549798101187">
        <ele>78.03</ele>
      </trkpt>
      <trkpt lat="48.836413929238915" lon="2.4791349470615387">
        <ele>77.48</ele>
      </trkpt>
      <trkpt lat="48.8364059664309" lon="2.4791049398481846">
        <ele>76.96</ele>
      </trkpt>
      <trkpt lat="48.836411917582154" lon="2.478875946253538">
        <ele>76.41</ele>
      </trkpt>
      <trkpt lat="48.836414432153106" lon="2.4785856809467077">
        <ele>75.9</ele>
      </trkpt>
      <trkpt lat="48.83641694672406" lon="2.478296924382448">
        <ele>75.37</ele>
      </trkpt>
      <trkpt lat="48.83632994256914" lon="2.477856958284974">
        <ele>74.85</ele>
      </trkpt>
      <trkpt lat="48.83625576272607" lon="2.477552695199847">
        <ele>74.37</ele>
      </trkpt>
      <trkpt lat="48.83618191815913" lon="2.477249940857291">
        <ele>73.96</ele>
      </trkpt>
      <trkpt lat="48.83607496507466" lon="2.4768219608813524">
        <ele>73.54</ele>
      </trkpt>
      <trkpt lat="48.836045963689685" lon="2.476703943684697">
        <ele>73.11</ele>
      </trkpt>
      <trkpt lat="48.83603699505329" lon="2.4766699969768524">
        <ele>72.71</ele>
      </trkpt>
      <trkpt lat="48.83601293899119" lon="2.476572934538126">
        <ele>72.31</ele>
      </trkpt>
      <trkpt lat="48.83593029342592" lon="2.476240675896406">
        <ele>71.89</ele>
      </trkpt>
      <trkpt lat="48.83584798313677" lon="2.4759099259972572">
        <ele>71.53</ele>
      </trkpt>
      <trkpt lat="48.83578076027334" lon="2.4756448063999414">
        <ele>71.21</ele>
      </trkpt>
      <trkpt lat="48.83571395650506" lon="2.4753809440881014">
        <ele>70.92</ele>
      </trkpt>
      <trkpt lat="48.835646314546466" lon="2.4751343484967947">
        <ele>70.65</ele>
      </trkpt>
      <trkpt lat="48.83557892404497" lon="2.474888926371932">
        <ele>70.37</ele>
      </trkpt>
      <trkpt lat="48.835534919053316" lon="2.4745689891278744">
        <ele>70.07</ele>
      </trkpt>
      <trkpt lat="48.83552494458854" lon="2.474486930295825">
        <ele>69.75</ele>
      </trkpt>
      <trkpt lat="48.83551999926567" lon="2.4744519777595997">
        <ele>69.43</ele>
      </trkpt>
      <trkpt lat="48.83546392433345" lon="2.474121982231736">
        <ele>69.04</ele>
      </trkpt>
      <trkpt lat="48.83553994819522" lon="2.473945962265134">
        <ele>68.68</ele>
      </trkpt>
      <trkpt lat="48.8355599809438" lon="2.473740940913558">
        <ele>68.31</ele>
      </trkpt>
      <trkpt lat="48.83560499176383" lon="2.4733659345656633">
        <ele>67.94</ele>
      </trkpt>
      <trkpt lat="48.83561094291508" lon="2.473308937624097">
        <ele>67.58</ele>
      </trkpt>
      <trkpt lat="48.83566592819989" lon="2.4729129765182734">
        <ele>67.1</ele>
      </trkpt>
      <trkpt lat="48.835767935961485" lon="2.4724669754505157">
        <ele>66.67</ele>
      </trkpt>
      <trkpt lat="48.8357999548316" lon="2.472339989617467">
        <ele>66.29</ele>
      </trkpt>
      <trkpt lat="48.83588897064328" lon="2.4719949904829264">
        <ele>65.83</ele>
      </trkpt>
      <trkpt lat="48.83592593483627" lon="2.471848977729678">
        <ele>65.41</ele>
      </trkpt>
      <trkpt lat="48.83598712272942" lon="2.4716153740882874">
        <ele>64.96</ele>
      </trkpt>
      <trkpt lat="48.836047975346446" lon="2.4713829439133406">
        <ele>64.57</ele>
      </trkpt>
      <trkpt lat="48.83608292788267" lon="2.4712539464235306">
        <ele>64.2</ele>
      </trkpt>
      <trkpt lat="48.8361591193825" lon="2.4709667824208736">
        <ele>63.88</ele>
      </trkpt>
      <trkpt lat="48.8362349756062" lon="2.470680959522724">
        <ele>63.55</ele>
      </trkpt>
      <trkpt lat="48.836316112428904" lon="2.470370242372155">
        <ele>63.2</ele>
      </trkpt>
      <trkpt lat="48.83639699779451" lon="2.4700609501451254">
        <ele>62.85</ele>
      </trkpt>
      <trkpt lat="48.836408983916044" lon="2.4698309507220984">
        <ele>62.51</ele>
      </trkpt>
      <trkpt lat="48.836434967815876" lon="2.469785939902067">
        <ele>62.17</ele>
      </trkpt>
      <trkpt lat="48.83650596253574" lon="2.4696379993110895">
        <ele>61.84</ele>
      </trkpt>
      <trkpt lat="48.836520966142416" lon="2.4695899710059166">
        <ele>61.51</ele>
      </trkpt>
      <trkpt lat="48.836626997217536" lon="2.469204654917121">
        <ele>61.18</ele>
      </trkpt>
      <trkpt lat="48.836733028292656" lon="2.468819422647357">
        <ele>60.86</ele>
      </trkpt>
      <trkpt lat="48.836839059367776" lon="2.4684341065585613">
        <ele>60.51</ele>
      </trkpt>
      <trkpt lat="48.83694517426193" lon="2.4680487904697657">
        <ele>60.13</ele>
      </trkpt>
      <trkpt lat="48.83704994805157" lon="2.467667916789651">
        <ele>59.78</ele>
      </trkpt>
      <trkpt lat="48.837099988013506" lon="2.467702953144908">
        <ele>59.51</ele>
      </trkpt>
      <trkpt lat="48.83730878122151" lon="2.467345967888832">
        <ele>59.27</ele>
      </trkpt>
      <trkpt lat="48.83751698769629" lon="2.466989988461137">
        <ele>59.08</ele>
      </trkpt>
      <trkpt lat="48.8376528583467" lon="2.4667365197092295">
        <ele>58.9</ele>
      </trkpt>
      <trkpt lat="48.83778872899711" lon="2.466483134776354">
        <ele>58.67</ele>
      </trkpt>
      <trkpt lat="48.83792392909527" lon="2.466230923309922">
        <ele>58.43</ele>
      </trkpt>
      <trkpt lat="48.83807346224785" lon="2.4659849144518375">
        <ele>58.1</ele>
      </trkpt>
      <trkpt lat="48.83822307921946" lon="2.465738905593753">
        <ele>57.85</ele>
      </trkpt>
      <trkpt lat="48.83837194181979" lon="2.4654939863830805">
        <ele>57.67</ele>
      </trkpt>
      <trkpt lat="48.83852164261043" lon="2.4652451276779175">
        <ele>57.47</ele>
      </trkpt>
      <trkpt lat="48.838670924305916" lon="2.464996939525008">
        <ele>57.24</ele>
      </trkpt>
      <trkpt lat="48.83876111358404" lon="2.464767023921013">
        <ele>57.03</ele>
      </trkpt>
      <trkpt lat="48.83885096758604" lon="2.4645379465073347">
        <ele>56.86</ele>
      </trkpt>
      <trkpt lat="48.83900695480406" lon="2.464149948209524">
        <ele>56.75</ele>
      </trkpt>
      <trkpt lat="48.83913176134229" lon="2.4637746904045343">
        <ele>56.6</ele>
      </trkpt>
      <trkpt lat="48.83925648406148" lon="2.463399348780513">
        <ele>56.46</ele>
      </trkpt>
      <trkpt lat="48.839381290599704" lon="2.463024090975523">
        <ele>56.3</ele>
      </trkpt>
      <trkpt lat="48.839504923671484" lon="2.4626519344747066">
        <ele>56.13</ele>
      </trkpt>
      <trkpt lat="48.839631490409374" lon="2.462382121011615">
        <ele>56.0</ele>
      </trkpt>
      <trkpt lat="48.839758057147264" lon="2.462112307548523">
        <ele>55.91</ele>
      </trkpt>
      <trkpt lat="48.8398839533329" lon="2.4618439190089703">
        <ele>55.82</ele>
      </trkpt>
      <trkpt lat="48.84001596830785" lon="2.4616379756480455">
        <ele>55.72</ele>
      </trkpt>
      <trkpt lat="48.84005393832922" lon="2.4615619517862797">
        <ele>55.62</ele>
      </trkpt>
      <trkpt lat="48.840086963027716" lon="2.4614889454096556">
        <ele>55.52</ele>
      </trkpt>
      <trkpt lat="48.84012199938297" lon="2.4614049587398767">
        <ele>55.42</ele>
      </trkpt>
      <trkpt lat="48.8401619810611" lon="2.461302950978279">
        <ele>55.31</ele>
      </trkpt>
      <trkpt lat="48.84029592387378" lon="2.4610089976340532">
        <ele>55.23</ele>
      </trkpt>
      <trkpt lat="48.84042575955391" lon="2.4606517609208822">
        <ele>55.18</ele>
      </trkpt>
      <trkpt lat="48.84055492468178" lon="2.4602959491312504">
        <ele>55.12</ele>
      </trkpt>
      <trkpt lat="48.84063916280866" lon="2.4599481001496315">
        <ele>55.01</ele>
      </trkpt>
      <trkpt lat="48.84072298184037" lon="2.459601927548647">
        <ele>54.89</ele>
      </trkpt>
      <trkpt lat="48.84074695408344" lon="2.4592039547860622">
        <ele>54.68</ele>
      </trkpt>
      <trkpt lat="48.840749971568584" lon="2.458827942609787">
        <ele>54.42</ele>
      </trkpt>
      <trkpt lat="48.840752989053726" lon="2.458453942090273">
        <ele>54.26</ele>
      </trkpt>
      <trkpt lat="48.840790037065744" lon="2.4581295624375343">
        <ele>54.16</ele>
      </trkpt>
      <trkpt lat="48.8408269174397" lon="2.457806942984462">
        <ele>54.07</ele>
      </trkpt>
      <trkpt lat="48.8409027736634" lon="2.457500249147415">
        <ele>53.95</ele>
      </trkpt>
      <trkpt lat="48.840978629887104" lon="2.457193471491337">
        <ele>53.9</ele>
      </trkpt>
      <trkpt lat="48.841053983196616" lon="2.456888956949115">
        <ele>53.83</ele>
      </trkpt>
      <trkpt lat="48.84116571396589" lon="2.4565983563661575">
        <ele>53.81</ele>
      </trkpt>
      <trkpt lat="48.84127694182098" lon="2.4563089292496443">
        <ele>53.71</ele>
      </trkpt>
      <trkpt lat="48.84133796207607" lon="2.456111954525113">
        <ele>53.59</ele>
      </trkpt>
      <trkpt lat="48.84141817688942" lon="2.455749101936817">
        <ele>53.45</ele>
      </trkpt>
      <trkpt lat="48.84149797260761" lon="2.4553879257291555">
        <ele>53.33</ele>
      </trkpt>
      <trkpt lat="48.841563602909446" lon="2.4549252446740866">
        <ele>53.25</ele>
      </trkpt>
      <trkpt lat="48.841628981754184" lon="2.4544649943709373">
        <ele>53.17</ele>
      </trkpt>
      <trkpt lat="48.84171816520393" lon="2.454098789021373">
        <ele>53.04</ele>
      </trkpt>
      <trkpt lat="48.841807348653674" lon="2.4537325836718082">
        <ele>52.92</ele>
      </trkpt>
      <trkpt lat="48.8418959453702" lon="2.453368976712227">
        <ele>52.9</ele>
      </trkpt>
      <trkpt lat="48.84193911217153" lon="2.452986426651478">
        <ele>52.98</ele>
      </trkpt>
      <trkpt lat="48.84198194369674" lon="2.4526059720665216">
        <ele>53.04</ele>
      </trkpt>
      <trkpt lat="48.842055620625615" lon="2.4523488990962505">
        <ele>53.02</ele>
      </trkpt>
      <trkpt lat="48.842128962278366" lon="2.4520929995924234">
        <ele>52.93</ele>
      </trkpt>
      <trkpt lat="48.84227187372744" lon="2.4517516884952784">
        <ele>52.82</ele>
      </trkpt>
      <trkpt lat="48.84241486899555" lon="2.4514102935791016">
        <ele>52.76</ele>
      </trkpt>
      <trkpt lat="48.842556942254305" lon="2.4510709941387177">
        <ele>52.79</ele>
      </trkpt>
      <trkpt lat="48.84270815178752" lon="2.4508285894989967">
        <ele>52.85</ele>
      </trkpt>
      <trkpt lat="48.842858942225575" lon="2.4505869392305613">
        <ele>52.92</ele>
      </trkpt>
      <trkpt lat="48.843074943870306" lon="2.450253926217556">
        <ele>52.98</ele>
      </trkpt>
      <trkpt lat="48.843116937205195" lon="2.450189972296357">
        <ele>53.01</ele>
      </trkpt>
      <trkpt lat="48.84329899214208" lon="2.4499109387397766">
        <ele>53.03</ele>
      </trkpt>
      <trkpt lat="48.84340896271169" lon="2.4496879801154137">
        <ele>53.05</ele>
      </trkpt>
      <trkpt lat="48.8435051869601" lon="2.4492916837334633">
        <ele>53.03</ele>
      </trkpt>
      <trkpt lat="48.84360141120851" lon="2.448895387351513">
        <ele>53.13</ele>
      </trkpt>
      <trkpt lat="48.843696964904666" lon="2.448501940816641">
        <ele>53.13</ele>
      </trkpt>
      <trkpt lat="48.8437279779464" lon="2.4483479652553797">
        <ele>53.11</ele>
      </trkpt>
      <trkpt lat="48.84373191744089" lon="2.448326926678419">
        <ele>53.11</ele>
      </trkpt>
      <trkpt lat="48.84377198293805" lon="2.448124922811985">
        <ele>53.05</ele>
      </trkpt>
      <trkpt lat="48.843781957402825" lon="2.448076978325844">
        <ele>53.03</ele>
      </trkpt>
      <trkpt lat="48.8438506051898" lon="2.4477987829595804">
        <ele>53.03</ele>
      </trkpt>
      <trkpt lat="48.84391891770065" lon="2.4475219286978245">
        <ele>53.05</ele>
      </trkpt>
      <trkpt lat="48.84396099485457" lon="2.447307938709855">
        <ele>53.05</ele>
      </trkpt>
      <trkpt lat="48.84381992742419" lon="2.4473249539732933">
        <ele>53.0</ele>
      </trkpt>
      <trkpt lat="48.84368799626827" lon="2.447251947596669">
        <ele>52.95</ele>
      </trkpt>
      <trkpt lat="48.843739964067936" lon="2.4471149872988462">
        <ele>52.95</ele>
      </trkpt>
      <trkpt lat="48.84375295601785" lon="2.4470669589936733">
        <ele>52.93</ele>
      </trkpt>
      <trkpt lat="48.84382663294673" lon="2.4467431660741568">
        <ele>52.95</ele>
      </trkpt>
      <trkpt lat="48.84389997459948" lon="2.446420965716243">
        <ele>52.95</ele>
      </trkpt>
      <trkpt lat="48.843967616558075" lon="2.44604654610157">
        <ele>52.9</ele>
      </trkpt>
      <trkpt lat="48.84403492324054" lon="2.445673970505595">
        <ele>52.81</ele>
      </trkpt>
      <trkpt lat="48.84407674893737" lon="2.445209613069892">
        <ele>52.74</ele>
      </trkpt>
      <trkpt lat="48.844118658453226" lon="2.444745171815157">
        <ele>52.8</ele>
      </trkpt>
      <trkpt lat="48.84416048415005" lon="2.4442808143794537">
        <ele>52.75</ele>
      </trkpt>
      <trkpt lat="48.84420230984688" lon="2.4438164569437504">
        <ele>52.69</ele>
      </trkpt>
      <trkpt lat="48.844244135543704" lon="2.4433520156890154">
        <ele>52.7</ele>
      </trkpt>
      <trkpt lat="48.84428596124053" lon="2.442887658253312">
        <ele>52.76</ele>
      </trkpt>
      <trkpt lat="48.84432694874704" lon="2.4424319341778755">
        <ele>52.8</ele>
      </trkpt>
      <trkpt lat="48.84433499537408" lon="2.442321963608265">
        <ele>52.85</ele>
      </trkpt>
      <trkpt lat="48.844366343691945" lon="2.441975036635995">
        <ele>52.85</ele>
      </trkpt>
      <trkpt lat="48.84439777582884" lon="2.441628109663725">
        <ele>52.91</ele>
      </trkpt>
      <trkpt lat="48.84442895650864" lon="2.4412839487195015">
        <ele>52.94</ele>
      </trkpt>
      <trkpt lat="48.844444965943694" lon="2.441193927079439">
        <ele>53.01</ele>
      </trkpt>
      <trkpt lat="48.84445393458009" lon="2.441018996760249">
        <ele>53.08</ele>
      </trkpt>
      <trkpt lat="48.84449056349695" lon="2.4405898433178663">
        <ele>53.16</ele>
      </trkpt>
      <trkpt lat="48.84452694095671" lon="2.44016295298934">
        <ele>53.24</ele>
      </trkpt>
      <trkpt lat="48.84454848244786" lon="2.439900264143944">
        <ele>53.31</ele>
      </trkpt>
      <trkpt lat="48.84456994011998" lon="2.439638916403055">
        <ele>53.41</ele>
      </trkpt>
      <trkpt lat="48.84458494372666" lon="2.4395009502768517">
        <ele>53.49</ele>
      </trkpt>
      <trkpt lat="48.844616040587425" lon="2.4391319788992405">
        <ele>53.58</ele>
      </trkpt>
      <trkpt lat="48.84464696981013" lon="2.438764935359359">
        <ele>53.61</ele>
      </trkpt>
      <trkpt lat="48.84463498368859" lon="2.438761917874217">
        <ele>53.63</ele>
      </trkpt>
      <trkpt lat="48.84454093873501" lon="2.4387379456311464">
        <ele>53.64</ele>
      </trkpt>
      <trkpt lat="48.84449894540012" lon="2.4387349281460047">
        <ele>53.62</ele>
      </trkpt>
      <trkpt lat="48.84446198120713" lon="2.4387319944798946">
        <ele>53.6</ele>
      </trkpt>
      <trkpt lat="48.8444309681654" lon="2.4387699645012617">
        <ele>53.57</ele>
      </trkpt>
      <trkpt lat="48.84438897483051" lon="2.438822938129306">
        <ele>53.51</ele>
      </trkpt>
      <trkpt lat="48.84409066289663" lon="2.4387623369693756">
        <ele>53.34</ele>
      </trkpt>
      <trkpt lat="48.84379235096276" lon="2.4387016519904137">
        <ele>53.18</ele>
      </trkpt>
      <trkpt lat="48.84349395520985" lon="2.4386409670114517">
        <ele>53.26</ele>
      </trkpt>
      <trkpt lat="48.843195643275976" lon="2.4385802820324898">
        <ele>53.26</ele>
      </trkpt>
      <trkpt lat="48.8428973313421" lon="2.438519597053528">
        <ele>53.13</ele>
      </trkpt>
      <trkpt lat="48.842598935589194" lon="2.4384589958935976">
        <ele>53.07</ele>
      </trkpt>
      <trkpt lat="48.84252794086933" lon="2.4384469259530306">
        <ele>53.07</ele>
      </trkpt>
      <trkpt lat="48.84250639937818" lon="2.438700143247843">
        <ele>53.07</ele>
      </trkpt>
      <trkpt lat="48.84248494170606" lon="2.438951935619116">
        <ele>53.07</ele>
      </trkpt>
      <trkpt lat="48.842558953911066" lon="2.438968950882554">
        <ele>53.09</ele>
      </trkpt>
      <trkpt lat="48.842842765152454" lon="2.439026450738311">
        <ele>53.22</ele>
      </trkpt>
      <trkpt lat="48.84312657639384" lon="2.4390839505940676">
        <ele>53.35</ele>
      </trkpt>
      <trkpt lat="48.84341038763523" lon="2.4391414504498243">
        <ele>53.38</ele>
      </trkpt>
      <trkpt lat="48.84369411505759" lon="2.439198950305581">
        <ele>53.37</ele>
      </trkpt>
      <trkpt lat="48.843977926298976" lon="2.439256450161338">
        <ele>53.47</ele>
      </trkpt>
      <trkpt lat="48.84426198899746" lon="2.4393139500170946">
        <ele>53.76</ele>
      </trkpt>
      <trkpt lat="48.84426592849195" lon="2.4393899738788605">
        <ele>53.91</ele>
      </trkpt>
      <trkpt lat="48.8443339895457" lon="2.439420986920595">
        <ele>54.07</ele>
      </trkpt>
      <trkpt lat="48.84433197788894" lon="2.4394499883055687">
        <ele>54.23</ele>
      </trkpt>
      <trkpt lat="48.844361985102296" lon="2.4394559394568205">
        <ele>54.4</ele>
      </trkpt>
      <trkpt lat="48.84443499147892" lon="2.4394709430634975">
        <ele>54.58</ele>
      </trkpt>
      <trkpt lat="48.84448293596506" lon="2.439479995518923">
        <ele>54.77</ele>
      </trkpt>
      <trkpt lat="48.84457094594836" lon="2.43949793279171">
        <ele>54.96</ele>
      </trkpt>
      <trkpt lat="48.84458494372666" lon="2.4395009502768517">
        <ele>53.49</ele>
      </trkpt>
      <trkpt lat="48.844616040587425" lon="2.4391319788992405">
        <ele>53.58</ele>
      </trkpt>
      <trkpt lat="48.84464696981013" lon="2.438764935359359">
        <ele>53.61</ele>
      </trkpt>
      <trkpt lat="48.84465392678976" lon="2.4386259634047747">
        <ele>55.73</ele>
      </trkpt>
      <trkpt lat="48.844682509079576" lon="2.4382785335183144">
        <ele>55.9</ele>
      </trkpt>
      <trkpt lat="48.84471092373133" lon="2.437932947650552">
        <ele>56.05</ele>
      </trkpt>
      <trkpt lat="48.84475006721914" lon="2.4374780617654324">
        <ele>56.23</ele>
      </trkpt>
      <trkpt lat="48.84478921070695" lon="2.437023175880313">
        <ele>56.37</ele>
      </trkpt>
      <trkpt lat="48.8448279350996" lon="2.436571978032589">
        <ele>56.44</ele>
      </trkpt>
      <trkpt lat="48.844835981726646" lon="2.436437951400876">
        <ele>56.54</ele>
      </trkpt>
      <trkpt lat="48.84484394453466" lon="2.436278946697712">
        <ele>56.63</ele>
      </trkpt>
      <trkpt lat="48.84488409385085" lon="2.4358902778476477">
        <ele>56.71</ele>
      </trkpt>
      <trkpt lat="48.84492415934801" lon="2.4355015251785517">
        <ele>56.86</ele>
      </trkpt>
      <trkpt lat="48.844963973388076" lon="2.435115957632661">
        <ele>56.9</ele>
      </trkpt>
      <trkpt lat="48.84499792009592" lon="2.4346919171512127">
        <ele>56.89</ele>
      </trkpt>
      <trkpt lat="48.84500898420811" lon="2.434566942974925">
        <ele>56.89</ele>
      </trkpt>
      <trkpt lat="48.8450179528445" lon="2.4344669468700886">
        <ele>56.88</ele>
      </trkpt>
      <trkpt lat="48.84506044909358" lon="2.4340025056153536">
        <ele>56.82</ele>
      </trkpt>
      <trkpt lat="48.84510302916169" lon="2.4335380643606186">
        <ele>56.8</ele>
      </trkpt>
      <trkpt lat="48.84514552541077" lon="2.4330736231058836">
        <ele>56.77</ele>
      </trkpt>
      <trkpt lat="48.84518802165985" lon="2.4326091818511486">
        <ele>56.72</ele>
      </trkpt>
      <trkpt lat="48.84522993117571" lon="2.4321509432047606">
        <ele>56.62</ele>
      </trkpt>
      <trkpt lat="48.84527293033898" lon="2.4316929560154676">
        <ele>56.45</ele>
      </trkpt>
      <trkpt lat="48.845282988622785" lon="2.431572927162051">
        <ele>56.33</ele>
      </trkpt>
      <trkpt lat="48.84529497474432" lon="2.431420963257551">
        <ele>56.21</ele>
      </trkpt>
      <trkpt lat="48.84533252567053" lon="2.431036401540041">
        <ele>56.05</ele>
      </trkpt>
      <trkpt lat="48.845369992777705" lon="2.4306539352983236">
        <ele>55.94</ele>
      </trkpt>
      <trkpt lat="48.84540628641844" lon="2.4302360974252224">
        <ele>55.82</ele>
      </trkpt>
      <trkpt lat="48.8454426638782" lon="2.4298181757330894">
        <ele>55.76</ele>
      </trkpt>
      <trkpt lat="48.84547904133797" lon="2.429400337859988">
        <ele>55.65</ele>
      </trkpt>
      <trkpt lat="48.84551499970257" lon="2.428986942395568">
        <ele>55.57</ele>
      </trkpt>
      <trkpt lat="48.84552991949022" lon="2.4288419354707003">
        <ele>55.47</ele>
      </trkpt>
      <trkpt lat="48.845565961673856" lon="2.428503977134824">
        <ele>55.38</ele>
      </trkpt>
      <trkpt lat="48.845589933916926" lon="2.428268948569894">
        <ele>55.34</ele>
      </trkpt>
      <trkpt lat="48.845607955008745" lon="2.428078930824995">
        <ele>55.28</ele>
      </trkpt>
      <trkpt lat="48.845640644431114" lon="2.4276947043836117">
        <ele>55.15</ele>
      </trkpt>
      <trkpt lat="48.84567333385348" lon="2.4273104779422283">
        <ele>54.99</ele>
      </trkpt>
      <trkpt lat="48.84570602327585" lon="2.426926251500845">
        <ele>55.04</ele>
      </trkpt>
      <trkpt lat="48.84573871269822" lon="2.4265420250594616">
        <ele>55.15</ele>
      </trkpt>
      <trkpt lat="48.84577098302543" lon="2.4261629953980446">
        <ele>55.21</ele>
      </trkpt>
      <trkpt lat="48.84580702520907" lon="2.425755886361003">
        <ele>55.18</ele>
      </trkpt>
      <trkpt lat="48.84584315121174" lon="2.4253487773239613">
        <ele>55.22</ele>
      </trkpt>
      <trkpt lat="48.84587927721441" lon="2.4249416682869196">
        <ele>55.27</ele>
      </trkpt>
      <trkpt lat="48.84591498412192" lon="2.424538917839527">
        <ele>55.36</ele>
      </trkpt>
      <trkpt lat="48.84594197385013" lon="2.4242569506168365">
        <ele>55.5</ele>
      </trkpt>
      <trkpt lat="48.84595898911357" lon="2.4240639992058277">
        <ele>55.65</ele>
      </trkpt>
      <trkpt lat="48.845975920557976" lon="2.423868952319026">
        <ele>55.81</ele>
      </trkpt>
      <trkpt lat="48.8459799438715" lon="2.4238199181854725">
        <ele>55.96</ele>
      </trkpt>
      <trkpt lat="48.84598799049854" lon="2.4237089417874813">
        <ele>56.1</ele>
      </trkpt>
      <trkpt lat="48.84602151811123" lon="2.4233530461788177">
        <ele>56.25</ele>
      </trkpt>
      <trkpt lat="48.84605496190488" lon="2.422998994588852">
        <ele>56.42</ele>
      </trkpt>
      <trkpt lat="48.84608404710889" lon="2.422682074829936">
        <ele>56.6</ele>
      </trkpt>
      <trkpt lat="48.84611296467483" lon="2.422366999089718">
        <ele>56.74</ele>
      </trkpt>
      <trkpt lat="48.84614582173526" lon="2.4219924956560135">
        <ele>56.89</ele>
      </trkpt>
      <trkpt lat="48.846178678795695" lon="2.4216179084032774">
        <ele>57.07</ele>
      </trkpt>
      <trkpt lat="48.846211452037096" lon="2.421243404969573">
        <ele>57.25</ele>
      </trkpt>
      <trkpt lat="48.8462439738214" lon="2.420872924849391">
        <ele>57.29</ele>
      </trkpt>
      <trkpt lat="48.84628898464143" lon="2.420414937660098">
        <ele>57.29</ele>
      </trkpt>
      <trkpt lat="48.84630893357098" lon="2.420176975429058">
        <ele>57.29</ele>
      </trkpt>
      <trkpt lat="48.84634992107749" lon="2.419792916625738">
        <ele>57.25</ele>
      </trkpt>
      <trkpt lat="48.84637598879635" lon="2.419518744572997">
        <ele>57.14</ele>
      </trkpt>
      <trkpt lat="48.846401972696185" lon="2.419245997443795">
        <ele>57.01</ele>
      </trkpt>
      <trkpt lat="48.846436589956284" lon="2.4188774451613426">
        <ele>56.91</ele>
      </trkpt>
      <trkpt lat="48.84647095575929" lon="2.418510988354683">
        <ele>56.74</ele>
      </trkpt>
      <trkpt lat="48.84647992439568" lon="2.418411998078227">
        <ele>56.55</ele>
      </trkpt>
      <trkpt lat="48.84651705622673" lon="2.418068004772067">
        <ele>56.28</ele>
      </trkpt>
      <trkpt lat="48.846553936600685" lon="2.4177259393036366">
        <ele>55.92</ele>
      </trkpt>
      <trkpt lat="48.846574975177646" lon="2.4174989573657513">
        <ele>55.57</ele>
      </trkpt>
      <trkpt lat="48.84658696129918" lon="2.4173419643193483">
        <ele>55.23</ele>
      </trkpt>
      <trkpt lat="48.846632055938244" lon="2.4169123079627752">
        <ele>54.82</ele>
      </trkpt>
      <trkpt lat="48.84667698293924" lon="2.41648499853909">
        <ele>54.54</ele>
      </trkpt>
      <trkpt lat="48.846722999587655" lon="2.4160149414092302">
        <ele>54.32</ele>
      </trkpt>
      <trkpt lat="48.846768932417035" lon="2.415898935869336">
        <ele>54.04</ele>
      </trkpt>
      <trkpt lat="48.846806986257434" lon="2.4158469680696726">
        <ele>53.75</ele>
      </trkpt>
      <trkpt lat="48.846809919923544" lon="2.415827941149473">
        <ele>53.45</ele>
      </trkpt>
      <trkpt lat="48.846832970157266" lon="2.415587967261672">
        <ele>53.16</ele>
      </trkpt>
      <trkpt lat="48.84683598764241" lon="2.4155489914119244">
        <ele>52.87</ele>
      </trkpt>
      <trkpt lat="48.846852919086814" lon="2.4153669364750385">
        <ele>52.53</ele>
      </trkpt>
      <trkpt lat="48.84688694961369" lon="2.415279932320118">
        <ele>52.26</ele>
      </trkpt>
      <trkpt lat="48.847005972638726" lon="2.415185971185565">
        <ele>52.03</ele>
      </trkpt>
      <trkpt lat="48.84713597595692" lon="2.415172979235649">
        <ele>51.78</ele>
      </trkpt>
      <trkpt lat="48.84714092127979" lon="2.415147917345166">
        <ele>51.54</ele>
      </trkpt>
      <trkpt lat="48.84714393876493" lon="2.415079940110445">
        <ele>51.31</ele>
      </trkpt>
      <trkpt lat="48.84714595042169" lon="2.415028978139162">
        <ele>51.12</ele>
      </trkpt>
      <trkpt lat="48.84719096124172" lon="2.4145699851214886">
        <ele>50.79</ele>
      </trkpt>
      <trkpt lat="48.84716799482703" lon="2.41418793797493">
        <ele>50.67</ele>
      </trkpt>
      <trkpt lat="48.847175957635045" lon="2.4141179490834475">
        <ele>50.63</ele>
      </trkpt>
      <trkpt lat="48.84719096124172" lon="2.4140289332717657">
        <ele>50.6</ele>
      </trkpt>
      <trkpt lat="48.84719096124172" lon="2.4139709305018187">
        <ele>50.63</ele>
      </trkpt>
      <trkpt lat="48.84710697457194" lon="2.4139229860156775">
        <ele>50.66</ele>
      </trkpt>
      <trkpt lat="48.84703899733722" lon="2.41382097825408">
        <ele>50.75</ele>
      </trkpt>
      <trkpt lat="48.84701192378998" lon="2.413726933300495">
        <ele>50.91</ele>
      </trkpt>
      <trkpt lat="48.84700999595225" lon="2.4135739635676146">
        <ele>51.13</ele>
      </trkpt>
      <trkpt lat="48.84701494127512" lon="2.4135329760611057">
        <ele>51.34</ele>
      </trkpt>
      <trkpt lat="48.84701896458864" lon="2.41349995136261">
        <ele>51.58</ele>
      </trkpt>
      <trkpt lat="48.84705785661936" lon="2.4130485020577908">
        <ele>52.0</ele>
      </trkpt>
      <trkpt lat="48.84709666483104" lon="2.4125970527529716">
        <ele>52.24</ele>
      </trkpt>
      <trkpt lat="48.84713555686176" lon="2.4121456034481525">
        <ele>52.53</ele>
      </trkpt>
      <trkpt lat="48.847173945978284" lon="2.411698931828141">
        <ele>52.9</ele>
      </trkpt>
      <trkpt lat="48.84717897512019" lon="2.4116479698568583">
        <ele>53.2</ele>
      </trkpt>
      <trkpt lat="48.8471869379282" lon="2.411536993458867">
        <ele>53.5</ele>
      </trkpt>
      <trkpt lat="48.847259944304824" lon="2.4114299565553665">
        <ele>53.8</ele>
      </trkpt>
      <trkpt lat="48.847303949296474" lon="2.4114299565553665">
        <ele>54.1</ele>
      </trkpt>
      <trkpt lat="48.84751643054187" lon="2.4114379193633795">
        <ele>54.43</ele>
      </trkpt>
      <trkpt lat="48.8477289956063" lon="2.411445965990424">
        <ele>54.74</ele>
      </trkpt>
      <trkpt lat="48.84790392592549" lon="2.4114729557186365">
        <ele>55.04</ele>
      </trkpt>
      <trkpt lat="48.84792395867407" lon="2.4114759732037783">
        <ele>55.29</ele>
      </trkpt>
      <trkpt lat="48.847944997251034" lon="2.41147899068892">
        <ele>55.53</ele>
      </trkpt>
      <trkpt lat="48.84821313433349" lon="2.411511428654194">
        <ele>55.79</ele>
      </trkpt>
      <trkpt lat="48.84848135523498" lon="2.4115439504384995">
        <ele>55.97</ele>
      </trkpt>
      <trkpt lat="48.84874957613647" lon="2.411576472222805">
        <ele>56.13</ele>
      </trkpt>
      <trkpt lat="48.84901796467602" lon="2.4116089940071106">
        <ele>56.32</ele>
      </trkpt>
      <trkpt lat="48.84905593469739" lon="2.41160798817873">
        <ele>56.49</ele>
      </trkpt>
      <trkpt lat="48.849085941910744" lon="2.4116069823503494">
        <ele>56.65</ele>
      </trkpt>
      <trkpt lat="48.84912298992276" lon="2.411600947380066">
        <ele>56.81</ele>
      </trkpt>
      <trkpt lat="48.84916791692376" lon="2.411585943773389">
        <ele>56.96</ele>
      </trkpt>
      <trkpt lat="48.849194990471005" lon="2.4115769751369953">
        <ele>57.12</ele>
      </trkpt>
      <trkpt lat="48.84947804734111" lon="2.411526432260871">
        <ele>57.21</ele>
      </trkpt>
      <trkpt lat="48.84976118803024" lon="2.411475805565715">
        <ele>57.27</ele>
      </trkpt>
      <trkpt lat="48.850044244900346" lon="2.4114252626895905">
        <ele>57.43</ele>
      </trkpt>
      <trkpt lat="48.85032738558948" lon="2.411374719813466">
        <ele>57.79</ele>
      </trkpt>
      <trkpt lat="48.85061044245958" lon="2.4113241769373417">
        <ele>58.24</ele>
      </trkpt>
      <trkpt lat="48.85089358314872" lon="2.4112735502421856">
        <ele>58.53</ele>
      </trkpt>
      <trkpt lat="48.85117697529495" lon="2.4112229235470295">
        <ele>58.64</ele>
      </trkpt>
      <trkpt lat="48.851258950307965" lon="2.411208925768733">
        <ele>58.82</ele>
      </trkpt>
      <trkpt lat="48.85131695307791" lon="2.411198951303959">
        <ele>59.03</ele>
      </trkpt>
      <trkpt lat="48.85136095806956" lon="2.411187971010804">
        <ele>59.29</ele>
      </trkpt>
      <trkpt lat="48.85159338824451" lon="2.4111424572765827">
        <ele>59.49</ele>
      </trkpt>
      <trkpt lat="48.85182598605752" lon="2.4110969435423613">
        <ele>59.75</ele>
      </trkpt>
      <trkpt lat="48.85208188556135" lon="2.411072636023164">
        <ele>60.15</ele>
      </trkpt>
      <trkpt lat="48.852337868884206" lon="2.4110483285039663">
        <ele>60.64</ele>
      </trkpt>
      <trkpt lat="48.852593936026096" lon="2.411023937165737">
        <ele>62.12</ele>
      </trkpt>
      <trkpt lat="48.852630984038115" lon="2.4110179860144854">
        <ele>62.5</ele>
      </trkpt>
      <trkpt lat="48.852699967101216" lon="2.41100599989295">
        <ele>62.88</ele>
      </trkpt>
      <trkpt lat="48.85272997431457" lon="2.411000970751047">
        <ele>63.26</ele>
      </trkpt>
      <trkpt lat="48.85277297347784" lon="2.410993929952383">
        <ele>63.65</ele>
      </trkpt>
      <trkpt lat="48.85307287797332" lon="2.410940956324339">
        <ele>63.31</ele>
      </trkpt>
      <trkpt lat="48.85337295010686" lon="2.410887982696295">
        <ele>64.45</ele>
      </trkpt>
      <trkpt lat="48.85346498340368" lon="2.4109289702028036">
        <ele>64.87</ele>
      </trkpt>
      <trkpt lat="48.85349993593991" lon="2.4109199177473783">
        <ele>65.26</ele>
      </trkpt>
      <trkpt lat="48.85359196923673" lon="2.4108959455043077">
        <ele>65.64</ele>
      </trkpt>
      <trkpt lat="48.853618958964944" lon="2.4108939338475466">
        <ele>66.03</ele>
      </trkpt>
      <trkpt lat="48.85366992093623" lon="2.4108099471777678">
        <ele>66.37</ele>
      </trkpt>
      <trkpt lat="48.85371694341302" lon="2.4107949435710907">
        <ele>66.76</ele>
      </trkpt>
      <trkpt lat="48.8538974057883" lon="2.410752447322011">
        <ele>66.83</ele>
      </trkpt>
      <trkpt lat="48.85407795198262" lon="2.4107099510729313">
        <ele>67.62</ele>
      </trkpt>
      <trkpt lat="48.85436922311783" lon="2.4106566421687603">
        <ele>67.97</ele>
      </trkpt>
      <trkpt lat="48.85466057807207" lon="2.4106033332645893">
        <ele>68.54</ele>
      </trkpt>
      <trkpt lat="48.854951933026314" lon="2.4105499405413866">
        <ele>69.19</ele>
      </trkpt>
      <trkpt lat="48.85519593022764" lon="2.410506270825863">
        <ele>69.4</ele>
      </trkpt>
      <trkpt lat="48.85543992742896" lon="2.410462601110339">
        <ele>69.66</ele>
      </trkpt>
      <trkpt lat="48.855683924630284" lon="2.4104189313948154">
        <ele>69.94</ele>
      </trkpt>
      <trkpt lat="48.85580093599856" lon="2.410409962758422">
        <ele>70.19</ele>
      </trkpt>
      <trkpt lat="48.85587092489004" lon="2.410401999950409">
        <ele>70.46</ele>
      </trkpt>
      <trkpt lat="48.85591593571007" lon="2.410396970808506">
        <ele>70.74</ele>
      </trkpt>
      <trkpt lat="48.85607644915581" lon="2.410367466509342">
        <ele>71.06</ele>
      </trkpt>
      <trkpt lat="48.85623696260154" lon="2.4103379622101784">
        <ele>71.32</ele>
      </trkpt>
      <trkpt lat="48.856287924572825" lon="2.4103279877454042">
        <ele>71.62</ele>
      </trkpt>
      <trkpt lat="48.856335952878" lon="2.41032094694674">
        <ele>71.9</ele>
      </trkpt>
      <trkpt lat="48.856417927891016" lon="2.410308960825205">
        <ele>72.17</ele>
      </trkpt>
      <trkpt lat="48.85669117793441" lon="2.410254729911685">
        <ele>72.61</ele>
      </trkpt>
      <trkpt lat="48.8569644279778" lon="2.410200498998165">
        <ele>73.01</ele>
      </trkpt>
      <trkpt lat="48.85723759420216" lon="2.4101462680846453">
        <ele>73.45</ele>
      </trkpt>
      <trkpt lat="48.857510928064585" lon="2.4100919533520937">
        <ele>73.63</ele>
      </trkpt>
      <trkpt lat="48.8575239200145" lon="2.410088935866952">
        <ele>73.8</ele>
      </trkpt>
      <trkpt lat="48.85754495859146" lon="2.41008591838181">
        <ele>73.95</ele>
      </trkpt>
      <trkpt lat="48.85783723555505" lon="2.4100409913808107">
        <ele>73.92</ele>
      </trkpt>
      <trkpt lat="48.858129512518644" lon="2.4099959805607796">
        <ele>73.77</ele>
      </trkpt>
      <trkpt lat="48.8584219571203" lon="2.4099509697407484">
        <ele>73.86</ele>
      </trkpt>
      <trkpt lat="48.858650950714946" lon="2.4099159333854914">
        <ele>74.0</ele>
      </trkpt>
      <trkpt lat="48.858713982626796" lon="2.4099059589207172">
        <ele>74.13</ele>
      </trkpt>
      <trkpt lat="48.858760921284556" lon="2.4098979961127043">
        <ele>74.23</ele>
      </trkpt>
      <trkpt lat="48.859014976769686" lon="2.409852985292673">
        <ele>74.36</ele>
      </trkpt>
      <trkpt lat="48.85926894843578" lon="2.409807974472642">
        <ele>74.53</ele>
      </trkpt>
      <trkpt lat="48.859464917331934" lon="2.409773441031575">
        <ele>74.58</ele>
      </trkpt>
      <trkpt lat="48.859660970047116" lon="2.40973899140954">
        <ele>74.69</ele>
      </trkpt>
      <trkpt lat="48.85984595865011" lon="2.4097059667110443">
        <ele>74.8</ele>
      </trkpt>
      <trkpt lat="48.86003094725311" lon="2.4096729420125484">
        <ele>75.02</ele>
      </trkpt>
      <trkpt lat="48.860261449590325" lon="2.40963245742023">
        <ele>75.14</ele>
      </trkpt>
      <trkpt lat="48.86049195192754" lon="2.4095919728279114">
        <ele>75.27</ele>
      </trkpt>
      <trkpt lat="48.86058599688113" lon="2.409574957564473">
        <ele>75.37</ele>
      </trkpt>
      <trkpt lat="48.86061893776059" lon="2.4095699284225702">
        <ele>75.49</ele>
      </trkpt>
      <trkpt lat="48.86065497994423" lon="2.409562971442938">
        <ele>75.62</ele>
      </trkpt>
      <trkpt lat="48.86075095273554" lon="2.4095439445227385">
        <ele>75.75</ele>
      </trkpt>
      <trkpt lat="48.86088699102402" lon="2.4095189664512873">
        <ele>75.86</ele>
      </trkpt>
      <trkpt lat="48.86115722358227" lon="2.4094709381461143">
        <ele>76.12</ele>
      </trkpt>
      <trkpt lat="48.86142753995955" lon="2.409422993659973">
        <ele>76.43</ele>
      </trkpt>
      <trkpt lat="48.861697940155864" lon="2.4093749653548002">
        <ele>76.57</ele>
      </trkpt>
      <trkpt lat="48.862006394192576" lon="2.409319980069995">
        <ele>76.88</ele>
      </trkpt>
      <trkpt lat="48.86231493204832" lon="2.4092649947851896">
        <ele>76.87</ele>
      </trkpt>
      <trkpt lat="48.86238198727369" lon="2.4092529248446226">
        <ele>76.99</ele>
      </trkpt>
      <trkpt lat="48.86242398060858" lon="2.4092459678649902">
        <ele>77.09</ele>
      </trkpt>
      <trkpt lat="48.862472930923104" lon="2.409235993400216">
        <ele>77.17</ele>
      </trkpt>
      <trkpt lat="48.86270091868937" lon="2.4091896414756775">
        <ele>77.57</ele>
      </trkpt>
      <trkpt lat="48.862928906455636" lon="2.409143289551139">
        <ele>77.71</ele>
      </trkpt>
      <trkpt lat="48.863156978040934" lon="2.4090969376266003">
        <ele>77.42</ele>
      </trkpt>
      <trkpt lat="48.86329796165228" lon="2.409064918756485">
        <ele>77.4</ele>
      </trkpt>
      <trkpt lat="48.8633709680289" lon="2.409048993140459">
        <ele>77.39</ele>
      </trkpt>
      <trkpt lat="48.86342897079885" lon="2.409036923199892">
        <ele>77.37</ele>
      </trkpt>
      <trkpt lat="48.863590909168124" lon="2.4090064968913794">
        <ele>77.91</ele>
      </trkpt>
      <trkpt lat="48.86375293135643" lon="2.408975986763835">
        <ele>77.28</ele>
      </trkpt>
      <trkpt lat="48.86392643675208" lon="2.4089514277875423">
        <ele>77.88</ele>
      </trkpt>
      <trkpt lat="48.86409994214773" lon="2.4089269526302814">
        <ele>77.22</ele>
      </trkpt>
      <trkpt lat="48.86411796323955" lon="2.4089319817721844">
        <ele>77.21</ele>
      </trkpt>
      <trkpt lat="48.86413699015975" lon="2.408930975943804">
        <ele>77.21</ele>
      </trkpt>
      <trkpt lat="48.86418292298913" lon="2.408929970115423">
        <ele>77.22</ele>
      </trkpt>
      <trkpt lat="48.86422298848629" lon="2.4089319817721844">
        <ele>77.24</ele>
      </trkpt>
      <trkpt lat="48.86422097682953" lon="2.4088759906589985">
        <ele>78.03</ele>
      </trkpt>
      <trkpt lat="48.86422198265791" lon="2.408839948475361">
        <ele>78.07</ele>
      </trkpt>
      <trkpt lat="48.86422198265791" lon="2.408800972625613">
        <ele>78.11</ele>
      </trkpt>
      <trkpt lat="48.86422298848629" lon="2.4087669420987368">
        <ele>78.16</ele>
      </trkpt>
      <trkpt lat="48.86422491632402" lon="2.408654959872365">
        <ele>78.24</ele>
      </trkpt>
      <trkpt lat="48.8642259221524" lon="2.4086239468306303">
        <ele>78.3</ele>
      </trkpt>
      <trkpt lat="48.86422893963754" lon="2.4085779301822186">
        <ele>78.37</ele>
      </trkpt>
      <trkpt lat="48.864232962951064" lon="2.408520933240652">
        <ele>78.46</ele>
      </trkpt>
      <trkpt lat="48.86426892131567" lon="2.408417919650674">
        <ele>78.59</ele>
      </trkpt>
      <trkpt lat="48.86430596932769" lon="2.4083889182657003">
        <ele>78.69</ele>
      </trkpt>
      <trkpt lat="48.86433396488428" lon="2.408366957679391">
        <ele>78.8</ele>
      </trkpt>
      <trkpt lat="48.86435693129897" lon="2.408351954072714">
        <ele>78.92</ele>
      </trkpt>
      <trkpt lat="48.86437595821917" lon="2.408343991264701">
        <ele>79.04</ele>
      </trkpt>
      <trkpt lat="48.864404959604144" lon="2.4083299934864044">
        <ele>79.19</ele>
      </trkpt>
      <trkpt lat="48.86446991935372" lon="2.408318929374218">
        <ele>79.37</ele>
      </trkpt>
      <trkpt lat="48.864493975415826" lon="2.4083199352025986">
        <ele>79.55</ele>
      </trkpt>
      <trkpt lat="48.86450998485088" lon="2.408320941030979">
        <ele>79.77</ele>
      </trkpt>
      <trkpt lat="48.86452792212367" lon="2.4083219468593597">
        <ele>80.01</ele>
      </trkpt>
      <trkpt lat="48.86454594321549" lon="2.408323958516121">
        <ele>80.29</ele>
      </trkpt>
      <trkpt lat="48.86456396430731" lon="2.408325970172882">
        <ele>80.61</ele>
      </trkpt>
      <trkpt lat="48.86463898234069" lon="2.4084619246423244">
        <ele>80.96</ele>
      </trkpt>
      <trkpt lat="48.864706959575415" lon="2.4085149820894003">
        <ele>81.36</ele>
      </trkpt>
      <trkpt lat="48.86472296901047" lon="2.408527974039316">
        <ele>81.82</ele>
      </trkpt>
      <trkpt lat="48.86474199593067" lon="2.4085369426757097">
        <ele>82.33</ele>
      </trkpt>
      <trkpt lat="48.864774936810136" lon="2.4085529521107674">
        <ele>82.44</ele>
      </trkpt>
      <trkpt lat="48.86480092070997" lon="2.408535936847329">
        <ele>83.12</ele>
      </trkpt>
      <trkpt lat="48.86484894901514" lon="2.4085099529474974">
        <ele>83.85</ele>
      </trkpt>
      <trkpt lat="48.86489194817841" lon="2.408484974876046">
        <ele>84.65</ele>
      </trkpt>
      <trkpt lat="48.86509998701513" lon="2.4084969609975815">
        <ele>85.57</ele>
      </trkpt>
      <trkpt lat="48.86527692899108" lon="2.4085099529474974">
        <ele>86.58</ele>
      </trkpt>
      <trkpt lat="48.86536292731762" lon="2.4086079373955727">
        <ele>87.6</ele>
      </trkpt>
      <trkpt lat="48.86538094840944" lon="2.408609949052334">
        <ele>88.62</ele>
      </trkpt>
      <trkpt lat="48.86539896950126" lon="2.4086109548807144">
        <ele>89.7</ele>
      </trkpt>
      <trkpt lat="48.86567532084882" lon="2.408632915467024">
        <ele>91.0</ele>
      </trkpt>
      <trkpt lat="48.86595167219639" lon="2.408654959872365">
        <ele>92.3</ele>
      </trkpt>
      <trkpt lat="48.866228023543954" lon="2.4086769204586744">
        <ele>93.55</ele>
      </trkpt>
      <trkpt lat="48.86650437489152" lon="2.4086989648640156">
        <ele>94.82</ele>
      </trkpt>
      <trkpt lat="48.86678097769618" lon="2.408720925450325">
        <ele>96.14</ele>
      </trkpt>
      <trkpt lat="48.866810984909534" lon="2.408722937107086">
        <ele>97.38</ele>
      </trkpt>
      <trkpt lat="48.86684996075928" lon="2.408725954592228">
        <ele>98.63</ele>
      </trkpt>
      <trkpt lat="48.86703344061971" lon="2.408739449456334">
        <ele>99.78</ele>
      </trkpt>
      <trkpt lat="48.86721692048013" lon="2.4087529443204403">
        <ele>101.18</ele>
      </trkpt>
      <trkpt lat="48.86725095100701" lon="2.4087529443204403">
        <ele>102.42</ele>
      </trkpt>
      <trkpt lat="48.86752990074456" lon="2.4087684508413076">
        <ele>103.64</ele>
      </trkpt>
      <trkpt lat="48.86780893430114" lon="2.408783957362175">
        <ele>105.1</ele>
      </trkpt>
      <trkpt lat="48.8678989559412" lon="2.4087949376553297">
        <ele>106.33</ele>
      </trkpt>
      <trkpt lat="48.867947990074754" lon="2.4087999667972326">
        <ele>107.47</ele>
      </trkpt>
      <trkpt lat="48.867996940389276" lon="2.408803990110755">
        <ele>108.59</ele>
      </trkpt>
      <trkpt lat="48.86806894093752" lon="2.4088109470903873">
        <ele>109.67</ele>
      </trkpt>
      <trkpt lat="48.868340430781245" lon="2.4087899923324585">
        <ele>110.77</ele>
      </trkpt>
      <trkpt lat="48.86861192062497" lon="2.408768953755498">
        <ele>111.98</ele>
      </trkpt>
      <trkpt lat="48.86880839243531" lon="2.408755961805582">
        <ele>112.92</ele>
      </trkpt>
      <trkpt lat="48.869004948064685" lon="2.408742969855666">
        <ele>113.81</ele>
      </trkpt>
      <trkpt lat="48.86905197054148" lon="2.4087399523705244">
        <ele>114.57</ele>
      </trkpt>
      <trkpt lat="48.86908499523997" lon="2.4087369348853827">
        <ele>115.28</ele>
      </trkpt>
      <trkpt lat="48.86916797608137" lon="2.4087319895625114">
        <ele>115.91</ele>
      </trkpt>
      <trkpt lat="48.86920393444598" lon="2.4087299779057503">
        <ele>116.51</ele>
      </trkpt>
      <trkpt lat="48.86950886808336" lon="2.4087024852633476">
        <ele>117.03</ele>
      </trkpt>
      <trkpt lat="48.86981388553977" lon="2.408674992620945">
        <ele>117.67</ele>
      </trkpt>
      <trkpt lat="48.87011881917715" lon="2.4086474999785423">
        <ele>118.28</ele>
      </trkpt>
      <trkpt lat="48.870423920452595" lon="2.408619923517108">
        <ele>118.65</ele>
      </trkpt>
      <trkpt lat="48.870507990941405" lon="2.408601986244321">
        <ele>119.05</ele>
      </trkpt>
      <trkpt lat="48.87054093182087" lon="2.408598968759179">
        <ele>119.43</ele>
      </trkpt>
      <trkpt lat="48.87057898566127" lon="2.408598968759179">
        <ele>119.78</ele>
      </trkpt>
      <trkpt lat="48.87068593874574" lon="2.4086029920727015">
        <ele>120.1</ele>
      </trkpt>
      <trkpt lat="48.87078492902219" lon="2.4086089432239532">
        <ele>120.43</ele>
      </trkpt>
      <trkpt lat="48.87082499451935" lon="2.408606931567192">
        <ele>120.74</ele>
      </trkpt>
      <trkpt lat="48.87085692957044" lon="2.4086059257388115">
        <ele>121.05</ele>
      </trkpt>
      <trkpt lat="48.87087092734873" lon="2.408604919910431">
        <ele>121.35</ele>
      </trkpt>
      <trkpt lat="48.87106195092201" lon="2.408576924353838">
        <ele>121.65</ele>
      </trkpt>
      <trkpt lat="48.87125297449529" lon="2.408548928797245">
        <ele>121.9</ele>
      </trkpt>
      <trkpt lat="48.87152790091932" lon="2.408508276566863">
        <ele>122.18</ele>
      </trkpt>
      <trkpt lat="48.871802911162376" lon="2.408467624336481">
        <ele>122.54</ele>
      </trkpt>
      <trkpt lat="48.872077921405435" lon="2.408426972106099">
        <ele>123.0</ele>
      </trkpt>
      <trkpt lat="48.87228629551828" lon="2.4083876609802246">
        <ele>123.23</ele>
      </trkpt>
      <trkpt lat="48.87249458581209" lon="2.4083482660353184">
        <ele>123.52</ele>
      </trkpt>
      <trkpt lat="48.872702959924936" lon="2.408308954909444">
        <ele>123.98</ele>
      </trkpt>
      <trkpt lat="48.87273699045181" lon="2.4083029199391603">
        <ele>124.21</ele>
      </trkpt>
      <trkpt lat="48.87273992411792" lon="2.408351954072714">
        <ele>124.16</ele>
      </trkpt>
      <trkpt lat="48.872741935774684" lon="2.4083939474076033">
        <ele>124.31</ele>
      </trkpt>
      <trkpt lat="48.872744953259826" lon="2.4084339290857315">
        <ele>124.43</ele>
      </trkpt>
      <trkpt lat="48.87275593355298" lon="2.4086079373955727">
        <ele>124.66</ele>
      </trkpt>
      <trkpt lat="48.87275794520974" lon="2.408646997064352">
        <ele>124.73</ele>
      </trkpt>
      <trkpt lat="48.87276096269488" lon="2.408682955428958">
        <ele>124.78</ele>
      </trkpt>
      <trkpt lat="48.87288593687117" lon="2.4087299779057503">
        <ele>124.77</ele>
      </trkpt>
      <trkpt lat="48.872913932427764" lon="2.4087269604206085">
        <ele>124.75</ele>
      </trkpt>
      <trkpt lat="48.872939916327596" lon="2.408722937107086">
        <ele>124.72</ele>
      </trkpt>
      <trkpt lat="48.87296992354095" lon="2.4087199196219444">
        <ele>124.67</ele>
      </trkpt>
      <trkpt lat="48.873001942411065" lon="2.4087139684706926">
        <ele>124.61</ele>
      </trkpt>
      <trkpt lat="48.87304091826081" lon="2.408707933500409">
        <ele>124.55</ele>
      </trkpt>
      <trkpt lat="48.87321995571256" lon="2.4086744897067547">
        <ele>124.44</ele>
      </trkpt>
      <trkpt lat="48.8733989931643" lon="2.4086409620940685">
        <ele>124.31</ele>
      </trkpt>
      <trkpt lat="48.873658664524555" lon="2.4085587356239557">
        <ele>124.24</ele>
      </trkpt>
      <trkpt lat="48.87391841970384" lon="2.408476509153843">
        <ele>124.15</ele>
      </trkpt>
      <trkpt lat="48.87417817488313" lon="2.4083941988646984">
        <ele>124.13</ele>
      </trkpt>
      <trkpt lat="48.87443793006241" lon="2.4083119723945856">
        <ele>124.12</ele>
      </trkpt>
      <trkpt lat="48.874588971957564" lon="2.408238463103771">
        <ele>124.18</ele>
      </trkpt>
      <trkpt lat="48.874739930033684" lon="2.408164953812957">
        <ele>124.26</ele>
      </trkpt>
      <trkpt lat="48.87503447011113" lon="2.4080209527164698">
        <ele>124.38</ele>
      </trkpt>
      <trkpt lat="48.87532892636955" lon="2.4078769516199827">
        <ele>124.48</ele>
      </trkpt>
      <trkpt lat="48.875406961888075" lon="2.4078389815986156">
        <ele>124.48</ele>
      </trkpt>
      <trkpt lat="48.8755629491061" lon="2.407764969393611">
        <ele>124.44</ele>
      </trkpt>
      <trkpt lat="48.875835947692394" lon="2.4076299369335175">
        <ele>124.45</ele>
      </trkpt>
      <trkpt lat="48.87603694573045" lon="2.4075389932841063">
        <ele>124.39</ele>
      </trkpt>
      <trkpt lat="48.8762379437685" lon="2.4074479658156633">
        <ele>124.29</ele>
      </trkpt>
      <trkpt lat="48.876268956810236" lon="2.4074329622089863">
        <ele>124.13</ele>
      </trkpt>
      <trkpt lat="48.87627298012376" lon="2.4074479658156633">
        <ele>123.96</ele>
      </trkpt>
      <trkpt lat="48.8762759976089" lon="2.4074599519371986">
        <ele>123.74</ele>
      </trkpt>
      <trkpt lat="48.876094948500395" lon="2.4075439386069775">
        <ele>123.49</ele>
      </trkpt>
      <trkpt lat="48.8762759976089" lon="2.4074599519371986">
        <ele>123.74</ele>
      </trkpt>
      <trkpt lat="48.87627298012376" lon="2.4074479658156633">
        <ele>123.96</ele>
      </trkpt>
      <trkpt lat="48.876268956810236" lon="2.4074329622089863">
        <ele>124.13</ele>
      </trkpt>
      <trkpt lat="48.87634296901524" lon="2.407394992187619">
        <ele>121.98</ele>
      </trkpt>
      <trkpt lat="48.876354955136776" lon="2.407370936125517">
        <ele>121.5</ele>
      </trkpt>
      <trkpt lat="48.87638496235013" lon="2.407304970547557">
        <ele>120.97</ele>
      </trkpt>
      <trkpt lat="48.87647297233343" lon="2.4072599597275257">
        <ele>120.39</ele>
      </trkpt>
      <trkpt lat="48.87671001255512" lon="2.407119395211339">
        <ele>119.68</ele>
      </trkpt>
      <trkpt lat="48.87694696895778" lon="2.4069789983332157">
        <ele>118.99</ele>
      </trkpt>
      <trkpt lat="48.87709398753941" lon="2.406894927844405">
        <ele>118.33</ele>
      </trkpt>
      <trkpt lat="48.877125922590494" lon="2.4070079997181892">
        <ele>117.75</ele>
      </trkpt>
      <trkpt lat="48.87716498225927" lon="2.4071359913796186">
        <ele>117.18</ele>
      </trkpt>
      <trkpt lat="48.877280903980136" lon="2.4074579402804375">
        <ele>116.52</ele>
      </trkpt>
      <trkpt lat="48.87739674188197" lon="2.407779973000288">
        <ele>115.92</ele>
      </trkpt>
      <trkpt lat="48.877511993050575" lon="2.4080999940633774">
        <ele>115.42</ele>
      </trkpt>
      <trkpt lat="48.87752196751535" lon="2.408131929114461">
        <ele>114.93</ele>
      </trkpt>
      <trkpt lat="48.87752498500049" lon="2.4082159996032715">
        <ele>114.46</ele>
      </trkpt>
      <trkpt lat="48.87751794420183" lon="2.4083179235458374">
        <ele>114.04</ele>
      </trkpt>
      <trkpt lat="48.87752397917211" lon="2.408411968499422">
        <ele>113.6</ele>
      </trkpt>
      <trkpt lat="48.87753194198012" lon="2.4084889981895685">
        <ele>113.19</ele>
      </trkpt>
      <trkpt lat="48.877554992213845" lon="2.408570973202586">
        <ele>112.82</ele>
      </trkpt>
      <trkpt lat="48.877565972507" lon="2.408606931567192">
        <ele>112.48</ele>
      </trkpt>
      <trkpt lat="48.87758592143655" lon="2.408672980964184">
        <ele>112.18</ele>
      </trkpt>
      <trkpt lat="48.87760997749865" lon="2.408748921006918">
        <ele>111.92</ele>
      </trkpt>
      <trkpt lat="48.877699663862586" lon="2.4090461432933807">
        <ele>111.67</ele>
      </trkpt>
      <trkpt lat="48.87778893113136" lon="2.4093419406563044">
        <ele>111.55</ele>
      </trkpt>
      <trkpt lat="48.87782991863787" lon="2.4094799906015396">
        <ele>111.53</ele>
      </trkpt>
      <trkpt lat="48.877899991348386" lon="2.409582920372486">
        <ele>111.6</ele>
      </trkpt>
      <trkpt lat="48.87795195914805" lon="2.4096399173140526">
        <ele>111.76</ele>
      </trkpt>
      <trkpt lat="48.87802194803953" lon="2.409693980589509">
        <ele>111.98</ele>
      </trkpt>
      <trkpt lat="48.8780649472028" lon="2.4098059628158808">
        <ele>112.26</ele>
      </trkpt>
      <trkpt lat="48.87817919254303" lon="2.410206366330385">
        <ele>112.62</ele>
      </trkpt>
      <trkpt lat="48.87829293496907" lon="2.410604925826192">
        <ele>113.09</ele>
      </trkpt>
      <trkpt lat="48.878371976315975" lon="2.4107349291443825">
        <ele>113.53</ele>
      </trkpt>
      <trkpt lat="48.87839997187257" lon="2.41083693690598">
        <ele>113.98</ele>
      </trkpt>
      <trkpt lat="48.87840491719544" lon="2.4108559638261795">
        <ele>114.4</ele>
      </trkpt>
      <trkpt lat="48.87849083170295" lon="2.411178331822157">
        <ele>114.98</ele>
      </trkpt>
      <trkpt lat="48.878576662391424" lon="2.411500783637166">
        <ele>115.57</ele>
      </trkpt>
      <trkpt lat="48.87866199016571" lon="2.411820972338319">
        <ele>115.89</ele>
      </trkpt>
      <trkpt lat="48.87869291938841" lon="2.4119329545646906">
        <ele>116.16</ele>
      </trkpt>
      <trkpt lat="48.87876399792731" lon="2.4120449367910624">
        <ele>116.06</ele>
      </trkpt>
      <trkpt lat="48.87877196073532" lon="2.412088941782713">
        <ele>116.4</ele>
      </trkpt>
      <trkpt lat="48.87883197516203" lon="2.4123809672892094">
        <ele>116.73</ele>
      </trkpt>
      <trkpt lat="48.878880590200424" lon="2.412622533738613">
        <ele>117.39</ele>
      </trkpt>
      <trkpt lat="48.878928953781724" lon="2.412862926721573">
        <ele>117.41</ele>
      </trkpt>
      <trkpt lat="48.87897999957204" lon="2.4130379408597946">
        <ele>117.79</ele>
      </trkpt>
      <trkpt lat="48.879038924351335" lon="2.4132409505546093">
        <ele>118.2</ele>
      </trkpt>
      <trkpt lat="48.879117630422115" lon="2.413613861426711">
        <ele>118.86</ele>
      </trkpt>
      <trkpt lat="48.879196336492896" lon="2.413986772298813">
        <ele>119.37</ele>
      </trkpt>
      <trkpt lat="48.87927504256368" lon="2.4143596831709146">
        <ele>119.92</ele>
      </trkpt>
      <trkpt lat="48.87935299426317" lon="2.4147289898246527">
        <ele>120.22</ele>
      </trkpt>
      <trkpt lat="48.879379983991385" lon="2.4148559756577015">
        <ele>120.66</ele>
      </trkpt>
      <trkpt lat="48.87943496927619" lon="2.415051944553852">
        <ele>121.13</ele>
      </trkpt>
      <trkpt lat="48.879505125805736" lon="2.4153010547161102">
        <ele>121.75</ele>
      </trkpt>
      <trkpt lat="48.879574947059155" lon="2.4155489914119244">
        <ele>122.12</ele>
      </trkpt>
      <trkpt lat="48.87962892651558" lon="2.4157359916716814">
        <ele>122.58</ele>
      </trkpt>
      <trkpt lat="48.87969195842743" lon="2.4159529991447926">
        <ele>122.97</ele>
      </trkpt>
      <trkpt lat="48.87965097092092" lon="2.4159639794379473">
        <ele>123.35</ele>
      </trkpt>
      <trkpt lat="48.879706962034106" lon="2.4161439388990402">
        <ele>123.64</ele>
      </trkpt>
      <trkpt lat="48.87969899922609" lon="2.4162469524890184">
        <ele>123.9</ele>
      </trkpt>
      <trkpt lat="48.87967393733561" lon="2.416353989392519">
        <ele>124.12</ele>
      </trkpt>
      <trkpt lat="48.87969799339771" lon="2.4165519699454308">
        <ele>124.29</ele>
      </trkpt>
      <trkpt lat="48.87972950935364" lon="2.41680258885026">
        <ele>124.44</ele>
      </trkpt>
      <trkpt lat="48.87976094149053" lon="2.417051950469613">
        <ele>124.57</ele>
      </trkpt>
      <trkpt lat="48.87978097423911" lon="2.4171739909797907">
        <ele>124.73</ele>
      </trkpt>
      <trkpt lat="48.879814920946956" lon="2.4173929262906313">
        <ele>124.91</ele>
      </trkpt>
      <trkpt lat="48.87987082824111" lon="2.4178030528128147">
        <ele>125.09</ele>
      </trkpt>
      <trkpt lat="48.879926735535264" lon="2.4182130955159664">
        <ele>125.25</ele>
      </trkpt>
      <trkpt lat="48.87998264282942" lon="2.418623138219118">
        <ele>125.22</ele>
      </trkpt>
      <trkpt lat="48.88003796339035" lon="2.419028989970684">
        <ele>125.23</ele>
      </trkpt>
      <trkpt lat="48.88005296699703" lon="2.4191439896821976">
        <ele>125.15</ele>
      </trkpt>
      <trkpt lat="48.880106108263135" lon="2.4195086024701595">
        <ele>124.97</ele>
      </trkpt>
      <trkpt lat="48.88015924952924" lon="2.4198732152581215">
        <ele>124.79</ele>
      </trkpt>
      <trkpt lat="48.88021197170019" lon="2.420234978199005">
        <ele>124.55</ele>
      </trkpt>
      <trkpt lat="48.88022798113525" lon="2.420348972082138">
        <ele>124.27</ele>
      </trkpt>
      <trkpt lat="48.88028112240136" lon="2.4207455199211836">
        <ele>123.92</ele>
      </trkpt>
      <trkpt lat="48.88033392839134" lon="2.4211399722844362">
        <ele>123.4</ele>
      </trkpt>
      <trkpt lat="48.88037156313658" lon="2.421417161822319">
        <ele>122.68</ele>
      </trkpt>
      <trkpt lat="48.88040894642472" lon="2.4216929264366627">
        <ele>122.0</ele>
      </trkpt>
      <trkpt lat="48.88044096529484" lon="2.421929966658354">
        <ele>121.4</ele>
      </trkpt>
      <trkpt lat="48.88017199002206" lon="2.4219629913568497">
        <ele>120.94</ele>
      </trkpt>
      <trkpt lat="48.87990293093026" lon="2.421995932236314">
        <ele>120.65</ele>
      </trkpt>
    </trkseg>
  </trk>
</gpx>
