<?xml version='1.0' encoding='UTF-8'?>
<gpx version="1.1" creator="https://www.komoot.de" xmlns="http://www.topografix.com/GPX/1/1" xmlns:xsi="http://www.w3.org/2001/XMLSchema-instance" xsi:schemaLocation="http://www.topografix.com/GPX/1/1 http://www.topografix.com/GPX/1/1/gpx.xsd">
  <metadata>
    <name>Geneste Pond – Geneste Pond loop from Porte de Clignancourt</name>
    <author>
      <link href="https://www.komoot.de">
        <text>komoot</text>
        <type>text/html</type>
      </link>
    </author>
  </metadata>
  <wpt lat="48.897398" lon="2.344852">
    <name>Porte de Clignancourt</name>
    <sym>Flag, Blue</sym>
  </wpt>
  <wpt lat="48.813905" lon="2.087233">
    <name>View of the Grand Canal in the park of the Palace of Versailles</name>
    <sym>Flag, Blue</sym>
  </wpt>
  <wpt lat="48.813776" lon="2.087251">
    <name>Chateau at the end of the road!</name>
    <sym>Flag, Blue</sym>
  </wpt>
  <wpt lat="48.804942" lon="2.096957">
    <name>Arm of the Ménagerie</name>
    <sym>Flag, Blue</sym>
  </wpt>
  <wpt lat="48.780542" lon="2.092296">
    <name>Val-d'Or Pond</name>
    <sym>Flag, Blue</sym>
  </wpt>
  <wpt lat="48.780459" lon="2.093324">
    <name>Val-d'Or Pond</name>
    <sym>Flag, Blue</sym>
  </wpt>
  <wpt lat="48.781367" lon="2.097626">
    <name>Forêt domaniale de Versailles</name>
    <sym>Flag, Blue</sym>
  </wpt>
  <wpt lat="48.777084" lon="2.113494">
    <name>Geneste Pond</name>
    <sym>Flag, Blue</sym>
  </wpt>
  <wpt lat="48.776948" lon="2.117780">
    <name>Geneste Pond</name>
    <sym>Flag, Blue</sym>
  </wpt>
  <wpt lat="48.798489" lon="2.212167">
    <name>Forêt domaniale de Meudon</name>
    <sym>Flag, Blue</sym>
  </wpt>
  <wpt lat="48.840167" lon="2.267949">
    <name>Seine Quays Cycle Path</name>
    <sym>Flag, Blue</sym>
  </wpt>
  <wpt lat="48.861030" lon="2.292184">
    <name>Viewpoint</name>
    <sym>Flag, Blue</sym>
  </wpt>
  <trk>
    <name>Geneste Pond – Geneste Pond loop from Porte de Clignancourt</name>
    <type>mtb_easy</type>
    <trkseg>
      <trkpt lat="48.880115" lon="2.421970">
        <ele>122.517955</ele>
        <time>2026-08-22T21:17:53.268Z</time>
      </trkpt>
      <trkpt lat="48.880441" lon="2.421930">
        <ele>122.517955</ele>
        <time>2026-08-22T21:18:01.059Z</time>
      </trkpt>
      <trkpt lat="48.880482" lon="2.421924">
        <ele>122.517955</ele>
        <time>2026-08-22T21:18:02.049Z</time>
      </trkpt>
      <trkpt lat="48.880449" lon="2.421680">
        <ele>122.517955</ele>
        <time>2026-08-22T21:18:05.795Z</time>
      </trkpt>
      <trkpt lat="48.880371" lon="2.421137">
        <ele>122.517955</ele>
        <time>2026-08-22T21:18:13.891Z</time>
      </trkpt>
      <trkpt lat="48.880258" lon="2.420340">
        <ele>122.686784</ele>
        <time>2026-08-22T21:18:25.286Z</time>
      </trkpt>
      <trkpt lat="48.880243" lon="2.420244">
        <ele>122.707283</ele>
        <time>2026-08-22T21:18:26.810Z</time>
      </trkpt>
      <trkpt lat="48.880089" lon="2.419136">
        <ele>122.942553</ele>
        <time>2026-08-22T21:18:40.460Z</time>
      </trkpt>
      <trkpt lat="48.880074" lon="2.419018">
        <ele>122.967521</ele>
        <time>2026-08-22T21:18:41.786Z</time>
      </trkpt>
      <trkpt lat="48.879990" lon="2.418336">
        <ele>123.047159</ele>
        <time>2026-08-22T21:18:49.042Z</time>
      </trkpt>
      <trkpt lat="48.879844" lon="2.417380">
        <ele>122.735664</ele>
        <time>2026-08-22T21:18:59.207Z</time>
      </trkpt>
      <trkpt lat="48.879807" lon="2.417161">
        <ele>122.663899</ele>
        <time>2026-08-22T21:19:01.874Z</time>
      </trkpt>
      <trkpt lat="48.879788" lon="2.417042">
        <ele>122.625033</ele>
        <time>2026-08-22T21:19:03.289Z</time>
      </trkpt>
      <trkpt lat="48.879725" lon="2.416537">
        <ele>122.461895</ele>
        <time>2026-08-22T21:19:08.907Z</time>
      </trkpt>
      <trkpt lat="48.879701" lon="2.416338">
        <ele>122.397681</ele>
        <time>2026-08-22T21:19:11.088Z</time>
      </trkpt>
      <trkpt lat="48.879719" lon="2.416268">
        <ele>122.373826</ele>
        <time>2026-08-22T21:19:11.901Z</time>
      </trkpt>
      <trkpt lat="48.879755" lon="2.416143">
        <ele>122.330516</ele>
        <time>2026-08-22T21:19:13.322Z</time>
      </trkpt>
      <trkpt lat="48.879692" lon="2.415953">
        <ele>122.262981</ele>
        <time>2026-08-22T21:19:15.611Z</time>
      </trkpt>
      <trkpt lat="48.879629" lon="2.415736">
        <ele>122.069379</ele>
        <time>2026-08-22T21:19:17.942Z</time>
      </trkpt>
      <trkpt lat="48.879575" lon="2.415549">
        <ele>121.752305</ele>
        <time>2026-08-22T21:19:19.894Z</time>
      </trkpt>
      <trkpt lat="48.879435" lon="2.415052">
        <ele>120.912905</ele>
        <time>2026-08-22T21:19:24.830Z</time>
      </trkpt>
      <trkpt lat="48.879380" lon="2.414856">
        <ele>120.582070</ele>
        <time>2026-08-22T21:19:26.726Z</time>
      </trkpt>
      <trkpt lat="48.879353" lon="2.414729">
        <ele>120.374854</ele>
        <time>2026-08-22T21:19:27.927Z</time>
      </trkpt>
      <trkpt lat="48.879039" lon="2.413241">
        <ele>117.942201</ele>
        <time>2026-08-22T21:19:40.999Z</time>
      </trkpt>
      <trkpt lat="48.878980" lon="2.413038">
        <ele>117.501753</ele>
        <time>2026-08-22T21:19:42.799Z</time>
      </trkpt>
      <trkpt lat="48.879078" lon="2.412957">
        <ele>117.165163</ele>
        <time>2026-08-22T21:19:44.164Z</time>
      </trkpt>
      <trkpt lat="48.879490" lon="2.412282">
        <ele>115.337573</ele>
        <time>2026-08-22T21:19:51.598Z</time>
      </trkpt>
      <trkpt lat="48.879550" lon="2.412185">
        <ele>115.073306</ele>
        <time>2026-08-22T21:19:52.743Z</time>
      </trkpt>
      <trkpt lat="48.879655" lon="2.412034">
        <ele>114.637198</ele>
        <time>2026-08-22T21:19:54.670Z</time>
      </trkpt>
      <trkpt lat="48.879695" lon="2.411977">
        <ele>114.471775</ele>
        <time>2026-08-22T21:19:55.435Z</time>
      </trkpt>
      <trkpt lat="48.880104" lon="2.411939">
        <ele>113.235271</ele>
        <time>2026-08-22T21:20:00.988Z</time>
      </trkpt>
      <trkpt lat="48.880215" lon="2.411884">
        <ele>112.882982</ele>
        <time>2026-08-22T21:20:02.514Z</time>
      </trkpt>
      <trkpt lat="48.880204" lon="2.411752">
        <ele>112.618935</ele>
        <time>2026-08-22T21:20:03.651Z</time>
      </trkpt>
      <trkpt lat="48.880167" lon="2.411304">
        <ele>111.459320</ele>
        <time>2026-08-22T21:20:07.401Z</time>
      </trkpt>
      <trkpt lat="48.880144" lon="2.410873">
        <ele>110.325867</ele>
        <time>2026-08-22T21:20:10.894Z</time>
      </trkpt>
      <trkpt lat="48.880298" lon="2.410000">
        <ele>107.956663</ele>
        <time>2026-08-22T21:20:18.215Z</time>
      </trkpt>
      <trkpt lat="48.880315" lon="2.409922">
        <ele>107.741274</ele>
        <time>2026-08-22T21:20:18.869Z</time>
      </trkpt>
      <trkpt lat="48.880560" lon="2.409208">
        <ele>105.630298</ele>
        <time>2026-08-22T21:20:25.014Z</time>
      </trkpt>
      <trkpt lat="48.880601" lon="2.408989">
        <ele>104.962357</ele>
        <time>2026-08-22T21:20:26.736Z</time>
      </trkpt>
      <trkpt lat="48.880593" lon="2.408695">
        <ele>104.030708</ele>
        <time>2026-08-22T21:20:28.988Z</time>
      </trkpt>
      <trkpt lat="48.880502" lon="2.408458">
        <ele>103.161789</ele>
        <time>2026-08-22T21:20:31.096Z</time>
      </trkpt>
      <trkpt lat="48.880470" lon="2.408382">
        <ele>102.876065</ele>
        <time>2026-08-22T21:20:31.776Z</time>
      </trkpt>
      <trkpt lat="48.880448" lon="2.408330">
        <ele>102.680296</ele>
        <time>2026-08-22T21:20:32.246Z</time>
      </trkpt>
      <trkpt lat="48.880339" lon="2.408078">
        <ele>101.725308</ele>
        <time>2026-08-22T21:20:34.570Z</time>
      </trkpt>
      <trkpt lat="48.880300" lon="2.407773">
        <ele>100.741538</ele>
        <time>2026-08-22T21:20:36.955Z</time>
      </trkpt>
      <trkpt lat="48.880314" lon="2.407605">
        <ele>100.205366</ele>
        <time>2026-08-22T21:20:38.269Z</time>
      </trkpt>
      <trkpt lat="48.880462" lon="2.407104">
        <ele>98.466422</ele>
        <time>2026-08-22T21:20:42.544Z</time>
      </trkpt>
      <trkpt lat="48.880536" lon="2.406879">
        <ele>97.669913</ele>
        <time>2026-08-22T21:20:44.537Z</time>
      </trkpt>
      <trkpt lat="48.881355" lon="2.403939">
        <ele>87.886153</ele>
        <time>2026-08-22T21:21:09.491Z</time>
      </trkpt>
      <trkpt lat="48.881376" lon="2.403874">
        <ele>87.649291</ele>
        <time>2026-08-22T21:21:10.026Z</time>
      </trkpt>
      <trkpt lat="48.881453" lon="2.403622">
        <ele>86.740465</ele>
        <time>2026-08-22T21:21:12.054Z</time>
      </trkpt>
      <trkpt lat="48.881931" lon="2.402630">
        <ele>82.718259</ele>
        <time>2026-08-22T21:21:21.383Z</time>
      </trkpt>
      <trkpt lat="48.882010" lon="2.402494">
        <ele>82.124776</ele>
        <time>2026-08-22T21:21:22.766Z</time>
      </trkpt>
      <trkpt lat="48.882084" lon="2.402354">
        <ele>81.537317</ele>
        <time>2026-08-22T21:21:24.131Z</time>
      </trkpt>
      <trkpt lat="48.882347" lon="2.401834">
        <ele>79.403122</ele>
        <time>2026-08-22T21:21:29.307Z</time>
      </trkpt>
      <trkpt lat="48.882511" lon="2.401501">
        <ele>78.296451</ele>
        <time>2026-08-22T21:21:32.659Z</time>
      </trkpt>
      <trkpt lat="48.883818" lon="2.399877">
        <ele>71.590863</ele>
        <time>2026-08-22T21:21:53.115Z</time>
      </trkpt>
      <trkpt lat="48.883995" lon="2.399658">
        <ele>70.826595</ele>
        <time>2026-08-22T21:21:55.838Z</time>
      </trkpt>
      <trkpt lat="48.884020" lon="2.399627">
        <ele>70.718553</ele>
        <time>2026-08-22T21:21:56.233Z</time>
      </trkpt>
      <trkpt lat="48.884588" lon="2.398922">
        <ele>68.262905</ele>
        <time>2026-08-22T21:22:05.355Z</time>
      </trkpt>
      <trkpt lat="48.884688" lon="2.398808">
        <ele>67.844310</ele>
        <time>2026-08-22T21:22:06.960Z</time>
      </trkpt>
      <trkpt lat="48.884769" lon="2.398726">
        <ele>67.518399</ele>
        <time>2026-08-22T21:22:08.654Z</time>
      </trkpt>
      <trkpt lat="48.885168" lon="2.398343">
        <ele>66.001645</ele>
        <time>2026-08-22T21:22:16.983Z</time>
      </trkpt>
      <trkpt lat="48.885506" lon="2.398091">
        <ele>65.114411</ele>
        <time>2026-08-22T21:22:23.565Z</time>
      </trkpt>
      <trkpt lat="48.885665" lon="2.398015">
        <ele>64.721582</ele>
        <time>2026-08-22T21:22:26.524Z</time>
      </trkpt>
      <trkpt lat="48.885899" lon="2.398062">
        <ele>64.165268</ele>
        <time>2026-08-22T21:22:30.753Z</time>
      </trkpt>
      <trkpt lat="48.885925" lon="2.398075">
        <ele>64.100761</ele>
        <time>2026-08-22T21:22:31.243Z</time>
      </trkpt>
      <trkpt lat="48.885948" lon="2.397974">
        <ele>63.935107</ele>
        <time>2026-08-22T21:22:32.166Z</time>
      </trkpt>
      <trkpt lat="48.885967" lon="2.397913">
        <ele>63.830497</ele>
        <time>2026-08-22T21:22:32.733Z</time>
      </trkpt>
      <trkpt lat="48.885987" lon="2.397865">
        <ele>63.742428</ele>
        <time>2026-08-22T21:22:33.200Z</time>
      </trkpt>
      <trkpt lat="48.886038" lon="2.397880">
        <ele>63.619996</ele>
        <time>2026-08-22T21:22:33.871Z</time>
      </trkpt>
      <trkpt lat="48.886095" lon="2.397898">
        <ele>63.482785</ele>
        <time>2026-08-22T21:22:34.610Z</time>
      </trkpt>
      <trkpt lat="48.886135" lon="2.397910">
        <ele>63.386690</ele>
        <time>2026-08-22T21:22:35.134Z</time>
      </trkpt>
      <trkpt lat="48.886276" lon="2.396898">
        <ele>61.838085</ele>
        <time>2026-08-22T21:22:44.217Z</time>
      </trkpt>
      <trkpt lat="48.886312" lon="2.396791">
        <ele>61.730147</ele>
        <time>2026-08-22T21:22:45.471Z</time>
      </trkpt>
      <trkpt lat="48.886319" lon="2.396758">
        <ele>61.699008</ele>
        <time>2026-08-22T21:22:45.835Z</time>
      </trkpt>
      <trkpt lat="48.886335" lon="2.396688">
        <ele>61.632455</ele>
        <time>2026-08-22T21:22:46.616Z</time>
      </trkpt>
      <trkpt lat="48.886361" lon="2.396571">
        <ele>61.521547</ele>
        <time>2026-08-22T21:22:47.952Z</time>
      </trkpt>
      <trkpt lat="48.886355" lon="2.396385">
        <ele>61.354311</ele>
        <time>2026-08-22T21:22:49.743Z</time>
      </trkpt>
      <trkpt lat="48.886351" lon="2.396345">
        <ele>61.317977</ele>
        <time>2026-08-22T21:22:50.141Z</time>
      </trkpt>
      <trkpt lat="48.886343" lon="2.396308">
        <ele>61.282999</ele>
        <time>2026-08-22T21:22:50.516Z</time>
      </trkpt>
      <trkpt lat="48.886334" lon="2.396259">
        <ele>61.237311</ele>
        <time>2026-08-22T21:22:50.986Z</time>
      </trkpt>
      <trkpt lat="48.886330" lon="2.396217">
        <ele>61.199200</ele>
        <time>2026-08-22T21:22:51.391Z</time>
      </trkpt>
      <trkpt lat="48.886345" lon="2.396219">
        <ele>61.178635</ele>
        <time>2026-08-22T21:22:51.603Z</time>
      </trkpt>
      <trkpt lat="48.886377" lon="2.396225">
        <ele>61.134601</ele>
        <time>2026-08-22T21:22:52.108Z</time>
      </trkpt>
      <trkpt lat="48.886501" lon="2.396247">
        <ele>60.964103</ele>
        <time>2026-08-22T21:22:53.899Z</time>
      </trkpt>
      <trkpt lat="48.886769" lon="2.396162">
        <ele>60.590215</ele>
        <time>2026-08-22T21:22:57.850Z</time>
      </trkpt>
      <trkpt lat="48.886984" lon="2.396095">
        <ele>60.290484</ele>
        <time>2026-08-22T21:23:01.001Z</time>
      </trkpt>
      <trkpt lat="48.887166" lon="2.396051">
        <ele>60.038801</ele>
        <time>2026-08-22T21:23:03.736Z</time>
      </trkpt>
      <trkpt lat="48.887404" lon="2.395984">
        <ele>59.708237</ele>
        <time>2026-08-22T21:23:07.317Z</time>
      </trkpt>
      <trkpt lat="48.888004" lon="2.395811">
        <ele>58.923818</ele>
        <time>2026-08-22T21:23:16.090Z</time>
      </trkpt>
      <trkpt lat="48.888057" lon="2.395794">
        <ele>58.856140</ele>
        <time>2026-08-22T21:23:16.799Z</time>
      </trkpt>
      <trkpt lat="48.888080" lon="2.395731">
        <ele>58.796940</ele>
        <time>2026-08-22T21:23:17.407Z</time>
      </trkpt>
      <trkpt lat="48.888101" lon="2.395683">
        <ele>58.749574</ele>
        <time>2026-08-22T21:23:17.891Z</time>
      </trkpt>
      <trkpt lat="48.888151" lon="2.395669">
        <ele>58.686052</ele>
        <time>2026-08-22T21:23:18.534Z</time>
      </trkpt>
      <trkpt lat="48.888165" lon="2.395665">
        <ele>58.668253</ele>
        <time>2026-08-22T21:23:18.723Z</time>
      </trkpt>
      <trkpt lat="48.888178" lon="2.395661">
        <ele>58.651682</ele>
        <time>2026-08-22T21:23:18.893Z</time>
      </trkpt>
      <trkpt lat="48.888205" lon="2.395654">
        <ele>58.617460</ele>
        <time>2026-08-22T21:23:19.238Z</time>
      </trkpt>
      <trkpt lat="48.888231" lon="2.395646">
        <ele>58.584316</ele>
        <time>2026-08-22T21:23:19.585Z</time>
      </trkpt>
      <trkpt lat="48.888257" lon="2.395639">
        <ele>58.551325</ele>
        <time>2026-08-22T21:23:19.917Z</time>
      </trkpt>
      <trkpt lat="48.888319" lon="2.395621">
        <ele>58.472461</ele>
        <time>2026-08-22T21:23:20.728Z</time>
      </trkpt>
      <trkpt lat="48.888686" lon="2.395517">
        <ele>58.006021</ele>
        <time>2026-08-22T21:23:26.044Z</time>
      </trkpt>
      <trkpt lat="48.889234" lon="2.395359">
        <ele>57.309129</ele>
        <time>2026-08-22T21:23:38.235Z</time>
      </trkpt>
      <trkpt lat="48.889280" lon="2.395346">
        <ele>57.250671</ele>
        <time>2026-08-22T21:23:39.266Z</time>
      </trkpt>
      <trkpt lat="48.889327" lon="2.395333">
        <ele>57.204678</ele>
        <time>2026-08-22T21:23:40.037Z</time>
      </trkpt>
      <trkpt lat="48.889352" lon="2.395328">
        <ele>57.196340</ele>
        <time>2026-08-22T21:23:40.445Z</time>
      </trkpt>
      <trkpt lat="48.889384" lon="2.395317">
        <ele>57.185491</ele>
        <time>2026-08-22T21:23:40.999Z</time>
      </trkpt>
      <trkpt lat="48.889414" lon="2.395308">
        <ele>57.175379</ele>
        <time>2026-08-22T21:23:41.700Z</time>
      </trkpt>
      <trkpt lat="48.889438" lon="2.395300">
        <ele>57.167254</ele>
        <time>2026-08-22T21:23:42.111Z</time>
      </trkpt>
      <trkpt lat="48.889464" lon="2.395291">
        <ele>57.158437</ele>
        <time>2026-08-22T21:23:42.537Z</time>
      </trkpt>
      <trkpt lat="48.889500" lon="2.395279">
        <ele>57.146249</ele>
        <time>2026-08-22T21:23:43.128Z</time>
      </trkpt>
      <trkpt lat="48.889519" lon="2.395325">
        <ele>57.134438</ele>
        <time>2026-08-22T21:23:43.948Z</time>
      </trkpt>
      <trkpt lat="48.889560" lon="2.395400">
        <ele>57.113230</ele>
        <time>2026-08-22T21:23:45.396Z</time>
      </trkpt>
      <trkpt lat="48.889748" lon="2.395535">
        <ele>57.044480</ele>
        <time>2026-08-22T21:23:50.067Z</time>
      </trkpt>
      <trkpt lat="48.889807" lon="2.395518">
        <ele>57.024623</ele>
        <time>2026-08-22T21:23:51.437Z</time>
      </trkpt>
      <trkpt lat="48.889849" lon="2.395507">
        <ele>57.010529</ele>
        <time>2026-08-22T21:23:52.406Z</time>
      </trkpt>
      <trkpt lat="48.890129" lon="2.395427">
        <ele>56.916317</ele>
        <time>2026-08-22T21:23:58.883Z</time>
      </trkpt>
      <trkpt lat="48.890277" lon="2.395387">
        <ele>56.866609</ele>
        <time>2026-08-22T21:24:02.310Z</time>
      </trkpt>
      <trkpt lat="48.890425" lon="2.395299">
        <ele>56.814060</ele>
        <time>2026-08-22T21:24:05.920Z</time>
      </trkpt>
      <trkpt lat="48.890488" lon="2.395278">
        <ele>56.792732</ele>
        <time>2026-08-22T21:24:07.374Z</time>
      </trkpt>
      <trkpt lat="48.890549" lon="2.395266">
        <ele>56.772392</ele>
        <time>2026-08-22T21:24:08.412Z</time>
      </trkpt>
      <trkpt lat="48.892709" lon="2.394743">
        <ele>55.742185</ele>
        <time>2026-08-22T21:24:42.761Z</time>
      </trkpt>
      <trkpt lat="48.894785" lon="2.394234">
        <ele>54.582986</ele>
        <time>2026-08-22T21:25:16.753Z</time>
      </trkpt>
      <trkpt lat="48.895168" lon="2.394081">
        <ele>54.063410</ele>
        <time>2026-08-22T21:25:22.503Z</time>
      </trkpt>
      <trkpt lat="48.895237" lon="2.394051">
        <ele>53.969249</ele>
        <time>2026-08-22T21:25:23.521Z</time>
      </trkpt>
      <trkpt lat="48.895272" lon="2.394032">
        <ele>53.920489</ele>
        <time>2026-08-22T21:25:24.044Z</time>
      </trkpt>
      <trkpt lat="48.895321" lon="2.394005">
        <ele>53.852108</ele>
        <time>2026-08-22T21:25:24.764Z</time>
      </trkpt>
      <trkpt lat="48.895377" lon="2.393987">
        <ele>53.777007</ele>
        <time>2026-08-22T21:25:25.572Z</time>
      </trkpt>
      <trkpt lat="48.895598" lon="2.393860">
        <ele>53.467030</ele>
        <time>2026-08-22T21:25:28.822Z</time>
      </trkpt>
      <trkpt lat="48.895876" lon="2.393672">
        <ele>53.067841</ele>
        <time>2026-08-22T21:25:33.019Z</time>
      </trkpt>
      <trkpt lat="48.895957" lon="2.393607">
        <ele>52.947678</ele>
        <time>2026-08-22T21:25:34.292Z</time>
      </trkpt>
      <trkpt lat="48.896467" lon="2.393095">
        <ele>52.198023</ele>
        <time>2026-08-22T21:25:42.907Z</time>
      </trkpt>
      <trkpt lat="48.896610" lon="2.392891">
        <ele>51.977950</ele>
        <time>2026-08-22T21:25:45.810Z</time>
      </trkpt>
      <trkpt lat="48.896759" lon="2.392606">
        <ele>51.709228</ele>
        <time>2026-08-22T21:25:49.391Z</time>
      </trkpt>
      <trkpt lat="48.896786" lon="2.392548">
        <ele>51.656781</ele>
        <time>2026-08-22T21:25:50.092Z</time>
      </trkpt>
      <trkpt lat="48.896868" lon="2.392320">
        <ele>51.464990</ele>
        <time>2026-08-22T21:25:52.656Z</time>
      </trkpt>
      <trkpt lat="48.896904" lon="2.392195">
        <ele>51.364280</ele>
        <time>2026-08-22T21:25:54.031Z</time>
      </trkpt>
      <trkpt lat="48.897118" lon="2.391452">
        <ele>50.765652</ele>
        <time>2026-08-22T21:26:02.108Z</time>
      </trkpt>
      <trkpt lat="48.897265" lon="2.390607">
        <ele>50.170649</ele>
        <time>2026-08-22T21:26:10.404Z</time>
      </trkpt>
      <trkpt lat="48.897352" lon="2.389057">
        <ele>49.179172</ele>
        <time>2026-08-22T21:26:25.711Z</time>
      </trkpt>
      <trkpt lat="48.897437" lon="2.389060">
        <ele>49.096745</ele>
        <time>2026-08-22T21:26:26.999Z</time>
      </trkpt>
      <trkpt lat="48.897542" lon="2.389063">
        <ele>48.994932</ele>
        <time>2026-08-22T21:26:28.565Z</time>
      </trkpt>
      <trkpt lat="48.897613" lon="2.389056">
        <ele>48.925955</ele>
        <time>2026-08-22T21:26:29.647Z</time>
      </trkpt>
      <trkpt lat="48.897620" lon="2.388372">
        <ele>48.552564</ele>
        <time>2026-08-22T21:26:36.450Z</time>
      </trkpt>
      <trkpt lat="48.897622" lon="2.388146">
        <ele>48.444026</ele>
        <time>2026-08-22T21:26:38.705Z</time>
      </trkpt>
      <trkpt lat="48.897638" lon="2.386763">
        <ele>47.779786</ele>
        <time>2026-08-22T21:26:52.399Z</time>
      </trkpt>
      <trkpt lat="48.897613" lon="2.385860">
        <ele>47.397516</ele>
        <time>2026-08-22T21:27:02.133Z</time>
      </trkpt>
      <trkpt lat="48.897615" lon="2.385725">
        <ele>47.372488</ele>
        <time>2026-08-22T21:27:03.483Z</time>
      </trkpt>
      <trkpt lat="48.897695" lon="2.385809">
        <ele>47.345082</ele>
        <time>2026-08-22T21:27:05.251Z</time>
      </trkpt>
      <trkpt lat="48.898015" lon="2.386103">
        <ele>47.239685</ele>
        <time>2026-08-22T21:27:12.179Z</time>
      </trkpt>
      <trkpt lat="48.898210" lon="2.386277">
        <ele>47.175947</ele>
        <time>2026-08-22T21:27:16.554Z</time>
      </trkpt>
      <trkpt lat="48.898341" lon="2.386188">
        <ele>47.135498</ele>
        <time>2026-08-22T21:27:19.072Z</time>
      </trkpt>
      <trkpt lat="48.898407" lon="2.385966">
        <ele>47.090340</ele>
        <time>2026-08-22T21:27:22.080Z</time>
      </trkpt>
      <trkpt lat="48.898438" lon="2.385822">
        <ele>47.062257</ele>
        <time>2026-08-22T21:27:24.024Z</time>
      </trkpt>
      <trkpt lat="48.898462" lon="2.385806">
        <ele>47.054869</ele>
        <time>2026-08-22T21:27:24.519Z</time>
      </trkpt>
      <trkpt lat="48.899019" lon="2.383127">
        <ele>46.280419</ele>
        <time>2026-08-22T21:27:53.881Z</time>
      </trkpt>
      <trkpt lat="48.899025" lon="2.382738">
        <ele>46.161253</ele>
        <time>2026-08-22T21:27:58.082Z</time>
      </trkpt>
      <trkpt lat="48.899024" lon="2.382653">
        <ele>46.135217</ele>
        <time>2026-08-22T21:27:59.013Z</time>
      </trkpt>
      <trkpt lat="48.899023" lon="2.382569">
        <ele>46.109488</ele>
        <time>2026-08-22T21:27:59.879Z</time>
      </trkpt>
      <trkpt lat="48.899021" lon="2.382471">
        <ele>46.075219</ele>
        <time>2026-08-22T21:28:01.119Z</time>
      </trkpt>
      <trkpt lat="48.899017" lon="2.382325">
        <ele>45.996340</ele>
        <time>2026-08-22T21:28:02.879Z</time>
      </trkpt>
      <trkpt lat="48.899005" lon="2.381684">
        <ele>45.650190</ele>
        <time>2026-08-22T21:28:09.402Z</time>
      </trkpt>
      <trkpt lat="48.898995" lon="2.381050">
        <ele>45.307861</ele>
        <time>2026-08-22T21:28:15.550Z</time>
      </trkpt>
      <trkpt lat="48.898994" lon="2.381006">
        <ele>45.284096</ele>
        <time>2026-08-22T21:28:15.983Z</time>
      </trkpt>
      <trkpt lat="48.898974" lon="2.380075">
        <ele>44.781277</ele>
        <time>2026-08-22T21:28:25.330Z</time>
      </trkpt>
      <trkpt lat="48.898969" lon="2.379838">
        <ele>44.653279</ele>
        <time>2026-08-22T21:28:27.616Z</time>
      </trkpt>
      <trkpt lat="48.898969" lon="2.379813">
        <ele>44.639784</ele>
        <time>2026-08-22T21:28:27.861Z</time>
      </trkpt>
      <trkpt lat="48.898968" lon="2.379775">
        <ele>44.619255</ele>
        <time>2026-08-22T21:28:28.223Z</time>
      </trkpt>
      <trkpt lat="48.898965" lon="2.379638">
        <ele>44.583644</ele>
        <time>2026-08-22T21:28:29.498Z</time>
      </trkpt>
      <trkpt lat="48.898926" lon="2.378418">
        <ele>44.326936</ele>
        <time>2026-08-22T21:28:41.363Z</time>
      </trkpt>
      <trkpt lat="48.898922" lon="2.378200">
        <ele>44.281102</ele>
        <time>2026-08-22T21:28:43.695Z</time>
      </trkpt>
      <trkpt lat="48.898921" lon="2.378111">
        <ele>44.262394</ele>
        <time>2026-08-22T21:28:44.726Z</time>
      </trkpt>
      <trkpt lat="48.898921" lon="2.378034">
        <ele>44.246211</ele>
        <time>2026-08-22T21:28:45.623Z</time>
      </trkpt>
      <trkpt lat="48.898920" lon="2.377953">
        <ele>44.229185</ele>
        <time>2026-08-22T21:28:46.508Z</time>
      </trkpt>
      <trkpt lat="48.898900" lon="2.376449">
        <ele>44.345644</ele>
        <time>2026-08-22T21:29:06.090Z</time>
      </trkpt>
      <trkpt lat="48.898900" lon="2.376408">
        <ele>44.368076</ele>
        <time>2026-08-22T21:29:06.682Z</time>
      </trkpt>
      <trkpt lat="48.898899" lon="2.376298">
        <ele>44.428267</ele>
        <time>2026-08-22T21:29:08.149Z</time>
      </trkpt>
      <trkpt lat="48.898897" lon="2.376266">
        <ele>44.445854</ele>
        <time>2026-08-22T21:29:08.626Z</time>
      </trkpt>
      <trkpt lat="48.898897" lon="2.376234">
        <ele>44.463362</ele>
        <time>2026-08-22T21:29:09.100Z</time>
      </trkpt>
      <trkpt lat="48.898896" lon="2.376148">
        <ele>44.510423</ele>
        <time>2026-08-22T21:29:10.412Z</time>
      </trkpt>
      <trkpt lat="48.898896" lon="2.376110">
        <ele>44.531214</ele>
        <time>2026-08-22T21:29:10.970Z</time>
      </trkpt>
      <trkpt lat="48.898857" lon="2.374267">
        <ele>45.534918</ele>
        <time>2026-08-22T21:29:36.927Z</time>
      </trkpt>
      <trkpt lat="48.898857" lon="2.374226">
        <ele>45.545763</ele>
        <time>2026-08-22T21:29:37.470Z</time>
      </trkpt>
      <trkpt lat="48.898856" lon="2.374184">
        <ele>45.556880</ele>
        <time>2026-08-22T21:29:38.037Z</time>
      </trkpt>
      <trkpt lat="48.898855" lon="2.374112">
        <ele>45.575929</ele>
        <time>2026-08-22T21:29:38.981Z</time>
      </trkpt>
      <trkpt lat="48.898851" lon="2.374034">
        <ele>45.596624</ele>
        <time>2026-08-22T21:29:39.988Z</time>
      </trkpt>
      <trkpt lat="48.898850" lon="2.373997">
        <ele>45.606420</ele>
        <time>2026-08-22T21:29:40.490Z</time>
      </trkpt>
      <trkpt lat="48.898849" lon="2.373956">
        <ele>45.617272</ele>
        <time>2026-08-22T21:29:41.032Z</time>
      </trkpt>
      <trkpt lat="48.898802" lon="2.371395">
        <ele>46.146963</ele>
        <time>2026-08-22T21:30:13.399Z</time>
      </trkpt>
      <trkpt lat="48.898801" lon="2.371337">
        <ele>46.107142</ele>
        <time>2026-08-22T21:30:13.978Z</time>
      </trkpt>
      <trkpt lat="48.898776" lon="2.371341">
        <ele>46.080898</ele>
        <time>2026-08-22T21:30:14.361Z</time>
      </trkpt>
      <trkpt lat="48.898711" lon="2.371347">
        <ele>46.012912</ele>
        <time>2026-08-22T21:30:15.595Z</time>
      </trkpt>
      <trkpt lat="48.898649" lon="2.371350">
        <ele>45.948150</ele>
        <time>2026-08-22T21:30:16.700Z</time>
      </trkpt>
      <trkpt lat="48.898618" lon="2.371351">
        <ele>45.915778</ele>
        <time>2026-08-22T21:30:17.258Z</time>
      </trkpt>
      <trkpt lat="48.898557" lon="2.371100">
        <ele>45.732114</ele>
        <time>2026-08-22T21:30:20.396Z</time>
      </trkpt>
      <trkpt lat="48.898556" lon="2.371028">
        <ele>45.682688</ele>
        <time>2026-08-22T21:30:21.236Z</time>
      </trkpt>
      <trkpt lat="48.898554" lon="2.370949">
        <ele>45.628427</ele>
        <time>2026-08-22T21:30:22.128Z</time>
      </trkpt>
      <trkpt lat="48.898547" lon="2.370557">
        <ele>45.359286</ele>
        <time>2026-08-22T21:30:27.394Z</time>
      </trkpt>
      <trkpt lat="48.898547" lon="2.370505">
        <ele>45.323597</ele>
        <time>2026-08-22T21:30:27.871Z</time>
      </trkpt>
      <trkpt lat="48.898546" lon="2.370475">
        <ele>45.302981</ele>
        <time>2026-08-22T21:30:28.151Z</time>
      </trkpt>
      <trkpt lat="48.898545" lon="2.370424">
        <ele>45.267962</ele>
        <time>2026-08-22T21:30:28.718Z</time>
      </trkpt>
      <trkpt lat="48.898546" lon="2.370344">
        <ele>45.213046</ele>
        <time>2026-08-22T21:30:29.608Z</time>
      </trkpt>
      <trkpt lat="48.898544" lon="2.370237">
        <ele>45.139579</ele>
        <time>2026-08-22T21:30:30.759Z</time>
      </trkpt>
      <trkpt lat="48.898542" lon="2.370153">
        <ele>45.081889</ele>
        <time>2026-08-22T21:30:31.679Z</time>
      </trkpt>
      <trkpt lat="48.898485" lon="2.370024">
        <ele>44.975212</ele>
        <time>2026-08-22T21:30:33.342Z</time>
      </trkpt>
      <trkpt lat="48.898480" lon="2.370010">
        <ele>44.964277</ele>
        <time>2026-08-22T21:30:33.513Z</time>
      </trkpt>
      <trkpt lat="48.898462" lon="2.368184">
        <ele>44.023446</ele>
        <time>2026-08-22T21:30:57.373Z</time>
      </trkpt>
      <trkpt lat="48.898462" lon="2.368073">
        <ele>43.983065</ele>
        <time>2026-08-22T21:30:58.976Z</time>
      </trkpt>
      <trkpt lat="48.898442" lon="2.366768">
        <ele>43.508184</ele>
        <time>2026-08-22T21:31:13.315Z</time>
      </trkpt>
      <trkpt lat="48.898441" lon="2.366712">
        <ele>43.487804</ele>
        <time>2026-08-22T21:31:14.014Z</time>
      </trkpt>
      <trkpt lat="48.898390" lon="2.364585">
        <ele>43.966670</ele>
        <time>2026-08-22T21:31:40.866Z</time>
      </trkpt>
      <trkpt lat="48.898388" lon="2.364496">
        <ele>43.995128</ele>
        <time>2026-08-22T21:31:42.001Z</time>
      </trkpt>
      <trkpt lat="48.898386" lon="2.364369">
        <ele>44.035726</ele>
        <time>2026-08-22T21:31:43.624Z</time>
      </trkpt>
      <trkpt lat="48.898381" lon="2.364159">
        <ele>44.102881</ele>
        <time>2026-08-22T21:31:46.297Z</time>
      </trkpt>
      <trkpt lat="48.898378" lon="2.364005">
        <ele>44.152117</ele>
        <time>2026-08-22T21:31:48.269Z</time>
      </trkpt>
      <trkpt lat="48.898361" lon="2.363231">
        <ele>44.250468</ele>
        <time>2026-08-22T21:31:58.450Z</time>
      </trkpt>
      <trkpt lat="48.898348" lon="2.362623">
        <ele>44.244391</ele>
        <time>2026-08-22T21:32:07.147Z</time>
      </trkpt>
      <trkpt lat="48.898330" lon="2.361717">
        <ele>44.235336</ele>
        <time>2026-08-22T21:32:17.167Z</time>
      </trkpt>
      <trkpt lat="48.898322" lon="2.361340">
        <ele>44.231568</ele>
        <time>2026-08-22T21:32:20.842Z</time>
      </trkpt>
      <trkpt lat="48.898337" lon="2.361284">
        <ele>44.230964</ele>
        <time>2026-08-22T21:32:21.414Z</time>
      </trkpt>
      <trkpt lat="48.898334" lon="2.361106">
        <ele>44.229186</ele>
        <time>2026-08-22T21:32:23.172Z</time>
      </trkpt>
      <trkpt lat="48.898373" lon="2.361055">
        <ele>44.228404</ele>
        <time>2026-08-22T21:32:23.940Z</time>
      </trkpt>
      <trkpt lat="48.898459" lon="2.360984">
        <ele>44.184327</ele>
        <time>2026-08-22T21:32:25.442Z</time>
      </trkpt>
      <trkpt lat="48.898496" lon="2.360915">
        <ele>44.132229</ele>
        <time>2026-08-22T21:32:26.318Z</time>
      </trkpt>
      <trkpt lat="48.898474" lon="2.359778">
        <ele>43.466707</ele>
        <time>2026-08-22T21:32:37.458Z</time>
      </trkpt>
      <trkpt lat="48.898474" lon="2.359747">
        <ele>43.448569</ele>
        <time>2026-08-22T21:32:37.743Z</time>
      </trkpt>
      <trkpt lat="48.898473" lon="2.359710">
        <ele>43.426903</ele>
        <time>2026-08-22T21:32:38.082Z</time>
      </trkpt>
      <trkpt lat="48.898471" lon="2.359602">
        <ele>43.363689</ele>
        <time>2026-08-22T21:32:39.106Z</time>
      </trkpt>
      <trkpt lat="48.898469" lon="2.359540">
        <ele>43.327371</ele>
        <time>2026-08-22T21:32:39.700Z</time>
      </trkpt>
      <trkpt lat="48.898522" lon="2.359537">
        <ele>43.280168</ele>
        <time>2026-08-22T21:32:40.582Z</time>
      </trkpt>
      <trkpt lat="48.898544" lon="2.359536">
        <ele>43.260580</ele>
        <time>2026-08-22T21:32:40.962Z</time>
      </trkpt>
      <trkpt lat="48.898572" lon="2.359536">
        <ele>43.235660</ele>
        <time>2026-08-22T21:32:41.424Z</time>
      </trkpt>
      <trkpt lat="48.898665" lon="2.359532">
        <ele>43.152857</ele>
        <time>2026-08-22T21:32:43.062Z</time>
      </trkpt>
      <trkpt lat="48.898702" lon="2.359531">
        <ele>43.119922</ele>
        <time>2026-08-22T21:32:43.730Z</time>
      </trkpt>
      <trkpt lat="48.898740" lon="2.359530">
        <ele>43.086097</ele>
        <time>2026-08-22T21:32:44.419Z</time>
      </trkpt>
      <trkpt lat="48.898784" lon="2.359450">
        <ele>43.025070</ele>
        <time>2026-08-22T21:32:45.667Z</time>
      </trkpt>
      <trkpt lat="48.898783" lon="2.359334">
        <ele>42.957196</ele>
        <time>2026-08-22T21:32:47.055Z</time>
      </trkpt>
      <trkpt lat="48.898782" lon="2.359261">
        <ele>42.914476</ele>
        <time>2026-08-22T21:32:47.953Z</time>
      </trkpt>
      <trkpt lat="48.898782" lon="2.359094">
        <ele>42.816768</ele>
        <time>2026-08-22T21:32:49.960Z</time>
      </trkpt>
      <trkpt lat="48.898781" lon="2.359005">
        <ele>42.764689</ele>
        <time>2026-08-22T21:32:51.042Z</time>
      </trkpt>
      <trkpt lat="48.898783" lon="2.358936">
        <ele>42.724280</ele>
        <time>2026-08-22T21:32:51.876Z</time>
      </trkpt>
      <trkpt lat="48.898794" lon="2.358865">
        <ele>42.681601</ele>
        <time>2026-08-22T21:32:52.768Z</time>
      </trkpt>
      <trkpt lat="48.898799" lon="2.358807">
        <ele>42.647376</ele>
        <time>2026-08-22T21:32:53.513Z</time>
      </trkpt>
      <trkpt lat="48.898797" lon="2.358742">
        <ele>42.626888</ele>
        <time>2026-08-22T21:32:54.276Z</time>
      </trkpt>
      <trkpt lat="48.898797" lon="2.358699">
        <ele>42.626910</ele>
        <time>2026-08-22T21:32:54.812Z</time>
      </trkpt>
      <trkpt lat="48.898693" lon="2.358700">
        <ele>42.626993</ele>
        <time>2026-08-22T21:32:56.491Z</time>
      </trkpt>
      <trkpt lat="48.898684" lon="2.358003">
        <ele>42.627358</ele>
        <time>2026-08-22T21:33:03.707Z</time>
      </trkpt>
      <trkpt lat="48.898719" lon="2.357952">
        <ele>42.627396</ele>
        <time>2026-08-22T21:33:04.457Z</time>
      </trkpt>
      <trkpt lat="48.898683" lon="2.357639">
        <ele>42.627562</ele>
        <time>2026-08-22T21:33:07.827Z</time>
      </trkpt>
      <trkpt lat="48.898571" lon="2.356611">
        <ele>42.628107</ele>
        <time>2026-08-22T21:33:20.332Z</time>
      </trkpt>
      <trkpt lat="48.898522" lon="2.354714">
        <ele>43.209498</ele>
        <time>2026-08-22T21:33:45.692Z</time>
      </trkpt>
      <trkpt lat="48.898478" lon="2.352695">
        <ele>44.289759</ele>
        <time>2026-08-22T21:34:11.386Z</time>
      </trkpt>
      <trkpt lat="48.898445" lon="2.352485">
        <ele>44.454890</ele>
        <time>2026-08-22T21:34:14.243Z</time>
      </trkpt>
      <trkpt lat="48.898441" lon="2.352150">
        <ele>44.711136</ele>
        <time>2026-08-22T21:34:18.980Z</time>
      </trkpt>
      <trkpt lat="48.898421" lon="2.351248">
        <ele>45.401369</ele>
        <time>2026-08-22T21:34:34.524Z</time>
      </trkpt>
      <trkpt lat="48.898419" lon="2.351199">
        <ele>45.438916</ele>
        <time>2026-08-22T21:34:35.315Z</time>
      </trkpt>
      <trkpt lat="48.898380" lon="2.350669">
        <ele>45.903121</ele>
        <time>2026-08-22T21:34:44.240Z</time>
      </trkpt>
      <trkpt lat="48.898336" lon="2.349564">
        <ele>47.325742</ele>
        <time>2026-08-22T21:35:06.097Z</time>
      </trkpt>
      <trkpt lat="48.898281" lon="2.348375">
        <ele>48.857487</ele>
        <time>2026-08-22T21:35:29.072Z</time>
      </trkpt>
      <trkpt lat="48.898257" lon="2.347302">
        <ele>49.923453</ele>
        <time>2026-08-22T21:35:47.741Z</time>
      </trkpt>
      <trkpt lat="48.898202" lon="2.346360">
        <ele>50.740440</ele>
        <time>2026-08-22T21:36:02.202Z</time>
      </trkpt>
      <trkpt lat="48.898185" lon="2.345536">
        <ele>51.452636</ele>
        <time>2026-08-22T21:36:12.962Z</time>
      </trkpt>
      <trkpt lat="48.898102" lon="2.344565">
        <ele>52.382890</ele>
        <time>2026-08-22T21:36:31.863Z</time>
      </trkpt>
      <trkpt lat="48.898070" lon="2.344276">
        <ele>52.668680</ele>
        <time>2026-08-22T21:36:37.970Z</time>
      </trkpt>
      <trkpt lat="48.897960" lon="2.344284">
        <ele>52.832036</ele>
        <time>2026-08-22T21:36:41.295Z</time>
      </trkpt>
      <trkpt lat="48.897890" lon="2.344423">
        <ele>53.002783</ele>
        <time>2026-08-22T21:36:44.490Z</time>
      </trkpt>
      <trkpt lat="48.897802" lon="2.344353">
        <ele>53.150089</ele>
        <time>2026-08-22T21:36:46.927Z</time>
      </trkpt>
      <trkpt lat="48.897773" lon="2.344375">
        <ele>53.198159</ele>
        <time>2026-08-22T21:36:47.753Z</time>
      </trkpt>
      <trkpt lat="48.897558" lon="2.344542">
        <ele>53.556254</ele>
        <time>2026-08-22T21:36:52.784Z</time>
      </trkpt>
      <trkpt lat="48.897529" lon="2.344565">
        <ele>53.604767</ele>
        <time>2026-08-22T21:36:53.345Z</time>
      </trkpt>
      <trkpt lat="48.897492" lon="2.344616">
        <ele>53.678832</ele>
        <time>2026-08-22T21:36:54.404Z</time>
      </trkpt>
      <trkpt lat="48.897345" lon="2.344740">
        <ele>53.928170</ele>
        <time>2026-08-22T21:36:57.588Z</time>
      </trkpt>
      <trkpt lat="48.897376" lon="2.344825">
        <ele>54.022960</ele>
        <time>2026-08-22T21:37:02.052Z</time>
      </trkpt>
      <trkpt lat="48.897380" lon="2.344838">
        <ele>54.036957</ele>
        <time>2026-08-22T21:37:02.720Z</time>
      </trkpt>
      <trkpt lat="48.897385" lon="2.344852">
        <ele>54.052494</ele>
        <time>2026-08-22T21:37:03.455Z</time>
      </trkpt>
      <trkpt lat="48.897380" lon="2.344838">
        <ele>54.068031</ele>
        <time>2026-08-22T21:37:04.190Z</time>
      </trkpt>
      <trkpt lat="48.897364" lon="2.344990">
        <ele>54.218145</ele>
        <time>2026-08-22T21:37:06.123Z</time>
      </trkpt>
      <trkpt lat="48.897415" lon="2.344936">
        <ele>54.310319</ele>
        <time>2026-08-22T21:37:07.312Z</time>
      </trkpt>
      <trkpt lat="48.897521" lon="2.344859">
        <ele>54.240024</ele>
        <time>2026-08-22T21:37:09.409Z</time>
      </trkpt>
      <trkpt lat="48.897566" lon="2.344824">
        <ele>54.208993</ele>
        <time>2026-08-22T21:37:10.532Z</time>
      </trkpt>
      <trkpt lat="48.897600" lon="2.344797">
        <ele>54.185445</ele>
        <time>2026-08-22T21:37:11.363Z</time>
      </trkpt>
      <trkpt lat="48.897799" lon="2.344636">
        <ele>54.047059</ele>
        <time>2026-08-22T21:37:15.603Z</time>
      </trkpt>
      <trkpt lat="48.897890" lon="2.344423">
        <ele>53.944528</ele>
        <time>2026-08-22T21:37:18.368Z</time>
      </trkpt>
      <trkpt lat="48.898002" lon="2.344418">
        <ele>53.875734</ele>
        <time>2026-08-22T21:37:19.968Z</time>
      </trkpt>
      <trkpt lat="48.898070" lon="2.344276">
        <ele>53.804826</ele>
        <time>2026-08-22T21:37:21.567Z</time>
      </trkpt>
      <trkpt lat="48.898038" lon="2.343982">
        <ele>53.684545</ele>
        <time>2026-08-22T21:37:24.075Z</time>
      </trkpt>
      <trkpt lat="48.898016" lon="2.343734">
        <ele>53.583540</ele>
        <time>2026-08-22T21:37:26.271Z</time>
      </trkpt>
      <trkpt lat="48.898008" lon="2.343346">
        <ele>53.426858</ele>
        <time>2026-08-22T21:37:29.968Z</time>
      </trkpt>
      <trkpt lat="48.897985" lon="2.342419">
        <ele>53.173545</ele>
        <time>2026-08-22T21:37:43.825Z</time>
      </trkpt>
      <trkpt lat="48.897979" lon="2.342240">
        <ele>53.157776</ele>
        <time>2026-08-22T21:37:46.473Z</time>
      </trkpt>
      <trkpt lat="48.897965" lon="2.341075">
        <ele>53.055259</ele>
        <time>2026-08-22T21:38:01.845Z</time>
      </trkpt>
      <trkpt lat="48.897961" lon="2.340859">
        <ele>53.036247</ele>
        <time>2026-08-22T21:38:04.182Z</time>
      </trkpt>
      <trkpt lat="48.897954" lon="2.340672">
        <ele>53.019768</ele>
        <time>2026-08-22T21:38:06.192Z</time>
      </trkpt>
      <trkpt lat="48.897927" lon="2.339688">
        <ele>53.019871</ele>
        <time>2026-08-22T21:38:16.266Z</time>
      </trkpt>
      <trkpt lat="48.897921" lon="2.339342">
        <ele>53.068356</ele>
        <time>2026-08-22T21:38:19.541Z</time>
      </trkpt>
      <trkpt lat="48.897936" lon="2.338919">
        <ele>53.127696</ele>
        <time>2026-08-22T21:38:23.920Z</time>
      </trkpt>
      <trkpt lat="48.897931" lon="2.338684">
        <ele>53.160633</ele>
        <time>2026-08-22T21:38:26.835Z</time>
      </trkpt>
      <trkpt lat="48.897924" lon="2.338387">
        <ele>53.202264</ele>
        <time>2026-08-22T21:38:30.761Z</time>
      </trkpt>
      <trkpt lat="48.897907" lon="2.337684">
        <ele>53.300808</ele>
        <time>2026-08-22T21:38:41.019Z</time>
      </trkpt>
      <trkpt lat="48.897890" lon="2.337374">
        <ele>53.344384</ele>
        <time>2026-08-22T21:38:45.695Z</time>
      </trkpt>
      <trkpt lat="48.897874" lon="2.337130">
        <ele>53.374030</ele>
        <time>2026-08-22T21:38:49.394Z</time>
      </trkpt>
      <trkpt lat="48.897861" lon="2.336793">
        <ele>53.413619</ele>
        <time>2026-08-22T21:38:53.924Z</time>
      </trkpt>
      <trkpt lat="48.897849" lon="2.336359">
        <ele>53.464560</ele>
        <time>2026-08-22T21:39:00.174Z</time>
      </trkpt>
      <trkpt lat="48.897841" lon="2.335731">
        <ele>53.538221</ele>
        <time>2026-08-22T21:39:10.195Z</time>
      </trkpt>
      <trkpt lat="48.897838" lon="2.335485">
        <ele>53.567075</ele>
        <time>2026-08-22T21:39:13.833Z</time>
      </trkpt>
      <trkpt lat="48.897826" lon="2.334993">
        <ele>53.624813</ele>
        <time>2026-08-22T21:39:20.034Z</time>
      </trkpt>
      <trkpt lat="48.897809" lon="2.334350">
        <ele>53.542653</ele>
        <time>2026-08-22T21:39:27.088Z</time>
      </trkpt>
      <trkpt lat="48.897809" lon="2.334146">
        <ele>53.439084</ele>
        <time>2026-08-22T21:39:29.251Z</time>
      </trkpt>
      <trkpt lat="48.897814" lon="2.333920">
        <ele>53.324280</ele>
        <time>2026-08-22T21:39:31.633Z</time>
      </trkpt>
      <trkpt lat="48.897798" lon="2.333485">
        <ele>53.103088</ele>
        <time>2026-08-22T21:39:36.243Z</time>
      </trkpt>
      <trkpt lat="48.897778" lon="2.332931">
        <ele>52.821403</ele>
        <time>2026-08-22T21:39:42.930Z</time>
      </trkpt>
      <trkpt lat="48.897756" lon="2.331854">
        <ele>52.280854</ele>
        <time>2026-08-22T21:39:57.149Z</time>
      </trkpt>
      <trkpt lat="48.897748" lon="2.331539">
        <ele>52.263098</ele>
        <time>2026-08-22T21:40:00.616Z</time>
      </trkpt>
      <trkpt lat="48.897732" lon="2.330801">
        <ele>52.221506</ele>
        <time>2026-08-22T21:40:10.062Z</time>
      </trkpt>
      <trkpt lat="48.897770" lon="2.330303">
        <ele>52.193268</ele>
        <time>2026-08-22T21:40:15.769Z</time>
      </trkpt>
      <trkpt lat="48.897768" lon="2.330193">
        <ele>52.187069</ele>
        <time>2026-08-22T21:40:17.141Z</time>
      </trkpt>
      <trkpt lat="48.897751" lon="2.329310">
        <ele>52.137312</ele>
        <time>2026-08-22T21:40:27.810Z</time>
      </trkpt>
      <trkpt lat="48.897731" lon="2.329014">
        <ele>52.076529</ele>
        <time>2026-08-22T21:40:30.809Z</time>
      </trkpt>
      <trkpt lat="48.897705" lon="2.328734">
        <ele>51.960524</ele>
        <time>2026-08-22T21:40:33.692Z</time>
      </trkpt>
      <trkpt lat="48.897685" lon="2.327952">
        <ele>51.639479</ele>
        <time>2026-08-22T21:40:41.835Z</time>
      </trkpt>
      <trkpt lat="48.897666" lon="2.326936">
        <ele>51.222513</ele>
        <time>2026-08-22T21:40:53.244Z</time>
      </trkpt>
      <trkpt lat="48.897663" lon="2.326773">
        <ele>51.155619</ele>
        <time>2026-08-22T21:40:54.968Z</time>
      </trkpt>
      <trkpt lat="48.897658" lon="2.326545">
        <ele>51.062034</ele>
        <time>2026-08-22T21:40:57.246Z</time>
      </trkpt>
      <trkpt lat="48.897653" lon="2.326248">
        <ele>50.801897</ele>
        <time>2026-08-22T21:41:00.075Z</time>
      </trkpt>
      <trkpt lat="48.897647" lon="2.325407">
        <ele>49.723166</ele>
        <time>2026-08-22T21:41:07.529Z</time>
      </trkpt>
      <trkpt lat="48.897649" lon="2.325322">
        <ele>49.614076</ele>
        <time>2026-08-22T21:41:08.272Z</time>
      </trkpt>
      <trkpt lat="48.897641" lon="2.324785">
        <ele>48.925142</ele>
        <time>2026-08-22T21:41:13.057Z</time>
      </trkpt>
      <trkpt lat="48.897635" lon="2.324431">
        <ele>48.470951</ele>
        <time>2026-08-22T21:41:16.172Z</time>
      </trkpt>
      <trkpt lat="48.897617" lon="2.324143">
        <ele>48.099896</ele>
        <time>2026-08-22T21:41:18.651Z</time>
      </trkpt>
      <trkpt lat="48.897608" lon="2.323941">
        <ele>47.840216</ele>
        <time>2026-08-22T21:41:20.514Z</time>
      </trkpt>
      <trkpt lat="48.897587" lon="2.323212">
        <ele>46.584985</ele>
        <time>2026-08-22T21:41:27.286Z</time>
      </trkpt>
      <trkpt lat="48.897584" lon="2.322915">
        <ele>45.998413</ele>
        <time>2026-08-22T21:41:29.907Z</time>
      </trkpt>
      <trkpt lat="48.897584" lon="2.322879">
        <ele>45.927322</ele>
        <time>2026-08-22T21:41:30.223Z</time>
      </trkpt>
      <trkpt lat="48.897577" lon="2.322528">
        <ele>45.233863</ele>
        <time>2026-08-22T21:41:33.241Z</time>
      </trkpt>
      <trkpt lat="48.897600" lon="2.322403">
        <ele>44.977532</ele>
        <time>2026-08-22T21:41:34.373Z</time>
      </trkpt>
      <trkpt lat="48.897594" lon="2.322159">
        <ele>44.495354</ele>
        <time>2026-08-22T21:41:36.476Z</time>
      </trkpt>
      <trkpt lat="48.897495" lon="2.321621">
        <ele>43.392099</ele>
        <time>2026-08-22T21:41:41.070Z</time>
      </trkpt>
      <trkpt lat="48.897475" lon="2.321531">
        <ele>43.204491</ele>
        <time>2026-08-22T21:41:41.822Z</time>
      </trkpt>
      <trkpt lat="48.897330" lon="2.321120">
        <ele>42.283376</ele>
        <time>2026-08-22T21:41:45.544Z</time>
      </trkpt>
      <trkpt lat="48.897294" lon="2.321026">
        <ele>42.064507</ele>
        <time>2026-08-22T21:41:46.414Z</time>
      </trkpt>
      <trkpt lat="48.896972" lon="2.320177">
        <ele>39.811053</ele>
        <time>2026-08-22T21:41:54.179Z</time>
      </trkpt>
      <trkpt lat="48.896955" lon="2.320131">
        <ele>39.689730</ele>
        <time>2026-08-22T21:41:54.585Z</time>
      </trkpt>
      <trkpt lat="48.896858" lon="2.319879">
        <ele>39.018356</ele>
        <time>2026-08-22T21:41:56.863Z</time>
      </trkpt>
      <trkpt lat="48.896836" lon="2.319822">
        <ele>38.866392</ele>
        <time>2026-08-22T21:41:57.373Z</time>
      </trkpt>
      <trkpt lat="48.896634" lon="2.319291">
        <ele>37.455917</ele>
        <time>2026-08-22T21:42:02.289Z</time>
      </trkpt>
      <trkpt lat="48.896575" lon="2.319207">
        <ele>37.173303</ele>
        <time>2026-08-22T21:42:03.318Z</time>
      </trkpt>
      <trkpt lat="48.896538" lon="2.319107">
        <ele>36.909482</ele>
        <time>2026-08-22T21:42:04.272Z</time>
      </trkpt>
      <trkpt lat="48.896256" lon="2.318368">
        <ele>35.568755</ele>
        <time>2026-08-22T21:42:11.858Z</time>
      </trkpt>
      <trkpt lat="48.896240" lon="2.318298">
        <ele>35.522239</ele>
        <time>2026-08-22T21:42:12.526Z</time>
      </trkpt>
      <trkpt lat="48.895390" lon="2.316026">
        <ele>34.164700</ele>
        <time>2026-08-22T21:42:39.174Z</time>
      </trkpt>
      <trkpt lat="48.895323" lon="2.315910">
        <ele>34.202133</ele>
        <time>2026-08-22T21:42:41.166Z</time>
      </trkpt>
      <trkpt lat="48.895294" lon="2.315823">
        <ele>34.225781</ele>
        <time>2026-08-22T21:42:42.544Z</time>
      </trkpt>
      <trkpt lat="48.895058" lon="2.315149">
        <ele>34.410907</ele>
        <time>2026-08-22T21:42:53.545Z</time>
      </trkpt>
      <trkpt lat="48.894866" lon="2.314533">
        <ele>34.576177</ele>
        <time>2026-08-22T21:43:04.177Z</time>
      </trkpt>
      <trkpt lat="48.894545" lon="2.313668">
        <ele>34.680250</ele>
        <time>2026-08-22T21:43:19.577Z</time>
      </trkpt>
      <trkpt lat="48.894457" lon="2.313470">
        <ele>34.621614</ele>
        <time>2026-08-22T21:43:22.917Z</time>
      </trkpt>
      <trkpt lat="48.894357" lon="2.313251">
        <ele>34.556197</ele>
        <time>2026-08-22T21:43:25.843Z</time>
      </trkpt>
      <trkpt lat="48.894288" lon="2.313083">
        <ele>34.507599</ele>
        <time>2026-08-22T21:43:27.886Z</time>
      </trkpt>
      <trkpt lat="48.894040" lon="2.312542">
        <ele>34.345792</ele>
        <time>2026-08-22T21:43:34.608Z</time>
      </trkpt>
      <trkpt lat="48.893793" lon="2.311881">
        <ele>34.159258</ele>
        <time>2026-08-22T21:43:42.501Z</time>
      </trkpt>
      <trkpt lat="48.893754" lon="2.311775">
        <ele>34.129456</ele>
        <time>2026-08-22T21:43:43.685Z</time>
      </trkpt>
      <trkpt lat="48.893685" lon="2.311617">
        <ele>34.082920</ele>
        <time>2026-08-22T21:43:45.493Z</time>
      </trkpt>
      <trkpt lat="48.893653" lon="2.311464">
        <ele>34.014430</ele>
        <time>2026-08-22T21:43:47.011Z</time>
      </trkpt>
      <trkpt lat="48.893627" lon="2.311337">
        <ele>33.954109</ele>
        <time>2026-08-22T21:43:48.251Z</time>
      </trkpt>
      <trkpt lat="48.893221" lon="2.310263">
        <ele>33.392291</ele>
        <time>2026-08-22T21:44:00.113Z</time>
      </trkpt>
      <trkpt lat="48.892768" lon="2.309295">
        <ele>32.853462</ele>
        <time>2026-08-22T21:44:12.901Z</time>
      </trkpt>
      <trkpt lat="48.892665" lon="2.309120">
        <ele>32.918697</ele>
        <time>2026-08-22T21:44:15.534Z</time>
      </trkpt>
      <trkpt lat="48.892624" lon="2.309105">
        <ele>32.944963</ele>
        <time>2026-08-22T21:44:16.238Z</time>
      </trkpt>
      <trkpt lat="48.892597" lon="2.309043">
        <ele>32.975418</ele>
        <time>2026-08-22T21:44:17.248Z</time>
      </trkpt>
      <trkpt lat="48.892445" lon="2.308697">
        <ele>33.145830</ele>
        <time>2026-08-22T21:44:22.893Z</time>
      </trkpt>
      <trkpt lat="48.892413" lon="2.308549">
        <ele>33.209632</ele>
        <time>2026-08-22T21:44:25.108Z</time>
      </trkpt>
      <trkpt lat="48.891587" lon="2.306833">
        <ele>34.192964</ele>
        <time>2026-08-22T21:44:58.603Z</time>
      </trkpt>
      <trkpt lat="48.891431" lon="2.306629">
        <ele>34.438137</ele>
        <time>2026-08-22T21:45:04.050Z</time>
      </trkpt>
      <trkpt lat="48.891260" lon="2.306259">
        <ele>34.792500</ele>
        <time>2026-08-22T21:45:11.123Z</time>
      </trkpt>
      <trkpt lat="48.891198" lon="2.306122">
        <ele>34.922814</ele>
        <time>2026-08-22T21:45:13.685Z</time>
      </trkpt>
      <trkpt lat="48.891051" lon="2.305812">
        <ele>35.222292</ele>
        <time>2026-08-22T21:45:19.443Z</time>
      </trkpt>
      <trkpt lat="48.890812" lon="2.305303">
        <ele>35.712373</ele>
        <time>2026-08-22T21:45:30.644Z</time>
      </trkpt>
      <trkpt lat="48.890670" lon="2.304997">
        <ele>36.005840</ele>
        <time>2026-08-22T21:45:36.202Z</time>
      </trkpt>
      <trkpt lat="48.890228" lon="2.304077">
        <ele>36.653414</ele>
        <time>2026-08-22T21:45:52.748Z</time>
      </trkpt>
      <trkpt lat="48.890214" lon="2.304043">
        <ele>36.675184</ele>
        <time>2026-08-22T21:45:53.246Z</time>
      </trkpt>
      <trkpt lat="48.890146" lon="2.303888">
        <ele>36.776302</ele>
        <time>2026-08-22T21:45:55.330Z</time>
      </trkpt>
      <trkpt lat="48.890059" lon="2.303707">
        <ele>36.897972</ele>
        <time>2026-08-22T21:45:57.990Z</time>
      </trkpt>
      <trkpt lat="48.889957" lon="2.303478">
        <ele>37.048074</ele>
        <time>2026-08-22T21:46:02.422Z</time>
      </trkpt>
      <trkpt lat="48.889664" lon="2.302883">
        <ele>37.451481</ele>
        <time>2026-08-22T21:46:13.761Z</time>
      </trkpt>
      <trkpt lat="48.889611" lon="2.302769">
        <ele>37.527249</ele>
        <time>2026-08-22T21:46:15.583Z</time>
      </trkpt>
      <trkpt lat="48.889455" lon="2.302487">
        <ele>37.760521</ele>
        <time>2026-08-22T21:46:20.672Z</time>
      </trkpt>
      <trkpt lat="48.889226" lon="2.301989">
        <ele>38.167719</ele>
        <time>2026-08-22T21:46:31.078Z</time>
      </trkpt>
      <trkpt lat="48.888888" lon="2.301283">
        <ele>38.752899</ele>
        <time>2026-08-22T21:46:45.917Z</time>
      </trkpt>
      <trkpt lat="48.888818" lon="2.301078">
        <ele>38.907681</ele>
        <time>2026-08-22T21:46:49.828Z</time>
      </trkpt>
      <trkpt lat="48.888801" lon="2.301033">
        <ele>38.942457</ele>
        <time>2026-08-22T21:46:50.720Z</time>
      </trkpt>
      <trkpt lat="48.888792" lon="2.301012">
        <ele>38.959254</ele>
        <time>2026-08-22T21:46:51.144Z</time>
      </trkpt>
      <trkpt lat="48.888676" lon="2.300769">
        <ele>39.160467</ele>
        <time>2026-08-22T21:46:55.715Z</time>
      </trkpt>
      <trkpt lat="48.888433" lon="2.300257">
        <ele>39.248807</ele>
        <time>2026-08-22T21:47:03.667Z</time>
      </trkpt>
      <trkpt lat="48.888234" lon="2.299837">
        <ele>38.892558</ele>
        <time>2026-08-22T21:47:09.822Z</time>
      </trkpt>
      <trkpt lat="48.888209" lon="2.299782">
        <ele>38.846546</ele>
        <time>2026-08-22T21:47:10.565Z</time>
      </trkpt>
      <trkpt lat="48.888189" lon="2.299741">
        <ele>38.811415</ele>
        <time>2026-08-22T21:47:11.124Z</time>
      </trkpt>
      <trkpt lat="48.888129" lon="2.299611">
        <ele>38.702115</ele>
        <time>2026-08-22T21:47:12.781Z</time>
      </trkpt>
      <trkpt lat="48.888050" lon="2.299442">
        <ele>38.559421</ele>
        <time>2026-08-22T21:47:14.830Z</time>
      </trkpt>
      <trkpt lat="48.888011" lon="2.299361">
        <ele>38.490333</ele>
        <time>2026-08-22T21:47:15.761Z</time>
      </trkpt>
      <trkpt lat="48.887425" lon="2.298123">
        <ele>37.461101</ele>
        <time>2026-08-22T21:47:29.124Z</time>
      </trkpt>
      <trkpt lat="48.887405" lon="2.298082">
        <ele>37.433522</ele>
        <time>2026-08-22T21:47:29.588Z</time>
      </trkpt>
      <trkpt lat="48.887374" lon="2.297998">
        <ele>37.381485</ele>
        <time>2026-08-22T21:47:30.476Z</time>
      </trkpt>
      <trkpt lat="48.887320" lon="2.297683">
        <ele>37.205627</ele>
        <time>2026-08-22T21:47:33.465Z</time>
      </trkpt>
      <trkpt lat="48.887339" lon="2.297419">
        <ele>37.062157</ele>
        <time>2026-08-22T21:47:35.929Z</time>
      </trkpt>
      <trkpt lat="48.887351" lon="2.297370">
        <ele>37.033910</ele>
        <time>2026-08-22T21:47:36.422Z</time>
      </trkpt>
      <trkpt lat="48.887538" lon="2.296726">
        <ele>36.653595</ele>
        <time>2026-08-22T21:47:43.018Z</time>
      </trkpt>
      <trkpt lat="48.887748" lon="2.296007">
        <ele>36.228584</ele>
        <time>2026-08-22T21:47:51.345Z</time>
      </trkpt>
      <trkpt lat="48.887767" lon="2.295944">
        <ele>36.191141</ele>
        <time>2026-08-22T21:47:52.233Z</time>
      </trkpt>
      <trkpt lat="48.887781" lon="2.295899">
        <ele>36.164248</ele>
        <time>2026-08-22T21:47:53.006Z</time>
      </trkpt>
      <trkpt lat="48.887825" lon="2.295761">
        <ele>36.081396</ele>
        <time>2026-08-22T21:47:55.452Z</time>
      </trkpt>
      <trkpt lat="48.887870" lon="2.295608">
        <ele>36.148850</ele>
        <time>2026-08-22T21:47:58.195Z</time>
      </trkpt>
      <trkpt lat="48.887963" lon="2.295306">
        <ele>36.390918</ele>
        <time>2026-08-22T21:48:03.197Z</time>
      </trkpt>
      <trkpt lat="48.887988" lon="2.295229">
        <ele>36.453254</ele>
        <time>2026-08-22T21:48:04.611Z</time>
      </trkpt>
      <trkpt lat="48.887998" lon="2.295195">
        <ele>36.480290</ele>
        <time>2026-08-22T21:48:05.248Z</time>
      </trkpt>
      <trkpt lat="48.887751" lon="2.294819">
        <ele>36.866094</ele>
        <time>2026-08-22T21:48:13.721Z</time>
      </trkpt>
      <trkpt lat="48.887732" lon="2.294790">
        <ele>36.895810</ele>
        <time>2026-08-22T21:48:14.304Z</time>
      </trkpt>
      <trkpt lat="48.887710" lon="2.294758">
        <ele>36.929417</ele>
        <time>2026-08-22T21:48:15.067Z</time>
      </trkpt>
      <trkpt lat="48.887637" lon="2.294647">
        <ele>37.043376</ele>
        <time>2026-08-22T21:48:17.689Z</time>
      </trkpt>
      <trkpt lat="48.887547" lon="2.294511">
        <ele>37.183438</ele>
        <time>2026-08-22T21:48:20.853Z</time>
      </trkpt>
      <trkpt lat="48.887500" lon="2.294437">
        <ele>37.258121</ele>
        <time>2026-08-22T21:48:22.299Z</time>
      </trkpt>
      <trkpt lat="48.887476" lon="2.294399">
        <ele>37.296368</ele>
        <time>2026-08-22T21:48:23.164Z</time>
      </trkpt>
      <trkpt lat="48.887175" lon="2.293907">
        <ele>37.784184</ele>
        <time>2026-08-22T21:48:33.315Z</time>
      </trkpt>
      <trkpt lat="48.887154" lon="2.293872">
        <ele>37.818578</ele>
        <time>2026-08-22T21:48:34.121Z</time>
      </trkpt>
      <trkpt lat="48.887040" lon="2.293686">
        <ele>38.003153</ele>
        <time>2026-08-22T21:48:37.983Z</time>
      </trkpt>
      <trkpt lat="48.887018" lon="2.293651">
        <ele>38.038300</ele>
        <time>2026-08-22T21:48:38.680Z</time>
      </trkpt>
      <trkpt lat="48.886547" lon="2.292894">
        <ele>38.236015</ele>
        <time>2026-08-22T21:48:49.825Z</time>
      </trkpt>
      <trkpt lat="48.886507" lon="2.292825">
        <ele>38.253100</ele>
        <time>2026-08-22T21:48:50.777Z</time>
      </trkpt>
      <trkpt lat="48.886452" lon="2.292737">
        <ele>38.275650</ele>
        <time>2026-08-22T21:48:52.009Z</time>
      </trkpt>
      <trkpt lat="48.886323" lon="2.292518">
        <ele>38.330259</ele>
        <time>2026-08-22T21:48:55.210Z</time>
      </trkpt>
      <trkpt lat="48.886299" lon="2.292467">
        <ele>38.341907</ele>
        <time>2026-08-22T21:48:55.980Z</time>
      </trkpt>
      <trkpt lat="48.886280" lon="2.292429">
        <ele>38.350774</ele>
        <time>2026-08-22T21:48:56.618Z</time>
      </trkpt>
      <trkpt lat="48.886099" lon="2.292092">
        <ele>38.431592</ele>
        <time>2026-08-22T21:49:02.388Z</time>
      </trkpt>
      <trkpt lat="48.886014" lon="2.291957">
        <ele>38.466307</ele>
        <time>2026-08-22T21:49:04.942Z</time>
      </trkpt>
      <trkpt lat="48.885844" lon="2.291684">
        <ele>38.536141</ele>
        <time>2026-08-22T21:49:10.294Z</time>
      </trkpt>
      <trkpt lat="48.885802" lon="2.291618">
        <ele>38.550060</ele>
        <time>2026-08-22T21:49:11.516Z</time>
      </trkpt>
      <trkpt lat="48.885691" lon="2.291436">
        <ele>38.482844</ele>
        <time>2026-08-22T21:49:14.764Z</time>
      </trkpt>
      <trkpt lat="48.885500" lon="2.291177">
        <ele>38.377465</ele>
        <time>2026-08-22T21:49:19.269Z</time>
      </trkpt>
      <trkpt lat="48.885465" lon="2.291126">
        <ele>38.357504</ele>
        <time>2026-08-22T21:49:20.032Z</time>
      </trkpt>
      <trkpt lat="48.885341" lon="2.290926">
        <ele>38.283071</ele>
        <time>2026-08-22T21:49:23.059Z</time>
      </trkpt>
      <trkpt lat="48.885168" lon="2.290653">
        <ele>38.180408</ele>
        <time>2026-08-22T21:49:27.215Z</time>
      </trkpt>
      <trkpt lat="48.885143" lon="2.290614">
        <ele>38.165660</ele>
        <time>2026-08-22T21:49:27.774Z</time>
      </trkpt>
      <trkpt lat="48.884444" lon="2.289489">
        <ele>37.798737</ele>
        <time>2026-08-22T21:49:42.920Z</time>
      </trkpt>
      <trkpt lat="48.884412" lon="2.289438">
        <ele>37.795044</ele>
        <time>2026-08-22T21:49:43.557Z</time>
      </trkpt>
      <trkpt lat="48.884339" lon="2.289321">
        <ele>37.786594</ele>
        <time>2026-08-22T21:49:45.019Z</time>
      </trkpt>
      <trkpt lat="48.884122" lon="2.288973">
        <ele>37.761470</ele>
        <time>2026-08-22T21:49:49.636Z</time>
      </trkpt>
      <trkpt lat="48.884087" lon="2.288916">
        <ele>37.757384</ele>
        <time>2026-08-22T21:49:50.442Z</time>
      </trkpt>
      <trkpt lat="48.884062" lon="2.288876">
        <ele>37.754493</ele>
        <time>2026-08-22T21:49:51.019Z</time>
      </trkpt>
      <trkpt lat="48.883581" lon="2.288107">
        <ele>37.698892</ele>
        <time>2026-08-22T21:50:04.057Z</time>
      </trkpt>
      <trkpt lat="48.883543" lon="2.288045">
        <ele>37.694452</ele>
        <time>2026-08-22T21:50:05.373Z</time>
      </trkpt>
      <trkpt lat="48.883232" lon="2.287548">
        <ele>37.768067</ele>
        <time>2026-08-22T21:50:14.998Z</time>
      </trkpt>
      <trkpt lat="48.883144" lon="2.287405">
        <ele>37.876742</ele>
        <time>2026-08-22T21:50:17.738Z</time>
      </trkpt>
      <trkpt lat="48.883050" lon="2.287253">
        <ele>37.992523</ele>
        <time>2026-08-22T21:50:20.501Z</time>
      </trkpt>
      <trkpt lat="48.882405" lon="2.286221">
        <ele>38.782555</ele>
        <time>2026-08-22T21:50:39.238Z</time>
      </trkpt>
      <trkpt lat="48.882380" lon="2.286183">
        <ele>38.812382</ele>
        <time>2026-08-22T21:50:40.136Z</time>
      </trkpt>
      <trkpt lat="48.882324" lon="2.286099">
        <ele>38.878756</ele>
        <time>2026-08-22T21:50:42.225Z</time>
      </trkpt>
      <trkpt lat="48.882275" lon="2.286036">
        <ele>38.932901</ele>
        <time>2026-08-22T21:50:43.948Z</time>
      </trkpt>
      <trkpt lat="48.882241" lon="2.285994">
        <ele>38.969864</ele>
        <time>2026-08-22T21:50:45.009Z</time>
      </trkpt>
      <trkpt lat="48.881835" lon="2.285357">
        <ele>39.765444</ele>
        <time>2026-08-22T21:50:57.690Z</time>
      </trkpt>
      <trkpt lat="48.881809" lon="2.285316">
        <ele>39.831732</ele>
        <time>2026-08-22T21:50:58.310Z</time>
      </trkpt>
      <trkpt lat="48.881784" lon="2.285355">
        <ele>39.895117</ele>
        <time>2026-08-22T21:50:59.177Z</time>
      </trkpt>
      <trkpt lat="48.881765" lon="2.285385">
        <ele>39.943590</ele>
        <time>2026-08-22T21:50:59.789Z</time>
      </trkpt>
      <trkpt lat="48.881740" lon="2.285423">
        <ele>40.006146</ele>
        <time>2026-08-22T21:51:00.432Z</time>
      </trkpt>
      <trkpt lat="48.881731" lon="2.285437">
        <ele>40.028932</ele>
        <time>2026-08-22T21:51:00.685Z</time>
      </trkpt>
      <trkpt lat="48.881704" lon="2.285476">
        <ele>40.094836</ele>
        <time>2026-08-22T21:51:01.393Z</time>
      </trkpt>
      <trkpt lat="48.881684" lon="2.285504">
        <ele>40.142947</ele>
        <time>2026-08-22T21:51:01.919Z</time>
      </trkpt>
      <trkpt lat="48.881600" lon="2.285628">
        <ele>40.350132</ele>
        <time>2026-08-22T21:51:04.269Z</time>
      </trkpt>
      <trkpt lat="48.881536" lon="2.285600">
        <ele>40.467990</ele>
        <time>2026-08-22T21:51:05.846Z</time>
      </trkpt>
      <trkpt lat="48.880919" lon="2.285253">
        <ele>41.632209</ele>
        <time>2026-08-22T21:51:24.396Z</time>
      </trkpt>
      <trkpt lat="48.880858" lon="2.285233">
        <ele>41.742644</ele>
        <time>2026-08-22T21:51:26.455Z</time>
      </trkpt>
      <trkpt lat="48.880811" lon="2.285210">
        <ele>41.830023</ele>
        <time>2026-08-22T21:51:28.195Z</time>
      </trkpt>
      <trkpt lat="48.880783" lon="2.285196">
        <ele>41.882186</ele>
        <time>2026-08-22T21:51:29.123Z</time>
      </trkpt>
      <trkpt lat="48.880684" lon="2.285145">
        <ele>42.067171</ele>
        <time>2026-08-22T21:51:32.458Z</time>
      </trkpt>
      <trkpt lat="48.880649" lon="2.285126">
        <ele>42.132941</ele>
        <time>2026-08-22T21:51:33.498Z</time>
      </trkpt>
      <trkpt lat="48.880597" lon="2.285099">
        <ele>42.230185</ele>
        <time>2026-08-22T21:51:35.001Z</time>
      </trkpt>
      <trkpt lat="48.880541" lon="2.285074">
        <ele>42.333473</ele>
        <time>2026-08-22T21:51:36.568Z</time>
      </trkpt>
      <trkpt lat="48.880131" lon="2.284897">
        <ele>42.417028</ele>
        <time>2026-08-22T21:51:46.916Z</time>
      </trkpt>
      <trkpt lat="48.879380" lon="2.284572">
        <ele>42.509686</ele>
        <time>2026-08-22T21:52:04.583Z</time>
      </trkpt>
      <trkpt lat="48.879326" lon="2.284549">
        <ele>42.516341</ele>
        <time>2026-08-22T21:52:05.463Z</time>
      </trkpt>
      <trkpt lat="48.878460" lon="2.284172">
        <ele>42.285142</ele>
        <time>2026-08-22T21:52:17.103Z</time>
      </trkpt>
      <trkpt lat="48.878344" lon="2.284109">
        <ele>42.179146</ele>
        <time>2026-08-22T21:52:18.634Z</time>
      </trkpt>
      <trkpt lat="48.878264" lon="2.284021">
        <ele>42.094179</ele>
        <time>2026-08-22T21:52:19.866Z</time>
      </trkpt>
      <trkpt lat="48.878240" lon="2.283968">
        <ele>42.057762</ele>
        <time>2026-08-22T21:52:20.409Z</time>
      </trkpt>
      <trkpt lat="48.878177" lon="2.283807">
        <ele>41.951739</ele>
        <time>2026-08-22T21:52:21.993Z</time>
      </trkpt>
      <trkpt lat="48.877746" lon="2.283492">
        <ele>41.540235</ele>
        <time>2026-08-22T21:52:29.052Z</time>
      </trkpt>
      <trkpt lat="48.877693" lon="2.283458">
        <ele>41.490735</ele>
        <time>2026-08-22T21:52:30.110Z</time>
      </trkpt>
      <trkpt lat="48.877660" lon="2.283450">
        <ele>41.461979</ele>
        <time>2026-08-22T21:52:30.717Z</time>
      </trkpt>
      <trkpt lat="48.877606" lon="2.283412">
        <ele>41.410776</ele>
        <time>2026-08-22T21:52:32.164Z</time>
      </trkpt>
      <trkpt lat="48.877557" lon="2.283377">
        <ele>41.364189</ele>
        <time>2026-08-22T21:52:33.501Z</time>
      </trkpt>
      <trkpt lat="48.877439" lon="2.283291">
        <ele>41.251586</ele>
        <time>2026-08-22T21:52:36.955Z</time>
      </trkpt>
      <trkpt lat="48.877390" lon="2.283255">
        <ele>41.204756</ele>
        <time>2026-08-22T21:52:38.331Z</time>
      </trkpt>
      <trkpt lat="48.877342" lon="2.283220">
        <ele>41.158947</ele>
        <time>2026-08-22T21:52:39.849Z</time>
      </trkpt>
      <trkpt lat="48.877283" lon="2.283177">
        <ele>41.102646</ele>
        <time>2026-08-22T21:52:41.661Z</time>
      </trkpt>
      <trkpt lat="48.876983" lon="2.282956">
        <ele>41.482367</ele>
        <time>2026-08-22T21:52:50.221Z</time>
      </trkpt>
      <trkpt lat="48.876793" lon="2.282768">
        <ele>41.881836</ele>
        <time>2026-08-22T21:52:56.562Z</time>
      </trkpt>
      <trkpt lat="48.876552" lon="2.282446">
        <ele>42.447193</ele>
        <time>2026-08-22T21:53:05.958Z</time>
      </trkpt>
      <trkpt lat="48.876262" lon="2.281919">
        <ele>43.243563</ele>
        <time>2026-08-22T21:53:17.837Z</time>
      </trkpt>
      <trkpt lat="48.875919" lon="2.280914">
        <ele>44.273628</ele>
        <time>2026-08-22T21:53:34.967Z</time>
      </trkpt>
      <trkpt lat="48.875862" lon="2.280733">
        <ele>44.319631</ele>
        <time>2026-08-22T21:53:37.856Z</time>
      </trkpt>
      <trkpt lat="48.875666" lon="2.280152">
        <ele>44.469315</ele>
        <time>2026-08-22T21:53:47.578Z</time>
      </trkpt>
      <trkpt lat="48.875642" lon="2.280092">
        <ele>44.485413</ele>
        <time>2026-08-22T21:53:48.623Z</time>
      </trkpt>
      <trkpt lat="48.875603" lon="2.279994">
        <ele>44.511671</ele>
        <time>2026-08-22T21:53:50.356Z</time>
      </trkpt>
      <trkpt lat="48.875544" lon="2.279954">
        <ele>44.534187</ele>
        <time>2026-08-22T21:53:51.657Z</time>
      </trkpt>
      <trkpt lat="48.875256" lon="2.279245">
        <ele>44.725216</ele>
        <time>2026-08-22T21:54:01.124Z</time>
      </trkpt>
      <trkpt lat="48.875234" lon="2.279192">
        <ele>44.739583</ele>
        <time>2026-08-22T21:54:01.799Z</time>
      </trkpt>
      <trkpt lat="48.875153" lon="2.278988">
        <ele>44.794209</ele>
        <time>2026-08-22T21:54:04.394Z</time>
      </trkpt>
      <trkpt lat="48.875146" lon="2.278969">
        <ele>44.799201</ele>
        <time>2026-08-22T21:54:04.631Z</time>
      </trkpt>
      <trkpt lat="48.875135" lon="2.278943">
        <ele>44.806288</ele>
        <time>2026-08-22T21:54:04.963Z</time>
      </trkpt>
      <trkpt lat="48.875127" lon="2.278923">
        <ele>44.811654</ele>
        <time>2026-08-22T21:54:05.215Z</time>
      </trkpt>
      <trkpt lat="48.875117" lon="2.278899">
        <ele>44.818167</ele>
        <time>2026-08-22T21:54:05.514Z</time>
      </trkpt>
      <trkpt lat="48.875103" lon="2.278864">
        <ele>44.827557</ele>
        <time>2026-08-22T21:54:05.942Z</time>
      </trkpt>
      <trkpt lat="48.875089" lon="2.278830">
        <ele>44.832898</ele>
        <time>2026-08-22T21:54:06.348Z</time>
      </trkpt>
      <trkpt lat="48.874979" lon="2.278557">
        <ele>44.857461</ele>
        <time>2026-08-22T21:54:09.577Z</time>
      </trkpt>
      <trkpt lat="48.874913" lon="2.278395">
        <ele>44.872082</ele>
        <time>2026-08-22T21:54:11.452Z</time>
      </trkpt>
      <trkpt lat="48.874956" lon="2.278303">
        <ele>44.880742</ele>
        <time>2026-08-22T21:54:12.600Z</time>
      </trkpt>
      <trkpt lat="48.874959" lon="2.278215">
        <ele>44.887503</ele>
        <time>2026-08-22T21:54:13.486Z</time>
      </trkpt>
      <trkpt lat="48.874914" lon="2.278134">
        <ele>44.895638</ele>
        <time>2026-08-22T21:54:14.705Z</time>
      </trkpt>
      <trkpt lat="48.873956" lon="2.277233">
        <ele>45.027046</ele>
        <time>2026-08-22T21:54:37.256Z</time>
      </trkpt>
      <trkpt lat="48.873628" lon="2.276873">
        <ele>45.255041</ele>
        <time>2026-08-22T21:54:46.710Z</time>
      </trkpt>
      <trkpt lat="48.872820" lon="2.275990">
        <ele>45.998399</ele>
        <time>2026-08-22T21:55:09.784Z</time>
      </trkpt>
      <trkpt lat="48.872222" lon="2.275335">
        <ele>46.142733</ele>
        <time>2026-08-22T21:55:25.518Z</time>
      </trkpt>
      <trkpt lat="48.872190" lon="2.275300">
        <ele>46.099476</ele>
        <time>2026-08-22T21:55:26.320Z</time>
      </trkpt>
      <trkpt lat="48.872253" lon="2.275029">
        <ele>45.892019</ele>
        <time>2026-08-22T21:55:29.652Z</time>
      </trkpt>
      <trkpt lat="48.872259" lon="2.274731">
        <ele>45.676833</ele>
        <time>2026-08-22T21:55:32.904Z</time>
      </trkpt>
      <trkpt lat="48.872253" lon="2.274676">
        <ele>45.636593</ele>
        <time>2026-08-22T21:55:33.501Z</time>
      </trkpt>
      <trkpt lat="48.872247" lon="2.274627">
        <ele>45.600619</ele>
        <time>2026-08-22T21:55:34.032Z</time>
      </trkpt>
      <trkpt lat="48.872195" lon="2.274426">
        <ele>45.444725</ele>
        <time>2026-08-22T21:55:36.233Z</time>
      </trkpt>
      <trkpt lat="48.872174" lon="2.274376">
        <ele>45.401907</ele>
        <time>2026-08-22T21:55:36.795Z</time>
      </trkpt>
      <trkpt lat="48.872158" lon="2.274338">
        <ele>45.369342</ele>
        <time>2026-08-22T21:55:37.238Z</time>
      </trkpt>
      <trkpt lat="48.872190" lon="2.274311">
        <ele>45.329182</ele>
        <time>2026-08-22T21:55:37.772Z</time>
      </trkpt>
      <trkpt lat="48.872381" lon="2.273946">
        <ele>44.992534</ele>
        <time>2026-08-22T21:55:42.123Z</time>
      </trkpt>
      <trkpt lat="48.872382" lon="2.273749">
        <ele>44.850342</ele>
        <time>2026-08-22T21:55:43.891Z</time>
      </trkpt>
      <trkpt lat="48.872388" lon="2.273643">
        <ele>44.773552</ele>
        <time>2026-08-22T21:55:44.848Z</time>
      </trkpt>
      <trkpt lat="48.872429" lon="2.273591">
        <ele>44.714962</ele>
        <time>2026-08-22T21:55:45.644Z</time>
      </trkpt>
      <trkpt lat="48.872849" lon="2.272715">
        <ele>43.271803</ele>
        <time>2026-08-22T21:55:55.994Z</time>
      </trkpt>
      <trkpt lat="48.872906" lon="2.272595">
        <ele>43.017339</ele>
        <time>2026-08-22T21:55:57.373Z</time>
      </trkpt>
      <trkpt lat="48.872921" lon="2.271921">
        <ele>41.857997</ele>
        <time>2026-08-22T21:56:03.741Z</time>
      </trkpt>
      <trkpt lat="48.872903" lon="2.271047">
        <ele>40.354760</ele>
        <time>2026-08-22T21:56:12.233Z</time>
      </trkpt>
      <trkpt lat="48.872206" lon="2.270844">
        <ele>39.496385</ele>
        <time>2026-08-22T21:56:23.572Z</time>
      </trkpt>
      <trkpt lat="48.872129" lon="2.270810">
        <ele>39.459446</ele>
        <time>2026-08-22T21:56:24.948Z</time>
      </trkpt>
      <trkpt lat="48.871938" lon="2.270723">
        <ele>39.367589</ele>
        <time>2026-08-22T21:56:28.513Z</time>
      </trkpt>
      <trkpt lat="48.871709" lon="2.270564">
        <ele>39.251610</ele>
        <time>2026-08-22T21:56:33.304Z</time>
      </trkpt>
      <trkpt lat="48.871635" lon="2.270413">
        <ele>39.194550</ele>
        <time>2026-08-22T21:56:37.361Z</time>
      </trkpt>
      <trkpt lat="48.871604" lon="2.270351">
        <ele>39.170950</ele>
        <time>2026-08-22T21:56:39.037Z</time>
      </trkpt>
      <trkpt lat="48.871421" lon="2.270012">
        <ele>39.038060</ele>
        <time>2026-08-22T21:56:48.621Z</time>
      </trkpt>
      <trkpt lat="48.870811" lon="2.269191">
        <ele>39.196734</ele>
        <time>2026-08-22T21:57:16.503Z</time>
      </trkpt>
      <trkpt lat="48.870437" lon="2.268607">
        <ele>39.554055</ele>
        <time>2026-08-22T21:57:34.327Z</time>
      </trkpt>
      <trkpt lat="48.869736" lon="2.267205">
        <ele>40.727837</ele>
        <time>2026-08-22T21:58:00.955Z</time>
      </trkpt>
      <trkpt lat="48.869469" lon="2.266796">
        <ele>41.392440</ele>
        <time>2026-08-22T21:58:11.720Z</time>
      </trkpt>
      <trkpt lat="48.868882" lon="2.265838">
        <ele>42.902481</ele>
        <time>2026-08-22T21:58:36.537Z</time>
      </trkpt>
      <trkpt lat="48.868823" lon="2.265803">
        <ele>43.013530</ele>
        <time>2026-08-22T21:58:39.146Z</time>
      </trkpt>
      <trkpt lat="48.868693" lon="2.265642">
        <ele>43.269319</ele>
        <time>2026-08-22T21:58:46.027Z</time>
      </trkpt>
      <trkpt lat="48.868686" lon="2.265578">
        <ele>43.305505</ele>
        <time>2026-08-22T21:58:47.807Z</time>
      </trkpt>
      <trkpt lat="48.868656" lon="2.265308">
        <ele>43.458231</ele>
        <time>2026-08-22T21:58:55.090Z</time>
      </trkpt>
      <trkpt lat="48.868636" lon="2.265233">
        <ele>43.503369</ele>
        <time>2026-08-22T21:58:57.197Z</time>
      </trkpt>
      <trkpt lat="48.868573" lon="2.265280">
        <ele>43.562873</ele>
        <time>2026-08-22T21:58:58.978Z</time>
      </trkpt>
      <trkpt lat="48.868539" lon="2.265303">
        <ele>43.594427</ele>
        <time>2026-08-22T21:58:59.871Z</time>
      </trkpt>
      <trkpt lat="48.868534" lon="2.265214">
        <ele>43.644248</ele>
        <time>2026-08-22T21:59:01.282Z</time>
      </trkpt>
      <trkpt lat="48.868410" lon="2.265252">
        <ele>43.751504</ele>
        <time>2026-08-22T21:59:04.243Z</time>
      </trkpt>
      <trkpt lat="48.868334" lon="2.265312">
        <ele>43.824117</ele>
        <time>2026-08-22T21:59:06.223Z</time>
      </trkpt>
      <trkpt lat="48.868412" lon="2.265085">
        <ele>43.966960</ele>
        <time>2026-08-22T21:59:09.830Z</time>
      </trkpt>
      <trkpt lat="48.868457" lon="2.264857">
        <ele>44.099728</ele>
        <time>2026-08-22T21:59:12.889Z</time>
      </trkpt>
      <trkpt lat="48.868482" lon="2.264459">
        <ele>44.322723</ele>
        <time>2026-08-22T21:59:17.641Z</time>
      </trkpt>
      <trkpt lat="48.868451" lon="2.264009">
        <ele>44.575083</ele>
        <time>2026-08-22T21:59:22.814Z</time>
      </trkpt>
      <trkpt lat="48.868370" lon="2.263484">
        <ele>44.756812</ele>
        <time>2026-08-22T21:59:28.736Z</time>
      </trkpt>
      <trkpt lat="48.868310" lon="2.263264">
        <ele>44.754752</ele>
        <time>2026-08-22T21:59:31.363Z</time>
      </trkpt>
      <trkpt lat="48.868188" lon="2.262971">
        <ele>44.751753</ele>
        <time>2026-08-22T21:59:35.172Z</time>
      </trkpt>
      <trkpt lat="48.868080" lon="2.262793">
        <ele>44.749658</ele>
        <time>2026-08-22T21:59:37.815Z</time>
      </trkpt>
      <trkpt lat="48.867942" lon="2.262562">
        <ele>44.746959</ele>
        <time>2026-08-22T21:59:41.251Z</time>
      </trkpt>
      <trkpt lat="48.867608" lon="2.262249">
        <ele>44.741799</ele>
        <time>2026-08-22T21:59:47.932Z</time>
      </trkpt>
      <trkpt lat="48.867142" lon="2.261974">
        <ele>44.735226</ele>
        <time>2026-08-22T21:59:56.702Z</time>
      </trkpt>
      <trkpt lat="48.866642" lon="2.261533">
        <ele>44.769246</ele>
        <time>2026-08-22T22:00:06.858Z</time>
      </trkpt>
      <trkpt lat="48.865874" lon="2.260502">
        <ele>44.832030</ele>
        <time>2026-08-22T22:00:24.544Z</time>
      </trkpt>
      <trkpt lat="48.865829" lon="2.260438">
        <ele>44.835806</ele>
        <time>2026-08-22T22:00:25.578Z</time>
      </trkpt>
      <trkpt lat="48.865701" lon="2.260304">
        <ele>44.846061</ele>
        <time>2026-08-22T22:00:28.134Z</time>
      </trkpt>
      <trkpt lat="48.864964" lon="2.259299">
        <ele>45.234718</ele>
        <time>2026-08-22T22:00:46.190Z</time>
      </trkpt>
      <trkpt lat="48.864657" lon="2.258959">
        <ele>45.383824</ele>
        <time>2026-08-22T22:00:53.705Z</time>
      </trkpt>
      <trkpt lat="48.864196" lon="2.258546">
        <ele>45.622635</ele>
        <time>2026-08-22T22:01:04.644Z</time>
      </trkpt>
      <trkpt lat="48.863970" lon="2.258385">
        <ele>45.786708</ele>
        <time>2026-08-22T22:01:09.861Z</time>
      </trkpt>
      <trkpt lat="48.863672" lon="2.258227">
        <ele>45.994180</ele>
        <time>2026-08-22T22:01:16.462Z</time>
      </trkpt>
      <trkpt lat="48.863391" lon="2.258138">
        <ele>46.182870</ele>
        <time>2026-08-22T22:01:22.343Z</time>
      </trkpt>
      <trkpt lat="48.862841" lon="2.258084">
        <ele>46.545180</ele>
        <time>2026-08-22T22:01:33.263Z</time>
      </trkpt>
      <trkpt lat="48.862842" lon="2.258001">
        <ele>46.581081</ele>
        <time>2026-08-22T22:01:37.080Z</time>
      </trkpt>
      <trkpt lat="48.862707" lon="2.258001">
        <ele>46.669826</ele>
        <time>2026-08-22T22:01:39.674Z</time>
      </trkpt>
      <trkpt lat="48.862645" lon="2.257969">
        <ele>46.712869</ele>
        <time>2026-08-22T22:01:40.899Z</time>
      </trkpt>
      <trkpt lat="48.862633" lon="2.257910">
        <ele>46.736879</ele>
        <time>2026-08-22T22:01:41.669Z</time>
      </trkpt>
      <trkpt lat="48.863062" lon="2.256230">
        <ele>47.161927</ele>
        <time>2026-08-22T22:02:03.310Z</time>
      </trkpt>
      <trkpt lat="48.863161" lon="2.255118">
        <ele>47.398312</ele>
        <time>2026-08-22T22:02:17.534Z</time>
      </trkpt>
      <trkpt lat="48.863215" lon="2.254094">
        <ele>47.498128</ele>
        <time>2026-08-22T22:02:30.820Z</time>
      </trkpt>
      <trkpt lat="48.863226" lon="2.253291">
        <ele>47.576168</ele>
        <time>2026-08-22T22:02:40.118Z</time>
      </trkpt>
      <trkpt lat="48.863225" lon="2.253201">
        <ele>47.584914</ele>
        <time>2026-08-22T22:02:41.101Z</time>
      </trkpt>
      <trkpt lat="48.863222" lon="2.253073">
        <ele>47.597359</ele>
        <time>2026-08-22T22:02:42.504Z</time>
      </trkpt>
      <trkpt lat="48.863119" lon="2.252944">
        <ele>47.617070</ele>
        <time>2026-08-22T22:02:44.945Z</time>
      </trkpt>
      <trkpt lat="48.863013" lon="2.252744">
        <ele>47.642025</ele>
        <time>2026-08-22T22:02:48.014Z</time>
      </trkpt>
      <trkpt lat="48.862832" lon="2.252486">
        <ele>47.470510</ele>
        <time>2026-08-22T22:02:52.442Z</time>
      </trkpt>
      <trkpt lat="48.862120" lon="2.251607">
        <ele>46.788991</ele>
        <time>2026-08-22T22:03:08.330Z</time>
      </trkpt>
      <trkpt lat="48.861779" lon="2.251096">
        <ele>46.433205</ele>
        <time>2026-08-22T22:03:16.603Z</time>
      </trkpt>
      <trkpt lat="48.860948" lon="2.249982">
        <ele>45.086542</ele>
        <time>2026-08-22T22:03:35.228Z</time>
      </trkpt>
      <trkpt lat="48.860265" lon="2.249124">
        <ele>43.958336</ele>
        <time>2026-08-22T22:03:49.205Z</time>
      </trkpt>
      <trkpt lat="48.860053" lon="2.248832">
        <ele>43.844244</ele>
        <time>2026-08-22T22:03:53.779Z</time>
      </trkpt>
      <trkpt lat="48.859535" lon="2.248167">
        <ele>43.573848</ele>
        <time>2026-08-22T22:04:05.264Z</time>
      </trkpt>
      <trkpt lat="48.859008" lon="2.247556">
        <ele>43.309524</ele>
        <time>2026-08-22T22:04:19.067Z</time>
      </trkpt>
      <trkpt lat="48.858158" lon="2.246910">
        <ele>43.782267</ele>
        <time>2026-08-22T22:04:41.948Z</time>
      </trkpt>
      <trkpt lat="48.858088" lon="2.246870">
        <ele>43.831547</ele>
        <time>2026-08-22T22:04:43.744Z</time>
      </trkpt>
      <trkpt lat="48.858017" lon="2.246802">
        <ele>43.886847</ele>
        <time>2026-08-22T22:04:45.754Z</time>
      </trkpt>
      <trkpt lat="48.856510" lon="2.245438">
        <ele>44.384199</ele>
        <time>2026-08-22T22:05:21.804Z</time>
      </trkpt>
      <trkpt lat="48.855720" lon="2.244720">
        <ele>44.303926</ele>
        <time>2026-08-22T22:05:38.618Z</time>
      </trkpt>
      <trkpt lat="48.855107" lon="2.244201">
        <ele>43.793960</ele>
        <time>2026-08-22T22:05:50.904Z</time>
      </trkpt>
      <trkpt lat="48.854656" lon="2.243803">
        <ele>43.414943</ele>
        <time>2026-08-22T22:05:59.919Z</time>
      </trkpt>
      <trkpt lat="48.854371" lon="2.243642">
        <ele>43.193971</ele>
        <time>2026-08-22T22:06:05.167Z</time>
      </trkpt>
      <trkpt lat="48.853909" lon="2.243509">
        <ele>42.800760</ele>
        <time>2026-08-22T22:06:13.123Z</time>
      </trkpt>
      <trkpt lat="48.853828" lon="2.243477">
        <ele>42.721980</ele>
        <time>2026-08-22T22:06:14.518Z</time>
      </trkpt>
      <trkpt lat="48.853571" lon="2.243424">
        <ele>42.477844</ele>
        <time>2026-08-22T22:06:18.896Z</time>
      </trkpt>
      <trkpt lat="48.850173" lon="2.242618">
        <ele>39.112404</ele>
        <time>2026-08-22T22:07:17.289Z</time>
      </trkpt>
      <trkpt lat="48.849807" lon="2.242532">
        <ele>38.715795</ele>
        <time>2026-08-22T22:07:23.213Z</time>
      </trkpt>
      <trkpt lat="48.848954" lon="2.242302">
        <ele>37.788045</ele>
        <time>2026-08-22T22:07:37.404Z</time>
      </trkpt>
      <trkpt lat="48.848943" lon="2.242214">
        <ele>37.724922</ele>
        <time>2026-08-22T22:07:38.310Z</time>
      </trkpt>
      <trkpt lat="48.848954" lon="2.242068">
        <ele>37.660595</ele>
        <time>2026-08-22T22:07:39.764Z</time>
      </trkpt>
      <trkpt lat="48.848683" lon="2.242100">
        <ele>37.946094</ele>
        <time>2026-08-22T22:07:44.034Z</time>
      </trkpt>
      <trkpt lat="48.848493" lon="2.242075">
        <ele>38.146404</ele>
        <time>2026-08-22T22:07:47.652Z</time>
      </trkpt>
      <trkpt lat="48.848381" lon="2.242060">
        <ele>38.264497</ele>
        <time>2026-08-22T22:07:50.157Z</time>
      </trkpt>
      <trkpt lat="48.848297" lon="2.241907">
        <ele>38.402219</ele>
        <time>2026-08-22T22:07:53.111Z</time>
      </trkpt>
      <trkpt lat="48.848159" lon="2.241747">
        <ele>38.584535</ele>
        <time>2026-08-22T22:07:57.291Z</time>
      </trkpt>
      <trkpt lat="48.848001" lon="2.241751">
        <ele>38.750511</ele>
        <time>2026-08-22T22:08:01.251Z</time>
      </trkpt>
      <trkpt lat="48.847947" lon="2.241621">
        <ele>38.856769</ele>
        <time>2026-08-22T22:08:03.827Z</time>
      </trkpt>
      <trkpt lat="48.847847" lon="2.241384">
        <ele>39.051360</ele>
        <time>2026-08-22T22:08:08.723Z</time>
      </trkpt>
      <trkpt lat="48.847808" lon="2.241318">
        <ele>39.112671</ele>
        <time>2026-08-22T22:08:10.244Z</time>
      </trkpt>
      <trkpt lat="48.847671" lon="2.241189">
        <ele>39.281952</ele>
        <time>2026-08-22T22:08:14.552Z</time>
      </trkpt>
      <trkpt lat="48.847616" lon="2.241063">
        <ele>39.386459</ele>
        <time>2026-08-22T22:08:17.310Z</time>
      </trkpt>
      <trkpt lat="48.847293" lon="2.240335">
        <ele>39.847509</ele>
        <time>2026-08-22T22:08:31.738Z</time>
      </trkpt>
      <trkpt lat="48.847065" lon="2.239825">
        <ele>40.139445</ele>
        <time>2026-08-22T22:08:40.883Z</time>
      </trkpt>
      <trkpt lat="48.847005" lon="2.239691">
        <ele>40.216187</ele>
        <time>2026-08-22T22:08:42.891Z</time>
      </trkpt>
      <trkpt lat="48.846623" lon="2.238762">
        <ele>40.734879</ele>
        <time>2026-08-22T22:08:55.213Z</time>
      </trkpt>
      <trkpt lat="48.846607" lon="2.238723">
        <ele>40.756641</ele>
        <time>2026-08-22T22:08:55.708Z</time>
      </trkpt>
      <trkpt lat="48.846574" lon="2.238638">
        <ele>40.803370</ele>
        <time>2026-08-22T22:08:56.738Z</time>
      </trkpt>
      <trkpt lat="48.846538" lon="2.238549">
        <ele>40.812723</ele>
        <time>2026-08-22T22:08:57.840Z</time>
      </trkpt>
      <trkpt lat="48.846480" lon="2.238404">
        <ele>40.779292</ele>
        <time>2026-08-22T22:08:59.631Z</time>
      </trkpt>
      <trkpt lat="48.846159" lon="2.237689">
        <ele>40.608768</ele>
        <time>2026-08-22T22:09:09.230Z</time>
      </trkpt>
      <trkpt lat="48.846107" lon="2.237576">
        <ele>40.581602</ele>
        <time>2026-08-22T22:09:10.735Z</time>
      </trkpt>
      <trkpt lat="48.845931" lon="2.237162">
        <ele>40.484498</ele>
        <time>2026-08-22T22:09:16.116Z</time>
      </trkpt>
      <trkpt lat="48.845873" lon="2.237023">
        <ele>40.452071</ele>
        <time>2026-08-22T22:09:17.893Z</time>
      </trkpt>
      <trkpt lat="48.845812" lon="2.236873">
        <ele>40.417331</ele>
        <time>2026-08-22T22:09:19.794Z</time>
      </trkpt>
      <trkpt lat="48.845640" lon="2.236468">
        <ele>40.322366</ele>
        <time>2026-08-22T22:09:24.825Z</time>
      </trkpt>
      <trkpt lat="48.845500" lon="2.236141">
        <ele>40.114272</ele>
        <time>2026-08-22T22:09:28.771Z</time>
      </trkpt>
      <trkpt lat="48.845432" lon="2.235984">
        <ele>39.957325</ele>
        <time>2026-08-22T22:09:30.684Z</time>
      </trkpt>
      <trkpt lat="48.845075" lon="2.235192">
        <ele>39.155709</ele>
        <time>2026-08-22T22:09:39.937Z</time>
      </trkpt>
      <trkpt lat="48.845029" lon="2.235095">
        <ele>39.055870</ele>
        <time>2026-08-22T22:09:41.057Z</time>
      </trkpt>
      <trkpt lat="48.844788" lon="2.234552">
        <ele>38.508958</ele>
        <time>2026-08-22T22:09:47.072Z</time>
      </trkpt>
      <trkpt lat="48.844735" lon="2.234433">
        <ele>38.388969</ele>
        <time>2026-08-22T22:09:48.373Z</time>
      </trkpt>
      <trkpt lat="48.844694" lon="2.234347">
        <ele>38.300291</ele>
        <time>2026-08-22T22:09:49.356Z</time>
      </trkpt>
      <trkpt lat="48.844672" lon="2.234302">
        <ele>38.253479</ele>
        <time>2026-08-22T22:09:49.866Z</time>
      </trkpt>
      <trkpt lat="48.844639" lon="2.234231">
        <ele>38.180895</ele>
        <time>2026-08-22T22:09:50.657Z</time>
      </trkpt>
      <trkpt lat="48.844613" lon="2.234176">
        <ele>38.124346</ele>
        <time>2026-08-22T22:09:51.297Z</time>
      </trkpt>
      <trkpt lat="48.844450" lon="2.233830">
        <ele>37.779976</ele>
        <time>2026-08-22T22:09:55.235Z</time>
      </trkpt>
      <trkpt lat="48.844413" lon="2.233758">
        <ele>37.707253</ele>
        <time>2026-08-22T22:09:56.141Z</time>
      </trkpt>
      <trkpt lat="48.844357" lon="2.233643">
        <ele>37.593367</ele>
        <time>2026-08-22T22:09:57.470Z</time>
      </trkpt>
      <trkpt lat="48.844338" lon="2.233603">
        <ele>37.554096</ele>
        <time>2026-08-22T22:09:57.945Z</time>
      </trkpt>
      <trkpt lat="48.844362" lon="2.233522">
        <ele>37.483379</ele>
        <time>2026-08-22T22:09:58.758Z</time>
      </trkpt>
      <trkpt lat="48.844364" lon="2.233420">
        <ele>37.402142</ele>
        <time>2026-08-22T22:09:59.738Z</time>
      </trkpt>
      <trkpt lat="48.844217" lon="2.233107">
        <ele>37.096026</ele>
        <time>2026-08-22T22:10:03.396Z</time>
      </trkpt>
      <trkpt lat="48.844095" lon="2.232839">
        <ele>36.836607</ele>
        <time>2026-08-22T22:10:06.636Z</time>
      </trkpt>
      <trkpt lat="48.843808" lon="2.232356">
        <ele>36.318556</ele>
        <time>2026-08-22T22:10:13.266Z</time>
      </trkpt>
      <trkpt lat="48.843518" lon="2.231973">
        <ele>35.853769</ele>
        <time>2026-08-22T22:10:18.731Z</time>
      </trkpt>
      <trkpt lat="48.843353" lon="2.231756">
        <ele>35.601049</ele>
        <time>2026-08-22T22:10:21.756Z</time>
      </trkpt>
      <trkpt lat="48.843211" lon="2.231541">
        <ele>35.370011</ele>
        <time>2026-08-22T22:10:24.738Z</time>
      </trkpt>
      <trkpt lat="48.842945" lon="2.231203">
        <ele>34.970368</ele>
        <time>2026-08-22T22:10:29.962Z</time>
      </trkpt>
      <trkpt lat="48.842708" lon="2.230861">
        <ele>34.593667</ele>
        <time>2026-08-22T22:10:35.325Z</time>
      </trkpt>
      <trkpt lat="48.842629" lon="2.230743">
        <ele>34.465991</ele>
        <time>2026-08-22T22:10:37.095Z</time>
      </trkpt>
      <trkpt lat="48.842512" lon="2.230634">
        <ele>34.307817</ele>
        <time>2026-08-22T22:10:39.294Z</time>
      </trkpt>
      <trkpt lat="48.842468" lon="2.230540">
        <ele>34.220322</ele>
        <time>2026-08-22T22:10:40.432Z</time>
      </trkpt>
      <trkpt lat="48.841867" lon="2.229711">
        <ele>33.538863</ele>
        <time>2026-08-22T22:10:52.170Z</time>
      </trkpt>
      <trkpt lat="48.841672" lon="2.229498">
        <ele>33.411614</ele>
        <time>2026-08-22T22:10:56.106Z</time>
      </trkpt>
      <trkpt lat="48.841565" lon="2.229345">
        <ele>33.333763</ele>
        <time>2026-08-22T22:10:58.595Z</time>
      </trkpt>
      <trkpt lat="48.841457" lon="2.229322">
        <ele>33.275979</ele>
        <time>2026-08-22T22:11:00.462Z</time>
      </trkpt>
      <trkpt lat="48.841429" lon="2.229351">
        <ele>33.258025</ele>
        <time>2026-08-22T22:11:01.042Z</time>
      </trkpt>
      <trkpt lat="48.841399" lon="2.229312">
        <ele>33.237105</ele>
        <time>2026-08-22T22:11:01.674Z</time>
      </trkpt>
      <trkpt lat="48.841340" lon="2.229227">
        <ele>33.194025</ele>
        <time>2026-08-22T22:11:03.049Z</time>
      </trkpt>
      <trkpt lat="48.841291" lon="2.229103">
        <ele>33.143588</ele>
        <time>2026-08-22T22:11:04.624Z</time>
      </trkpt>
      <trkpt lat="48.841208" lon="2.228975">
        <ele>33.080927</ele>
        <time>2026-08-22T22:11:06.616Z</time>
      </trkpt>
      <trkpt lat="48.841123" lon="2.228862">
        <ele>33.021084</ele>
        <time>2026-08-22T22:11:08.593Z</time>
      </trkpt>
      <trkpt lat="48.841033" lon="2.228743">
        <ele>32.957869</ele>
        <time>2026-08-22T22:11:10.669Z</time>
      </trkpt>
      <trkpt lat="48.840966" lon="2.228654">
        <ele>32.910715</ele>
        <time>2026-08-22T22:11:12.218Z</time>
      </trkpt>
      <trkpt lat="48.840975" lon="2.228569">
        <ele>32.880692</ele>
        <time>2026-08-22T22:11:13.256Z</time>
      </trkpt>
      <trkpt lat="48.840983" lon="2.228494">
        <ele>32.854197</ele>
        <time>2026-08-22T22:11:14.123Z</time>
      </trkpt>
      <trkpt lat="48.840956" lon="2.228353">
        <ele>32.802988</ele>
        <time>2026-08-22T22:11:15.860Z</time>
      </trkpt>
      <trkpt lat="48.840896" lon="2.228239">
        <ele>32.756056</ele>
        <time>2026-08-22T22:11:17.583Z</time>
      </trkpt>
      <trkpt lat="48.840908" lon="2.227924">
        <ele>32.654771</ele>
        <time>2026-08-22T22:11:21.802Z</time>
      </trkpt>
      <trkpt lat="48.841176" lon="2.226046">
        <ele>32.037923</ele>
        <time>2026-08-22T22:11:43.394Z</time>
      </trkpt>
      <trkpt lat="48.841172" lon="2.225929">
        <ele>32.000316</ele>
        <time>2026-08-22T22:11:44.419Z</time>
      </trkpt>
      <trkpt lat="48.841198" lon="2.225715">
        <ele>31.930461</ele>
        <time>2026-08-22T22:11:46.294Z</time>
      </trkpt>
      <trkpt lat="48.841140" lon="2.225665">
        <ele>31.811254</ele>
        <time>2026-08-22T22:11:47.166Z</time>
      </trkpt>
      <trkpt lat="48.841080" lon="2.225645">
        <ele>31.684545</ele>
        <time>2026-08-22T22:11:47.976Z</time>
      </trkpt>
      <trkpt lat="48.841043" lon="2.225628">
        <ele>31.604809</ele>
        <time>2026-08-22T22:11:48.468Z</time>
      </trkpt>
      <trkpt lat="48.841002" lon="2.225474">
        <ele>31.379278</ele>
        <time>2026-08-22T22:11:50.146Z</time>
      </trkpt>
      <trkpt lat="48.841022" lon="2.225431">
        <ele>31.307795</ele>
        <time>2026-08-22T22:11:50.677Z</time>
      </trkpt>
      <trkpt lat="48.841031" lon="2.225408">
        <ele>31.271467</ele>
        <time>2026-08-22T22:11:50.902Z</time>
      </trkpt>
      <trkpt lat="48.841044" lon="2.225373">
        <ele>31.216906</ele>
        <time>2026-08-22T22:11:51.244Z</time>
      </trkpt>
      <trkpt lat="48.841054" lon="2.225343">
        <ele>31.171252</ele>
        <time>2026-08-22T22:11:51.519Z</time>
      </trkpt>
      <trkpt lat="48.841060" lon="2.225281">
        <ele>31.086175</ele>
        <time>2026-08-22T22:11:52.057Z</time>
      </trkpt>
      <trkpt lat="48.841063" lon="2.225239">
        <ele>31.028821</ele>
        <time>2026-08-22T22:11:52.409Z</time>
      </trkpt>
      <trkpt lat="48.841076" lon="2.225185">
        <ele>30.950759</ele>
        <time>2026-08-22T22:11:52.884Z</time>
      </trkpt>
      <trkpt lat="48.841074" lon="2.225136">
        <ele>30.884108</ele>
        <time>2026-08-22T22:11:53.292Z</time>
      </trkpt>
      <trkpt lat="48.841073" lon="2.225097">
        <ele>30.831121</ele>
        <time>2026-08-22T22:11:53.616Z</time>
      </trkpt>
      <trkpt lat="48.841066" lon="2.224977">
        <ele>30.667569</ele>
        <time>2026-08-22T22:11:54.623Z</time>
      </trkpt>
      <trkpt lat="48.841049" lon="2.224932">
        <ele>30.597127</ele>
        <time>2026-08-22T22:11:55.052Z</time>
      </trkpt>
      <trkpt lat="48.841033" lon="2.224889">
        <ele>30.530066</ele>
        <time>2026-08-22T22:11:55.457Z</time>
      </trkpt>
      <trkpt lat="48.841101" lon="2.224810">
        <ele>30.353493</ele>
        <time>2026-08-22T22:11:56.534Z</time>
      </trkpt>
      <trkpt lat="48.841131" lon="2.224680">
        <ele>30.166469</ele>
        <time>2026-08-22T22:11:57.656Z</time>
      </trkpt>
      <trkpt lat="48.841296" lon="2.222562">
        <ele>29.146438</ele>
        <time>2026-08-22T22:12:16.942Z</time>
      </trkpt>
      <trkpt lat="48.841275" lon="2.222326">
        <ele>29.465719</ele>
        <time>2026-08-22T22:12:20.845Z</time>
      </trkpt>
      <trkpt lat="48.841259" lon="2.222255">
        <ele>29.566333</ele>
        <time>2026-08-22T22:12:22.314Z</time>
      </trkpt>
      <trkpt lat="48.841217" lon="2.222212">
        <ele>29.669499</ele>
        <time>2026-08-22T22:12:23.988Z</time>
      </trkpt>
      <trkpt lat="48.841220" lon="2.222171">
        <ele>29.724806</ele>
        <time>2026-08-22T22:12:24.708Z</time>
      </trkpt>
      <trkpt lat="48.841246" lon="2.222133">
        <ele>29.798295</ele>
        <time>2026-08-22T22:12:25.700Z</time>
      </trkpt>
      <trkpt lat="48.841271" lon="2.222097">
        <ele>29.868459</ele>
        <time>2026-08-22T22:12:26.659Z</time>
      </trkpt>
      <trkpt lat="48.841282" lon="2.222073">
        <ele>29.907669</ele>
        <time>2026-08-22T22:12:27.266Z</time>
      </trkpt>
      <trkpt lat="48.841248" lon="2.222042">
        <ele>29.988442</ele>
        <time>2026-08-22T22:12:28.667Z</time>
      </trkpt>
      <trkpt lat="48.841015" lon="2.222018">
        <ele>30.464167</ele>
        <time>2026-08-22T22:12:35.845Z</time>
      </trkpt>
      <trkpt lat="48.840537" lon="2.221874">
        <ele>31.456836</ele>
        <time>2026-08-22T22:12:54.190Z</time>
      </trkpt>
      <trkpt lat="48.840541" lon="2.221841">
        <ele>31.501824</ele>
        <time>2026-08-22T22:12:55.409Z</time>
      </trkpt>
      <trkpt lat="48.840559" lon="2.221594">
        <ele>31.835001</ele>
        <time>2026-08-22T22:13:03.567Z</time>
      </trkpt>
      <trkpt lat="48.840874" lon="2.221737">
        <ele>33.373863</ele>
        <time>2026-08-22T22:13:16.573Z</time>
      </trkpt>
      <trkpt lat="48.841053" lon="2.221720">
        <ele>34.246327</ele>
        <time>2026-08-22T22:13:23.743Z</time>
      </trkpt>
      <trkpt lat="48.841118" lon="2.221703">
        <ele>34.567177</ele>
        <time>2026-08-22T22:13:26.547Z</time>
      </trkpt>
      <trkpt lat="48.841191" lon="2.221612">
        <ele>35.026515</ele>
        <time>2026-08-22T22:13:30.718Z</time>
      </trkpt>
      <trkpt lat="48.841206" lon="2.221526">
        <ele>35.311361</ele>
        <time>2026-08-22T22:13:33.251Z</time>
      </trkpt>
      <trkpt lat="48.841189" lon="2.221438">
        <ele>35.604991</ele>
        <time>2026-08-22T22:13:36.060Z</time>
      </trkpt>
      <trkpt lat="48.841148" lon="2.221367">
        <ele>35.907402</ele>
        <time>2026-08-22T22:13:38.758Z</time>
      </trkpt>
      <trkpt lat="48.840470" lon="2.220672">
        <ele>39.886027</ele>
        <time>2026-08-22T22:14:11.942Z</time>
      </trkpt>
      <trkpt lat="48.839453" lon="2.219564">
        <ele>46.924469</ele>
        <time>2026-08-22T22:15:05.233Z</time>
      </trkpt>
      <trkpt lat="48.839315" lon="2.219370">
        <ele>48.001722</ele>
        <time>2026-08-22T22:15:14.641Z</time>
      </trkpt>
      <trkpt lat="48.839192" lon="2.219113">
        <ele>49.200067</ele>
        <time>2026-08-22T22:15:25.353Z</time>
      </trkpt>
      <trkpt lat="48.839019" lon="2.218694">
        <ele>51.093324</ele>
        <time>2026-08-22T22:15:42.590Z</time>
      </trkpt>
      <trkpt lat="48.838891" lon="2.218528">
        <ele>52.262746</ele>
        <time>2026-08-22T22:15:51.384Z</time>
      </trkpt>
      <trkpt lat="48.838464" lon="2.218042">
        <ele>55.970155</ele>
        <time>2026-08-22T22:16:21.287Z</time>
      </trkpt>
      <trkpt lat="48.838050" lon="2.217570">
        <ele>59.566888</ele>
        <time>2026-08-22T22:16:49.200Z</time>
      </trkpt>
      <trkpt lat="48.838031" lon="2.217505">
        <ele>59.892177</ele>
        <time>2026-08-22T22:16:51.659Z</time>
      </trkpt>
      <trkpt lat="48.838071" lon="2.217414">
        <ele>60.392663</ele>
        <time>2026-08-22T22:16:55.516Z</time>
      </trkpt>
      <trkpt lat="48.838174" lon="2.217306">
        <ele>61.262301</ele>
        <time>2026-08-22T22:17:02.115Z</time>
      </trkpt>
      <trkpt lat="48.838232" lon="2.217153">
        <ele>62.069839</ele>
        <time>2026-08-22T22:17:08.159Z</time>
      </trkpt>
      <trkpt lat="48.838223" lon="2.217027">
        <ele>62.649505</ele>
        <time>2026-08-22T22:17:12.483Z</time>
      </trkpt>
      <trkpt lat="48.838127" lon="2.216793">
        <ele>63.851114</ele>
        <time>2026-08-22T22:17:21.768Z</time>
      </trkpt>
      <trkpt lat="48.838111" lon="2.216643">
        <ele>64.459588</ele>
        <time>2026-08-22T22:17:26.901Z</time>
      </trkpt>
      <trkpt lat="48.838093" lon="2.216491">
        <ele>65.078007</ele>
        <time>2026-08-22T22:17:31.649Z</time>
      </trkpt>
      <trkpt lat="48.838090" lon="2.216441">
        <ele>65.279050</ele>
        <time>2026-08-22T22:17:33.231Z</time>
      </trkpt>
      <trkpt lat="48.838046" lon="2.215651">
        <ele>68.453718</ele>
        <time>2026-08-22T22:17:58.534Z</time>
      </trkpt>
      <trkpt lat="48.838011" lon="2.214132">
        <ele>74.464647</ele>
        <time>2026-08-22T22:18:42.914Z</time>
      </trkpt>
      <trkpt lat="48.838001" lon="2.212283">
        <ele>78.487415</ele>
        <time>2026-08-22T22:19:22.743Z</time>
      </trkpt>
      <trkpt lat="48.837992" lon="2.212130">
        <ele>78.821604</ele>
        <time>2026-08-22T22:19:25.087Z</time>
      </trkpt>
      <trkpt lat="48.837969" lon="2.211832">
        <ele>79.474367</ele>
        <time>2026-08-22T22:19:30.248Z</time>
      </trkpt>
      <trkpt lat="48.837950" lon="2.211539">
        <ele>80.114896</ele>
        <time>2026-08-22T22:19:35.837Z</time>
      </trkpt>
      <trkpt lat="48.837939" lon="2.211381">
        <ele>80.484253</ele>
        <time>2026-08-22T22:19:39.228Z</time>
      </trkpt>
      <trkpt lat="48.837789" lon="2.211031">
        <ele>81.546445</ele>
        <time>2026-08-22T22:19:47.559Z</time>
      </trkpt>
      <trkpt lat="48.837638" lon="2.210699">
        <ele>82.572772</ele>
        <time>2026-08-22T22:19:55.256Z</time>
      </trkpt>
      <trkpt lat="48.837462" lon="2.210723">
        <ele>83.255560</ele>
        <time>2026-08-22T22:20:00.807Z</time>
      </trkpt>
      <trkpt lat="48.837297" lon="2.210747">
        <ele>83.896026</ele>
        <time>2026-08-22T22:20:06.624Z</time>
      </trkpt>
      <trkpt lat="48.837138" lon="2.210771">
        <ele>84.513418</ele>
        <time>2026-08-22T22:20:12.669Z</time>
      </trkpt>
      <trkpt lat="48.836968" lon="2.210801">
        <ele>85.174705</ele>
        <time>2026-08-22T22:20:19.562Z</time>
      </trkpt>
      <trkpt lat="48.836905" lon="2.211007">
        <ele>85.752409</ele>
        <time>2026-08-22T22:20:25.950Z</time>
      </trkpt>
      <trkpt lat="48.835911" lon="2.209894">
        <ele>92.027323</ele>
        <time>2026-08-22T22:21:39.011Z</time>
      </trkpt>
      <trkpt lat="48.835898" lon="2.209879">
        <ele>92.119553</ele>
        <time>2026-08-22T22:21:40.016Z</time>
      </trkpt>
      <trkpt lat="48.835740" lon="2.209687">
        <ele>93.262660</ele>
        <time>2026-08-22T22:21:51.833Z</time>
      </trkpt>
      <trkpt lat="48.834752" lon="2.208464">
        <ele>99.524607</ele>
        <time>2026-08-22T22:23:02.766Z</time>
      </trkpt>
      <trkpt lat="48.834562" lon="2.208235">
        <ele>100.470594</ele>
        <time>2026-08-22T22:23:15.078Z</time>
      </trkpt>
      <trkpt lat="48.834242" lon="2.207891">
        <ele>101.999624</ele>
        <time>2026-08-22T22:23:34.060Z</time>
      </trkpt>
      <trkpt lat="48.834140" lon="2.207902">
        <ele>102.398474</ele>
        <time>2026-08-22T22:23:37.537Z</time>
      </trkpt>
      <trkpt lat="48.833914" lon="2.207617">
        <ele>103.544111</ele>
        <time>2026-08-22T22:23:50.850Z</time>
      </trkpt>
      <trkpt lat="48.833643" lon="2.207635">
        <ele>104.546386</ele>
        <time>2026-08-22T22:23:59.384Z</time>
      </trkpt>
      <trkpt lat="48.833198" lon="2.207669">
        <ele>105.656349</ele>
        <time>2026-08-22T22:24:12.322Z</time>
      </trkpt>
      <trkpt lat="48.833037" lon="2.207685">
        <ele>106.058282</ele>
        <time>2026-08-22T22:24:16.774Z</time>
      </trkpt>
      <trkpt lat="48.832913" lon="2.207690">
        <ele>106.367293</ele>
        <time>2026-08-22T22:24:20.197Z</time>
      </trkpt>
      <trkpt lat="48.831189" lon="2.207832">
        <ele>111.023815</ele>
        <time>2026-08-22T22:25:13.435Z</time>
      </trkpt>
      <trkpt lat="48.830905" lon="2.202408">
        <ele>122.980047</ele>
        <time>2026-08-22T22:27:07.858Z</time>
      </trkpt>
      <trkpt lat="48.830829" lon="2.200724">
        <ele>127.388578</ele>
        <time>2026-08-22T22:27:51.011Z</time>
      </trkpt>
      <trkpt lat="48.830837" lon="2.200367">
        <ele>127.426238</ele>
        <time>2026-08-22T22:27:58.866Z</time>
      </trkpt>
      <trkpt lat="48.830717" lon="2.199962">
        <ele>127.450985</ele>
        <time>2026-08-22T22:28:06.881Z</time>
      </trkpt>
      <trkpt lat="48.830630" lon="2.199683">
        <ele>127.468187</ele>
        <time>2026-08-22T22:28:11.379Z</time>
      </trkpt>
      <trkpt lat="48.830615" lon="2.199409">
        <ele>127.483507</ele>
        <time>2026-08-22T22:28:14.583Z</time>
      </trkpt>
      <trkpt lat="48.830604" lon="2.199141">
        <ele>127.498469</ele>
        <time>2026-08-22T22:28:17.295Z</time>
      </trkpt>
      <trkpt lat="48.830712" lon="2.199132">
        <ele>127.507624</ele>
        <time>2026-08-22T22:28:19.090Z</time>
      </trkpt>
      <trkpt lat="48.830581" lon="2.196212">
        <ele>124.002426</ele>
        <time>2026-08-22T22:28:47.179Z</time>
      </trkpt>
      <trkpt lat="48.830565" lon="2.195919">
        <ele>123.480998</ele>
        <time>2026-08-22T22:28:49.968Z</time>
      </trkpt>
      <trkpt lat="48.830450" lon="2.195914">
        <ele>123.171043</ele>
        <time>2026-08-22T22:28:51.618Z</time>
      </trkpt>
      <trkpt lat="48.830448" lon="2.195812">
        <ele>122.990063</ele>
        <time>2026-08-22T22:28:52.475Z</time>
      </trkpt>
      <trkpt lat="48.830439" lon="2.195350">
        <ele>122.985101</ele>
        <time>2026-08-22T22:28:56.623Z</time>
      </trkpt>
      <trkpt lat="48.830526" lon="2.195273">
        <ele>123.121010</ele>
        <time>2026-08-22T22:28:58.113Z</time>
      </trkpt>
      <trkpt lat="48.830552" lon="2.195167">
        <ele>123.221522</ele>
        <time>2026-08-22T22:28:59.235Z</time>
      </trkpt>
      <trkpt lat="48.830532" lon="2.195048">
        <ele>123.330651</ele>
        <time>2026-08-22T22:29:00.509Z</time>
      </trkpt>
      <trkpt lat="48.830480" lon="2.194977">
        <ele>123.425025</ele>
        <time>2026-08-22T22:29:01.628Z</time>
      </trkpt>
      <trkpt lat="48.830398" lon="2.194961">
        <ele>123.536616</ele>
        <time>2026-08-22T22:29:03.034Z</time>
      </trkpt>
      <trkpt lat="48.830390" lon="2.194911">
        <ele>123.582337</ele>
        <time>2026-08-22T22:29:03.690Z</time>
      </trkpt>
      <trkpt lat="48.830356" lon="2.194897">
        <ele>123.629886</ele>
        <time>2026-08-22T22:29:04.383Z</time>
      </trkpt>
      <trkpt lat="48.830342" lon="2.194780">
        <ele>123.735550</ele>
        <time>2026-08-22T22:29:06.057Z</time>
      </trkpt>
      <trkpt lat="48.830314" lon="2.194418">
        <ele>124.059419</ele>
        <time>2026-08-22T22:29:11.647Z</time>
      </trkpt>
      <trkpt lat="48.830543" lon="2.194407">
        <ele>124.368674</ele>
        <time>2026-08-22T22:29:21.253Z</time>
      </trkpt>
      <trkpt lat="48.830880" lon="2.192936">
        <ele>127.694222</ele>
        <time>2026-08-22T22:30:16.429Z</time>
      </trkpt>
      <trkpt lat="48.831062" lon="2.192167">
        <ele>130.725134</ele>
        <time>2026-08-22T22:30:49.420Z</time>
      </trkpt>
      <trkpt lat="48.831108" lon="2.191968">
        <ele>131.507394</ele>
        <time>2026-08-22T22:30:58.131Z</time>
      </trkpt>
      <trkpt lat="48.831539" lon="2.191339">
        <ele>134.874802</ele>
        <time>2026-08-22T22:31:35.116Z</time>
      </trkpt>
      <trkpt lat="48.831845" lon="2.190796">
        <ele>137.776265</ele>
        <time>2026-08-22T22:32:04.198Z</time>
      </trkpt>
      <trkpt lat="48.832201" lon="2.190278">
        <ele>140.862625</ele>
        <time>2026-08-22T22:32:33.562Z</time>
      </trkpt>
      <trkpt lat="48.832072" lon="2.189900">
        <ele>142.617415</ele>
        <time>2026-08-22T22:32:46.820Z</time>
      </trkpt>
      <trkpt lat="48.831597" lon="2.189128">
        <ele>146.875475</ele>
        <time>2026-08-22T22:33:21.435Z</time>
      </trkpt>
      <trkpt lat="48.830864" lon="2.187710">
        <ele>152.652709</ele>
        <time>2026-08-22T22:34:17.590Z</time>
      </trkpt>
      <trkpt lat="48.830971" lon="2.187103">
        <ele>154.666275</ele>
        <time>2026-08-22T22:34:31.476Z</time>
      </trkpt>
      <trkpt lat="48.831039" lon="2.186521">
        <ele>155.144587</ele>
        <time>2026-08-22T22:34:41.031Z</time>
      </trkpt>
      <trkpt lat="48.831330" lon="2.186042">
        <ele>154.902859</ele>
        <time>2026-08-22T22:34:48.437Z</time>
      </trkpt>
      <trkpt lat="48.831492" lon="2.185681">
        <ele>154.740831</ele>
        <time>2026-08-22T22:34:53.047Z</time>
      </trkpt>
      <trkpt lat="48.831576" lon="2.185163">
        <ele>154.542986</ele>
        <time>2026-08-22T22:34:58.628Z</time>
      </trkpt>
      <trkpt lat="48.831660" lon="2.184649">
        <ele>154.346582</ele>
        <time>2026-08-22T22:35:04.207Z</time>
      </trkpt>
      <trkpt lat="48.831763" lon="2.183868">
        <ele>153.210271</ele>
        <time>2026-08-22T22:35:12.937Z</time>
      </trkpt>
      <trkpt lat="48.831817" lon="2.183114">
        <ele>151.886803</ele>
        <time>2026-08-22T22:35:20.853Z</time>
      </trkpt>
      <trkpt lat="48.831833" lon="2.182950">
        <ele>151.597503</ele>
        <time>2026-08-22T22:35:22.511Z</time>
      </trkpt>
      <trkpt lat="48.831793" lon="2.182577">
        <ele>150.938051</ele>
        <time>2026-08-22T22:35:26.147Z</time>
      </trkpt>
      <trkpt lat="48.831792" lon="2.182389">
        <ele>150.609986</ele>
        <time>2026-08-22T22:35:27.888Z</time>
      </trkpt>
      <trkpt lat="48.831618" lon="2.181596">
        <ele>148.919623</ele>
        <time>2026-08-22T22:35:35.384Z</time>
      </trkpt>
      <trkpt lat="48.831485" lon="2.181165">
        <ele>147.552594</ele>
        <time>2026-08-22T22:35:39.592Z</time>
      </trkpt>
      <trkpt lat="48.831380" lon="2.180940">
        <ele>146.760520</ele>
        <time>2026-08-22T22:35:41.993Z</time>
      </trkpt>
      <trkpt lat="48.831351" lon="2.180866">
        <ele>146.513192</ele>
        <time>2026-08-22T22:35:42.735Z</time>
      </trkpt>
      <trkpt lat="48.831376" lon="2.180553">
        <ele>145.607701</ele>
        <time>2026-08-22T22:35:45.453Z</time>
      </trkpt>
      <trkpt lat="48.831384" lon="2.179907">
        <ele>143.752139</ele>
        <time>2026-08-22T22:35:51.115Z</time>
      </trkpt>
      <trkpt lat="48.831413" lon="2.179799">
        <ele>143.417165</ele>
        <time>2026-08-22T22:35:52.167Z</time>
      </trkpt>
      <trkpt lat="48.831402" lon="2.179776">
        <ele>143.335519</ele>
        <time>2026-08-22T22:35:52.388Z</time>
      </trkpt>
      <trkpt lat="48.831367" lon="2.179706">
        <ele>143.083072</ele>
        <time>2026-08-22T22:35:53.093Z</time>
      </trkpt>
      <trkpt lat="48.831024" lon="2.178849">
        <ele>141.429935</ele>
        <time>2026-08-22T22:36:02.013Z</time>
      </trkpt>
      <trkpt lat="48.830726" lon="2.178135">
        <ele>141.042062</ele>
        <time>2026-08-22T22:36:10.318Z</time>
      </trkpt>
      <trkpt lat="48.830619" lon="2.178233">
        <ele>140.954982</ele>
        <time>2026-08-22T22:36:13.389Z</time>
      </trkpt>
      <trkpt lat="48.830573" lon="2.178337">
        <ele>140.897496</ele>
        <time>2026-08-22T22:36:15.473Z</time>
      </trkpt>
      <trkpt lat="48.830524" lon="2.178362">
        <ele>140.861470</ele>
        <time>2026-08-22T22:36:16.838Z</time>
      </trkpt>
      <trkpt lat="48.830554" lon="2.178582">
        <ele>140.758392</ele>
        <time>2026-08-22T22:36:19.596Z</time>
      </trkpt>
      <trkpt lat="48.829979" lon="2.178422">
        <ele>140.610288</ele>
        <time>2026-08-22T22:36:33.539Z</time>
      </trkpt>
      <trkpt lat="48.829778" lon="2.178385">
        <ele>141.092333</ele>
        <time>2026-08-22T22:36:38.725Z</time>
      </trkpt>
      <trkpt lat="48.829598" lon="2.178387">
        <ele>141.520893</ele>
        <time>2026-08-22T22:36:43.541Z</time>
      </trkpt>
      <trkpt lat="48.829357" lon="2.178424">
        <ele>142.097593</ele>
        <time>2026-08-22T22:36:50.253Z</time>
      </trkpt>
      <trkpt lat="48.829180" lon="2.178452">
        <ele>142.521278</ele>
        <time>2026-08-22T22:36:55.221Z</time>
      </trkpt>
      <trkpt lat="48.829015" lon="2.178482">
        <ele>142.916917</ele>
        <time>2026-08-22T22:36:59.869Z</time>
      </trkpt>
      <trkpt lat="48.828410" lon="2.178479">
        <ele>144.357321</ele>
        <time>2026-08-22T22:37:17.598Z</time>
      </trkpt>
      <trkpt lat="48.828373" lon="2.178539">
        <ele>144.486176</ele>
        <time>2026-08-22T22:37:19.192Z</time>
      </trkpt>
      <trkpt lat="48.827797" lon="2.178529">
        <ele>146.758441</ele>
        <time>2026-08-22T22:37:36.603Z</time>
      </trkpt>
      <trkpt lat="48.827864" lon="2.176118">
        <ele>153.411718</ele>
        <time>2026-08-22T22:38:38.083Z</time>
      </trkpt>
      <trkpt lat="48.827870" lon="2.175822">
        <ele>154.198412</ele>
        <time>2026-08-22T22:38:45.967Z</time>
      </trkpt>
      <trkpt lat="48.827867" lon="2.175255">
        <ele>155.704690</ele>
        <time>2026-08-22T22:39:00.330Z</time>
      </trkpt>
      <trkpt lat="48.827866" lon="2.175078">
        <ele>156.174906</ele>
        <time>2026-08-22T22:39:04.702Z</time>
      </trkpt>
      <trkpt lat="48.827736" lon="2.175126">
        <ele>156.714761</ele>
        <time>2026-08-22T22:39:09.638Z</time>
      </trkpt>
      <trkpt lat="48.827380" lon="2.174839">
        <ele>158.341088</ele>
        <time>2026-08-22T22:39:23.740Z</time>
      </trkpt>
      <trkpt lat="48.826957" lon="2.174505">
        <ele>159.830032</ele>
        <time>2026-08-22T22:39:37.312Z</time>
      </trkpt>
      <trkpt lat="48.826861" lon="2.174427">
        <ele>160.005306</ele>
        <time>2026-08-22T22:39:40.062Z</time>
      </trkpt>
      <trkpt lat="48.824590" lon="2.172589">
        <ele>163.165722</ele>
        <time>2026-08-22T22:40:39.044Z</time>
      </trkpt>
      <trkpt lat="48.824378" lon="2.172313">
        <ele>163.357154</ele>
        <time>2026-08-22T22:40:43.713Z</time>
      </trkpt>
      <trkpt lat="48.824220" lon="2.172033">
        <ele>163.523610</ele>
        <time>2026-08-22T22:40:47.697Z</time>
      </trkpt>
      <trkpt lat="48.823979" lon="2.171439">
        <ele>163.728425</ele>
        <time>2026-08-22T22:40:55.149Z</time>
      </trkpt>
      <trkpt lat="48.823928" lon="2.171218">
        <ele>163.764966</ele>
        <time>2026-08-22T22:40:57.610Z</time>
      </trkpt>
      <trkpt lat="48.823352" lon="2.167034">
        <ele>164.500712</ele>
        <time>2026-08-22T22:41:51.254Z</time>
      </trkpt>
      <trkpt lat="48.823243" lon="2.165880">
        <ele>165.114649</ele>
        <time>2026-08-22T22:42:03.725Z</time>
      </trkpt>
      <trkpt lat="48.823154" lon="2.164814">
        <ele>166.043589</ele>
        <time>2026-08-22T22:42:17.651Z</time>
      </trkpt>
      <trkpt lat="48.823145" lon="2.164519">
        <ele>166.298891</ele>
        <time>2026-08-22T22:42:22.470Z</time>
      </trkpt>
      <trkpt lat="48.823165" lon="2.164268">
        <ele>166.517465</ele>
        <time>2026-08-22T22:42:26.993Z</time>
      </trkpt>
      <trkpt lat="48.823714" lon="2.162159">
        <ele>170.718769</ele>
        <time>2026-08-22T22:43:16.327Z</time>
      </trkpt>
      <trkpt lat="48.823692" lon="2.161804">
        <ele>171.485633</ele>
        <time>2026-08-22T22:43:23.922Z</time>
      </trkpt>
      <trkpt lat="48.823535" lon="2.161162">
        <ele>172.909179</ele>
        <time>2026-08-22T22:43:38.003Z</time>
      </trkpt>
      <trkpt lat="48.823445" lon="2.160809">
        <ele>173.361622</ele>
        <time>2026-08-22T22:43:45.496Z</time>
      </trkpt>
      <trkpt lat="48.823172" lon="2.160097">
        <ele>174.346416</ele>
        <time>2026-08-22T22:44:00.353Z</time>
      </trkpt>
      <trkpt lat="48.822887" lon="2.159467">
        <ele>175.260029</ele>
        <time>2026-08-22T22:44:13.172Z</time>
      </trkpt>
      <trkpt lat="48.822476" lon="2.158823">
        <ele>175.994369</ele>
        <time>2026-08-22T22:44:25.643Z</time>
      </trkpt>
      <trkpt lat="48.822356" lon="2.158464">
        <ele>175.734843</ele>
        <time>2026-08-22T22:44:30.055Z</time>
      </trkpt>
      <trkpt lat="48.822229" lon="2.157966">
        <ele>175.390593</ele>
        <time>2026-08-22T22:44:35.358Z</time>
      </trkpt>
      <trkpt lat="48.822178" lon="2.157596">
        <ele>175.146921</ele>
        <time>2026-08-22T22:44:38.922Z</time>
      </trkpt>
      <trkpt lat="48.822148" lon="2.157353">
        <ele>174.987553</ele>
        <time>2026-08-22T22:44:41.195Z</time>
      </trkpt>
      <trkpt lat="48.822116" lon="2.157099">
        <ele>174.820854</ele>
        <time>2026-08-22T22:44:43.544Z</time>
      </trkpt>
      <trkpt lat="48.821918" lon="2.155238">
        <ele>173.140323</ele>
        <time>2026-08-22T22:45:00.684Z</time>
      </trkpt>
      <trkpt lat="48.821757" lon="2.153721">
        <ele>171.531986</ele>
        <time>2026-08-22T22:45:15.044Z</time>
      </trkpt>
      <trkpt lat="48.821720" lon="2.153529">
        <ele>171.461237</ele>
        <time>2026-08-22T22:45:16.901Z</time>
      </trkpt>
      <trkpt lat="48.821571" lon="2.153088">
        <ele>171.366222</ele>
        <time>2026-08-22T22:45:21.539Z</time>
      </trkpt>
      <trkpt lat="48.821214" lon="2.152400">
        <ele>171.198306</ele>
        <time>2026-08-22T22:45:30.197Z</time>
      </trkpt>
      <trkpt lat="48.820980" lon="2.152097">
        <ele>171.108781</ele>
        <time>2026-08-22T22:45:35.307Z</time>
      </trkpt>
      <trkpt lat="48.820970" lon="2.152089">
        <ele>171.105490</ele>
        <time>2026-08-22T22:45:35.514Z</time>
      </trkpt>
      <trkpt lat="48.820616" lon="2.151821">
        <ele>170.990333</ele>
        <time>2026-08-22T22:45:43.391Z</time>
      </trkpt>
      <trkpt lat="48.820076" lon="2.151368">
        <ele>171.817847</ele>
        <time>2026-08-22T22:45:59.210Z</time>
      </trkpt>
      <trkpt lat="48.819725" lon="2.151041">
        <ele>172.462434</ele>
        <time>2026-08-22T22:46:12.498Z</time>
      </trkpt>
      <trkpt lat="48.819579" lon="2.150941">
        <ele>172.713148</ele>
        <time>2026-08-22T22:46:17.633Z</time>
      </trkpt>
      <trkpt lat="48.819163" lon="2.150879">
        <ele>173.367479</ele>
        <time>2026-08-22T22:46:28.932Z</time>
      </trkpt>
      <trkpt lat="48.819125" lon="2.150824">
        <ele>173.449651</ele>
        <time>2026-08-22T22:46:30.128Z</time>
      </trkpt>
      <trkpt lat="48.819120" lon="2.150686">
        <ele>173.592104</ele>
        <time>2026-08-22T22:46:32.083Z</time>
      </trkpt>
      <trkpt lat="48.819156" lon="2.150560">
        <ele>173.733674</ele>
        <time>2026-08-22T22:46:33.703Z</time>
      </trkpt>
      <trkpt lat="48.819180" lon="2.150372">
        <ele>173.240703</ele>
        <time>2026-08-22T22:46:35.700Z</time>
      </trkpt>
      <trkpt lat="48.819192" lon="2.150258">
        <ele>172.800145</ele>
        <time>2026-08-22T22:46:36.833Z</time>
      </trkpt>
      <trkpt lat="48.819098" lon="2.150106">
        <ele>172.004373</ele>
        <time>2026-08-22T22:46:38.710Z</time>
      </trkpt>
      <trkpt lat="48.819106" lon="2.149985">
        <ele>171.540304</ele>
        <time>2026-08-22T22:46:39.746Z</time>
      </trkpt>
      <trkpt lat="48.819181" lon="2.149145">
        <ele>168.305452</ele>
        <time>2026-08-22T22:46:46.312Z</time>
      </trkpt>
      <trkpt lat="48.819543" lon="2.146844">
        <ele>158.237715</ele>
        <time>2026-08-22T22:47:02.799Z</time>
      </trkpt>
      <trkpt lat="48.819584" lon="2.146856">
        <ele>157.934085</ele>
        <time>2026-08-22T22:47:03.248Z</time>
      </trkpt>
      <trkpt lat="48.819711" lon="2.146886">
        <ele>156.999459</ele>
        <time>2026-08-22T22:47:04.626Z</time>
      </trkpt>
      <trkpt lat="48.821067" lon="2.147240">
        <ele>148.714446</ele>
        <time>2026-08-22T22:47:20.366Z</time>
      </trkpt>
      <trkpt lat="48.822514" lon="2.147542">
        <ele>143.896866</ele>
        <time>2026-08-22T22:47:39.152Z</time>
      </trkpt>
      <trkpt lat="48.823947" lon="2.145462">
        <ele>141.293925</ele>
        <time>2026-08-22T22:48:08.552Z</time>
      </trkpt>
      <trkpt lat="48.825489" lon="2.143292">
        <ele>138.850514</ele>
        <time>2026-08-22T22:48:38.848Z</time>
      </trkpt>
      <trkpt lat="48.825489" lon="2.143111">
        <ele>138.739980</ele>
        <time>2026-08-22T22:48:41.666Z</time>
      </trkpt>
      <trkpt lat="48.825554" lon="2.143073">
        <ele>138.675374</ele>
        <time>2026-08-22T22:48:42.708Z</time>
      </trkpt>
      <trkpt lat="48.825587" lon="2.142978">
        <ele>138.609778</ele>
        <time>2026-08-22T22:48:43.728Z</time>
      </trkpt>
      <trkpt lat="48.825653" lon="2.142988">
        <ele>138.548253</ele>
        <time>2026-08-22T22:48:44.720Z</time>
      </trkpt>
      <trkpt lat="48.825699" lon="2.142885">
        <ele>138.472245</ele>
        <time>2026-08-22T22:48:47.090Z</time>
      </trkpt>
      <trkpt lat="48.825993" lon="2.142282">
        <ele>138.014015</ele>
        <time>2026-08-22T22:48:55.674Z</time>
      </trkpt>
      <trkpt lat="48.826672" lon="2.140956">
        <ele>137.473015</ele>
        <time>2026-08-22T22:49:15.685Z</time>
      </trkpt>
      <trkpt lat="48.827567" lon="2.139208">
        <ele>137.773871</ele>
        <time>2026-08-22T22:49:42.320Z</time>
      </trkpt>
      <trkpt lat="48.827956" lon="2.138382">
        <ele>138.666201</ele>
        <time>2026-08-22T22:49:59.205Z</time>
      </trkpt>
      <trkpt lat="48.827979" lon="2.138289">
        <ele>138.753489</ele>
        <time>2026-08-22T22:50:01.055Z</time>
      </trkpt>
      <trkpt lat="48.828012" lon="2.138087">
        <ele>138.936354</ele>
        <time>2026-08-22T22:50:05.026Z</time>
      </trkpt>
      <trkpt lat="48.828032" lon="2.137978">
        <ele>139.035775</ele>
        <time>2026-08-22T22:50:07.274Z</time>
      </trkpt>
      <trkpt lat="48.828105" lon="2.137442">
        <ele>139.516689</ele>
        <time>2026-08-22T22:50:18.667Z</time>
      </trkpt>
      <trkpt lat="48.828378" lon="2.135548">
        <ele>142.069638</ele>
        <time>2026-08-22T22:50:59.917Z</time>
      </trkpt>
      <trkpt lat="48.828444" lon="2.135237">
        <ele>142.502600</ele>
        <time>2026-08-22T22:51:05.302Z</time>
      </trkpt>
      <trkpt lat="48.828765" lon="2.134058">
        <ele>142.726323</ele>
        <time>2026-08-22T22:51:21.358Z</time>
      </trkpt>
      <trkpt lat="48.828875" lon="2.133616">
        <ele>142.456103</ele>
        <time>2026-08-22T22:51:26.547Z</time>
      </trkpt>
      <trkpt lat="48.828982" lon="2.133367">
        <ele>142.286059</ele>
        <time>2026-08-22T22:51:29.412Z</time>
      </trkpt>
      <trkpt lat="48.829011" lon="2.133268">
        <ele>142.224093</ele>
        <time>2026-08-22T22:51:30.455Z</time>
      </trkpt>
      <trkpt lat="48.829170" lon="2.132614">
        <ele>141.825410</ele>
        <time>2026-08-22T22:51:37.003Z</time>
      </trkpt>
      <trkpt lat="48.829221" lon="2.132538">
        <ele>141.763349</ele>
        <time>2026-08-22T22:51:38.001Z</time>
      </trkpt>
      <trkpt lat="48.829262" lon="2.132392">
        <ele>141.672580</ele>
        <time>2026-08-22T22:51:39.445Z</time>
      </trkpt>
      <trkpt lat="48.829328" lon="2.132194">
        <ele>141.510961</ele>
        <time>2026-08-22T22:51:41.443Z</time>
      </trkpt>
      <trkpt lat="48.829428" lon="2.131859">
        <ele>141.179806</ele>
        <time>2026-08-22T22:51:44.777Z</time>
      </trkpt>
      <trkpt lat="48.829439" lon="2.131808">
        <ele>141.131490</ele>
        <time>2026-08-22T22:51:45.263Z</time>
      </trkpt>
      <trkpt lat="48.829499" lon="2.131501">
        <ele>140.843179</ele>
        <time>2026-08-22T22:51:48.226Z</time>
      </trkpt>
      <trkpt lat="48.829523" lon="2.131370">
        <ele>140.720759</ele>
        <time>2026-08-22T22:51:49.478Z</time>
      </trkpt>
      <trkpt lat="48.829552" lon="2.131248">
        <ele>140.603983</ele>
        <time>2026-08-22T22:51:50.708Z</time>
      </trkpt>
      <trkpt lat="48.829635" lon="2.130799">
        <ele>140.184121</ele>
        <time>2026-08-22T22:51:55.103Z</time>
      </trkpt>
      <trkpt lat="48.829655" lon="2.130688">
        <ele>140.080514</ele>
        <time>2026-08-22T22:51:56.190Z</time>
      </trkpt>
      <trkpt lat="48.829709" lon="2.130343">
        <ele>139.761258</ele>
        <time>2026-08-22T22:51:59.564Z</time>
      </trkpt>
      <trkpt lat="48.829748" lon="2.129860">
        <ele>139.323163</ele>
        <time>2026-08-22T22:52:04.162Z</time>
      </trkpt>
      <trkpt lat="48.829748" lon="2.129325">
        <ele>139.054143</ele>
        <time>2026-08-22T22:52:09.445Z</time>
      </trkpt>
      <trkpt lat="48.829749" lon="2.129184">
        <ele>139.015763</ele>
        <time>2026-08-22T22:52:10.860Z</time>
      </trkpt>
      <trkpt lat="48.829751" lon="2.129111">
        <ele>138.995877</ele>
        <time>2026-08-22T22:52:11.636Z</time>
      </trkpt>
      <trkpt lat="48.829867" lon="2.129115">
        <ele>138.947902</ele>
        <time>2026-08-22T22:52:13.462Z</time>
      </trkpt>
      <trkpt lat="48.829917" lon="2.129058">
        <ele>138.922055</ele>
        <time>2026-08-22T22:52:14.527Z</time>
      </trkpt>
      <trkpt lat="48.829939" lon="2.128998">
        <ele>138.903361</ele>
        <time>2026-08-22T22:52:15.256Z</time>
      </trkpt>
      <trkpt lat="48.829945" lon="2.128887">
        <ele>138.873047</ele>
        <time>2026-08-22T22:52:16.478Z</time>
      </trkpt>
      <trkpt lat="48.829913" lon="2.128788">
        <ele>138.843028</ele>
        <time>2026-08-22T22:52:17.713Z</time>
      </trkpt>
      <trkpt lat="48.829904" lon="2.128774">
        <ele>138.837702</ele>
        <time>2026-08-22T22:52:17.924Z</time>
      </trkpt>
      <trkpt lat="48.829897" lon="2.128765">
        <ele>138.833910</ele>
        <time>2026-08-22T22:52:18.065Z</time>
      </trkpt>
      <trkpt lat="48.829826" lon="2.128310">
        <ele>138.706634</ele>
        <time>2026-08-22T22:52:23.310Z</time>
      </trkpt>
      <trkpt lat="48.829810" lon="2.128246">
        <ele>138.688001</ele>
        <time>2026-08-22T22:52:24.108Z</time>
      </trkpt>
      <trkpt lat="48.829718" lon="2.127866">
        <ele>138.577797</ele>
        <time>2026-08-22T22:52:28.633Z</time>
      </trkpt>
      <trkpt lat="48.829653" lon="2.127657">
        <ele>138.514882</ele>
        <time>2026-08-22T22:52:31.259Z</time>
      </trkpt>
      <trkpt lat="48.829327" lon="2.126727">
        <ele>137.924404</ele>
        <time>2026-08-22T22:52:42.320Z</time>
      </trkpt>
      <trkpt lat="48.829116" lon="2.126168">
        <ele>137.443787</ele>
        <time>2026-08-22T22:52:48.674Z</time>
      </trkpt>
      <trkpt lat="48.829001" lon="2.125847">
        <ele>137.171204</ele>
        <time>2026-08-22T22:52:52.174Z</time>
      </trkpt>
      <trkpt lat="48.828996" lon="2.125665">
        <ele>137.035337</ele>
        <time>2026-08-22T22:52:54.208Z</time>
      </trkpt>
      <trkpt lat="48.828950" lon="2.125477">
        <ele>136.885741</ele>
        <time>2026-08-22T22:52:56.430Z</time>
      </trkpt>
      <trkpt lat="48.828857" lon="2.125286">
        <ele>136.708545</ele>
        <time>2026-08-22T22:52:59.032Z</time>
      </trkpt>
      <trkpt lat="48.828829" lon="2.125235">
        <ele>136.659013</ele>
        <time>2026-08-22T22:52:59.756Z</time>
      </trkpt>
      <trkpt lat="48.828827" lon="2.125169">
        <ele>136.609733</ele>
        <time>2026-08-22T22:53:00.463Z</time>
      </trkpt>
      <trkpt lat="48.828801" lon="2.125055">
        <ele>136.519745</ele>
        <time>2026-08-22T22:53:01.774Z</time>
      </trkpt>
      <trkpt lat="48.828668" lon="2.124945">
        <ele>136.339129</ele>
        <time>2026-08-22T22:53:04.233Z</time>
      </trkpt>
      <trkpt lat="48.828633" lon="2.124853">
        <ele>136.216610</ele>
        <time>2026-08-22T22:53:05.177Z</time>
      </trkpt>
      <trkpt lat="48.828477" lon="2.124418">
        <ele>135.645442</ele>
        <time>2026-08-22T22:53:09.600Z</time>
      </trkpt>
      <trkpt lat="48.828357" lon="2.124074">
        <ele>135.196549</ele>
        <time>2026-08-22T22:53:13.098Z</time>
      </trkpt>
      <trkpt lat="48.828255" lon="2.123677">
        <ele>134.705163</ele>
        <time>2026-08-22T22:53:16.858Z</time>
      </trkpt>
      <trkpt lat="48.828217" lon="2.123455">
        <ele>134.440674</ele>
        <time>2026-08-22T22:53:18.866Z</time>
      </trkpt>
      <trkpt lat="48.828110" lon="2.122839">
        <ele>133.706087</ele>
        <time>2026-08-22T22:53:24.657Z</time>
      </trkpt>
      <trkpt lat="48.828141" lon="2.122749">
        <ele>133.588966</ele>
        <time>2026-08-22T22:53:25.782Z</time>
      </trkpt>
      <trkpt lat="48.828134" lon="2.122663">
        <ele>133.489048</ele>
        <time>2026-08-22T22:53:26.738Z</time>
      </trkpt>
      <trkpt lat="48.828114" lon="2.122402">
        <ele>133.208997</ele>
        <time>2026-08-22T22:53:29.702Z</time>
      </trkpt>
      <trkpt lat="48.828103" lon="2.122276">
        <ele>133.181108</ele>
        <time>2026-08-22T22:53:31.172Z</time>
      </trkpt>
      <trkpt lat="48.828091" lon="2.122184">
        <ele>133.160529</ele>
        <time>2026-08-22T22:53:32.269Z</time>
      </trkpt>
      <trkpt lat="48.828090" lon="2.121896">
        <ele>133.097335</ele>
        <time>2026-08-22T22:53:35.656Z</time>
      </trkpt>
      <trkpt lat="48.828089" lon="2.121854">
        <ele>133.088114</ele>
        <time>2026-08-22T22:53:36.166Z</time>
      </trkpt>
      <trkpt lat="48.828088" lon="2.121814">
        <ele>133.079331</ele>
        <time>2026-08-22T22:53:36.641Z</time>
      </trkpt>
      <trkpt lat="48.828084" lon="2.121388">
        <ele>132.985848</ele>
        <time>2026-08-22T22:53:41.815Z</time>
      </trkpt>
      <trkpt lat="48.828094" lon="2.121343">
        <ele>132.975427</ele>
        <time>2026-08-22T22:53:42.391Z</time>
      </trkpt>
      <trkpt lat="48.828103" lon="2.121308">
        <ele>132.967182</ele>
        <time>2026-08-22T22:53:42.866Z</time>
      </trkpt>
      <trkpt lat="48.828107" lon="2.121293">
        <ele>132.963631</ele>
        <time>2026-08-22T22:53:43.067Z</time>
      </trkpt>
      <trkpt lat="48.828099" lon="2.121038">
        <ele>132.907615</ele>
        <time>2026-08-22T22:53:46.340Z</time>
      </trkpt>
      <trkpt lat="48.828097" lon="2.120825">
        <ele>132.860874</ele>
        <time>2026-08-22T22:53:49.101Z</time>
      </trkpt>
      <trkpt lat="48.828096" lon="2.120570">
        <ele>132.804921</ele>
        <time>2026-08-22T22:53:52.562Z</time>
      </trkpt>
      <trkpt lat="48.828025" lon="2.120585">
        <ele>132.781029</ele>
        <time>2026-08-22T22:53:54.121Z</time>
      </trkpt>
      <trkpt lat="48.827976" lon="2.120597">
        <ele>132.764486</ele>
        <time>2026-08-22T22:53:55.202Z</time>
      </trkpt>
      <trkpt lat="48.827949" lon="2.120819">
        <ele>132.714950</ele>
        <time>2026-08-22T22:53:58.524Z</time>
      </trkpt>
      <trkpt lat="48.827928" lon="2.120874">
        <ele>132.700999</ele>
        <time>2026-08-22T22:53:59.465Z</time>
      </trkpt>
      <trkpt lat="48.827887" lon="2.120892">
        <ele>132.686774</ele>
        <time>2026-08-22T22:54:00.447Z</time>
      </trkpt>
      <trkpt lat="48.827848" lon="2.120946">
        <ele>132.669186</ele>
        <time>2026-08-22T22:54:01.623Z</time>
      </trkpt>
      <trkpt lat="48.827781" lon="2.120954">
        <ele>132.646785</ele>
        <time>2026-08-22T22:54:03.072Z</time>
      </trkpt>
      <trkpt lat="48.827781" lon="2.120910">
        <ele>132.637131</ele>
        <time>2026-08-22T22:54:03.707Z</time>
      </trkpt>
      <trkpt lat="48.827805" lon="2.120776">
        <ele>132.614627</ele>
        <time>2026-08-22T22:54:05.611Z</time>
      </trkpt>
      <trkpt lat="48.827781" lon="2.120621">
        <ele>132.613501</ele>
        <time>2026-08-22T22:54:07.695Z</time>
      </trkpt>
      <trkpt lat="48.827023" lon="2.120193">
        <ele>132.604817</ele>
        <time>2026-08-22T22:54:22.751Z</time>
      </trkpt>
      <trkpt lat="48.826895" lon="2.120171">
        <ele>132.603433</ele>
        <time>2026-08-22T22:54:25.417Z</time>
      </trkpt>
      <trkpt lat="48.826734" lon="2.120205">
        <ele>132.601688</ele>
        <time>2026-08-22T22:54:28.873Z</time>
      </trkpt>
      <trkpt lat="48.826545" lon="2.120332">
        <ele>132.599468</ele>
        <time>2026-08-22T22:54:33.174Z</time>
      </trkpt>
      <trkpt lat="48.826432" lon="2.120489">
        <ele>132.597823</ele>
        <time>2026-08-22T22:54:36.333Z</time>
      </trkpt>
      <trkpt lat="48.826446" lon="2.120393">
        <ele>132.597128</ele>
        <time>2026-08-22T22:54:37.511Z</time>
      </trkpt>
      <trkpt lat="48.826420" lon="2.120336">
        <ele>132.596638</ele>
        <time>2026-08-22T22:54:38.282Z</time>
      </trkpt>
      <trkpt lat="48.826389" lon="2.120283">
        <ele>132.596137</ele>
        <time>2026-08-22T22:54:39.177Z</time>
      </trkpt>
      <trkpt lat="48.826383" lon="2.120216">
        <ele>132.595659</ele>
        <time>2026-08-22T22:54:40.013Z</time>
      </trkpt>
      <trkpt lat="48.826439" lon="2.120102">
        <ele>132.591206</ele>
        <time>2026-08-22T22:54:41.652Z</time>
      </trkpt>
      <trkpt lat="48.826509" lon="2.119946">
        <ele>132.584886</ele>
        <time>2026-08-22T22:54:43.858Z</time>
      </trkpt>
      <trkpt lat="48.826522" lon="2.119822">
        <ele>132.580683</ele>
        <time>2026-08-22T22:54:45.399Z</time>
      </trkpt>
      <trkpt lat="48.826458" lon="2.119752">
        <ele>132.576673</ele>
        <time>2026-08-22T22:54:46.726Z</time>
      </trkpt>
      <trkpt lat="48.826392" lon="2.119708">
        <ele>132.573008</ele>
        <time>2026-08-22T22:54:48.108Z</time>
      </trkpt>
      <trkpt lat="48.825955" lon="2.119451">
        <ele>132.549180</ele>
        <time>2026-08-22T22:54:57.253Z</time>
      </trkpt>
      <trkpt lat="48.825750" lon="2.119337">
        <ele>132.538080</ele>
        <time>2026-08-22T22:55:01.412Z</time>
      </trkpt>
      <trkpt lat="48.825236" lon="2.119073">
        <ele>132.510490</ele>
        <time>2026-08-22T22:55:10.555Z</time>
      </trkpt>
      <trkpt lat="48.824497" lon="2.118632">
        <ele>131.148430</ele>
        <time>2026-08-22T22:55:21.703Z</time>
      </trkpt>
      <trkpt lat="48.823810" lon="2.118171">
        <ele>129.625758</ele>
        <time>2026-08-22T22:55:31.628Z</time>
      </trkpt>
      <trkpt lat="48.823733" lon="2.118133">
        <ele>129.461617</ele>
        <time>2026-08-22T22:55:32.685Z</time>
      </trkpt>
      <trkpt lat="48.822404" lon="2.117323">
        <ele>126.444807</ele>
        <time>2026-08-22T22:55:51.220Z</time>
      </trkpt>
      <trkpt lat="48.821703" lon="2.116906">
        <ele>124.952509</ele>
        <time>2026-08-22T22:56:02.044Z</time>
      </trkpt>
      <trkpt lat="48.821669" lon="2.116822">
        <ele>124.894851</ele>
        <time>2026-08-22T22:56:02.985Z</time>
      </trkpt>
      <trkpt lat="48.821649" lon="2.116722">
        <ele>124.833739</ele>
        <time>2026-08-22T22:56:03.991Z</time>
      </trkpt>
      <trkpt lat="48.821647" lon="2.116687">
        <ele>124.813196</ele>
        <time>2026-08-22T22:56:04.325Z</time>
      </trkpt>
      <trkpt lat="48.821687" lon="2.116585">
        <ele>124.743774</ele>
        <time>2026-08-22T22:56:05.511Z</time>
      </trkpt>
      <trkpt lat="48.821719" lon="2.116505">
        <ele>124.689038</ele>
        <time>2026-08-22T22:56:06.465Z</time>
      </trkpt>
      <trkpt lat="48.821746" lon="2.116351">
        <ele>124.595850</ele>
        <time>2026-08-22T22:56:08.108Z</time>
      </trkpt>
      <trkpt lat="48.821643" lon="2.116041">
        <ele>124.392807</ele>
        <time>2026-08-22T22:56:11.672Z</time>
      </trkpt>
      <trkpt lat="48.821618" lon="2.115872">
        <ele>124.291522</ele>
        <time>2026-08-22T22:56:13.442Z</time>
      </trkpt>
      <trkpt lat="48.821545" lon="2.115246">
        <ele>123.919777</ele>
        <time>2026-08-22T22:56:20.134Z</time>
      </trkpt>
      <trkpt lat="48.821511" lon="2.114856">
        <ele>123.689736</ele>
        <time>2026-08-22T22:56:24.210Z</time>
      </trkpt>
      <trkpt lat="48.821487" lon="2.114679">
        <ele>123.584065</ele>
        <time>2026-08-22T22:56:25.948Z</time>
      </trkpt>
      <trkpt lat="48.821167" lon="2.114818">
        <ele>123.307993</ele>
        <time>2026-08-22T22:56:30.651Z</time>
      </trkpt>
      <trkpt lat="48.821130" lon="2.114972">
        <ele>123.225036</ele>
        <time>2026-08-22T22:56:32.152Z</time>
      </trkpt>
      <trkpt lat="48.820346" lon="2.115121">
        <ele>122.617770</ele>
        <time>2026-08-22T22:56:43.593Z</time>
      </trkpt>
      <trkpt lat="48.820115" lon="2.115211">
        <ele>122.434479</ele>
        <time>2026-08-22T22:56:47.197Z</time>
      </trkpt>
      <trkpt lat="48.820034" lon="2.115272">
        <ele>122.364991</ele>
        <time>2026-08-22T22:56:48.641Z</time>
      </trkpt>
      <trkpt lat="48.819991" lon="2.115389">
        <ele>122.297183</ele>
        <time>2026-08-22T22:56:50.070Z</time>
      </trkpt>
      <trkpt lat="48.819937" lon="2.115461">
        <ele>122.241956</ele>
        <time>2026-08-22T22:56:51.615Z</time>
      </trkpt>
      <trkpt lat="48.819867" lon="2.115402">
        <ele>122.180425</ele>
        <time>2026-08-22T22:56:53.177Z</time>
      </trkpt>
      <trkpt lat="48.819833" lon="2.115378">
        <ele>122.151609</ele>
        <time>2026-08-22T22:56:53.919Z</time>
      </trkpt>
      <trkpt lat="48.819482" lon="2.115184">
        <ele>122.329862</ele>
        <time>2026-08-22T22:57:01.718Z</time>
      </trkpt>
      <trkpt lat="48.819541" lon="2.114971">
        <ele>122.504584</ele>
        <time>2026-08-22T22:57:06.179Z</time>
      </trkpt>
      <trkpt lat="48.820727" lon="2.111032">
        <ele>125.870289</ele>
        <time>2026-08-22T22:58:41.203Z</time>
      </trkpt>
      <trkpt lat="48.820966" lon="2.110296">
        <ele>126.256492</ele>
        <time>2026-08-22T22:59:00.568Z</time>
      </trkpt>
      <trkpt lat="48.823171" lon="2.103000">
        <ele>124.892884</ele>
        <time>2026-08-22T23:01:54.106Z</time>
      </trkpt>
      <trkpt lat="48.823264" lon="2.102742">
        <ele>124.709328</ele>
        <time>2026-08-22T23:02:00.393Z</time>
      </trkpt>
      <trkpt lat="48.823163" lon="2.102610">
        <ele>124.583033</ele>
        <time>2026-08-22T23:02:02.457Z</time>
      </trkpt>
      <trkpt lat="48.823054" lon="2.102132">
        <ele>124.267352</ele>
        <time>2026-08-22T23:02:07.631Z</time>
      </trkpt>
      <trkpt lat="48.822941" lon="2.101986">
        <ele>124.126735</ele>
        <time>2026-08-22T23:02:09.899Z</time>
      </trkpt>
      <trkpt lat="48.819862" lon="2.099838">
        <ele>119.614293</ele>
        <time>2026-08-22T23:02:58.651Z</time>
      </trkpt>
      <trkpt lat="48.818833" lon="2.099148">
        <ele>117.624307</ele>
        <time>2026-08-22T23:03:13.878Z</time>
      </trkpt>
      <trkpt lat="48.817571" lon="2.098232">
        <ele>114.355947</ele>
        <time>2026-08-22T23:03:32.519Z</time>
      </trkpt>
      <trkpt lat="48.816728" lon="2.097649">
        <ele>112.278776</ele>
        <time>2026-08-22T23:03:44.522Z</time>
      </trkpt>
      <trkpt lat="48.816099" lon="2.093879">
        <ele>108.064090</ele>
        <time>2026-08-22T23:04:19.475Z</time>
      </trkpt>
      <trkpt lat="48.815827" lon="2.092252">
        <ele>108.081734</ele>
        <time>2026-08-22T23:04:41.759Z</time>
      </trkpt>
      <trkpt lat="48.815218" lon="2.088748">
        <ele>110.085621</ele>
        <time>2026-08-22T23:05:35.544Z</time>
      </trkpt>
      <trkpt lat="48.814377" lon="2.089285">
        <ele>110.650000</ele>
        <time>2026-08-22T23:06:04.073Z</time>
      </trkpt>
      <trkpt lat="48.814207" lon="2.089185">
        <ele>110.733455</ele>
        <time>2026-08-22T23:06:06.935Z</time>
      </trkpt>
      <trkpt lat="48.814283" lon="2.088692">
        <ele>110.886083</ele>
        <time>2026-08-22T23:06:12.202Z</time>
      </trkpt>
      <trkpt lat="48.814278" lon="2.088316">
        <ele>110.999448</ele>
        <time>2026-08-22T23:06:16.409Z</time>
      </trkpt>
      <trkpt lat="48.814192" lon="2.087865">
        <ele>111.140983</ele>
        <time>2026-08-22T23:06:22.498Z</time>
      </trkpt>
      <trkpt lat="48.814058" lon="2.087533">
        <ele>111.258364</ele>
        <time>2026-08-22T23:06:28.825Z</time>
      </trkpt>
      <trkpt lat="48.813879" lon="2.087275">
        <ele>111.471542</ele>
        <time>2026-08-22T23:06:35.703Z</time>
      </trkpt>
      <trkpt lat="48.813839" lon="2.087218">
        <ele>111.566456</ele>
        <time>2026-08-22T23:06:37.200Z</time>
      </trkpt>
      <trkpt lat="48.813800" lon="2.087185">
        <ele>111.643707</ele>
        <time>2026-08-22T23:06:38.471Z</time>
      </trkpt>
      <trkpt lat="48.813621" lon="2.087037">
        <ele>111.996369</ele>
        <time>2026-08-22T23:06:43.815Z</time>
      </trkpt>
      <trkpt lat="48.813327" lon="2.086928">
        <ele>112.520027</ele>
        <time>2026-08-22T23:06:51.350Z</time>
      </trkpt>
      <trkpt lat="48.813044" lon="2.086944">
        <ele>113.010049</ele>
        <time>2026-08-22T23:06:58.110Z</time>
      </trkpt>
      <trkpt lat="48.812773" lon="2.087072">
        <ele>113.501127</ele>
        <time>2026-08-22T23:07:04.945Z</time>
      </trkpt>
      <trkpt lat="48.812516" lon="2.087330">
        <ele>114.034211</ele>
        <time>2026-08-22T23:07:12.779Z</time>
      </trkpt>
      <trkpt lat="48.812350" lon="2.087614">
        <ele>114.461348</ele>
        <time>2026-08-22T23:07:19.179Z</time>
      </trkpt>
      <trkpt lat="48.812204" lon="2.088026">
        <ele>114.841485</ele>
        <time>2026-08-22T23:07:26.843Z</time>
      </trkpt>
      <trkpt lat="48.812040" lon="2.087937">
        <ele>115.056362</ele>
        <time>2026-08-22T23:07:30.878Z</time>
      </trkpt>
      <trkpt lat="48.811630" lon="2.086632">
        <ele>116.231162</ele>
        <time>2026-08-22T23:08:07.687Z</time>
      </trkpt>
      <trkpt lat="48.809538" lon="2.088591">
        <ele>117.120351</ele>
        <time>2026-08-22T23:08:51.947Z</time>
      </trkpt>
      <trkpt lat="48.807049" lon="2.090926">
        <ele>116.734424</ele>
        <time>2026-08-22T23:09:41.587Z</time>
      </trkpt>
      <trkpt lat="48.805866" lon="2.092083">
        <ele>115.272981</ele>
        <time>2026-08-22T23:10:02.455Z</time>
      </trkpt>
      <trkpt lat="48.805401" lon="2.092472">
        <ele>114.582066</ele>
        <time>2026-08-22T23:10:09.613Z</time>
      </trkpt>
      <trkpt lat="48.805191" lon="2.092708">
        <ele>114.285748</ele>
        <time>2026-08-22T23:10:13.113Z</time>
      </trkpt>
      <trkpt lat="48.804928" lon="2.094043">
        <ele>114.226941</ele>
        <time>2026-08-22T23:10:27.333Z</time>
      </trkpt>
      <trkpt lat="48.804865" lon="2.094264">
        <ele>114.216778</ele>
        <time>2026-08-22T23:10:31.504Z</time>
      </trkpt>
      <trkpt lat="48.804783" lon="2.094433">
        <ele>114.207919</ele>
        <time>2026-08-22T23:10:35.110Z</time>
      </trkpt>
      <trkpt lat="48.804511" lon="2.094926">
        <ele>114.180778</ele>
        <time>2026-08-22T23:10:44.927Z</time>
      </trkpt>
      <trkpt lat="48.804302" lon="2.095632">
        <ele>113.690523</ele>
        <time>2026-08-22T23:10:54.095Z</time>
      </trkpt>
      <trkpt lat="48.804379" lon="2.095697">
        <ele>113.580073</ele>
        <time>2026-08-22T23:10:55.432Z</time>
      </trkpt>
      <trkpt lat="48.805413" lon="2.096300">
        <ele>112.191438</ele>
        <time>2026-08-22T23:11:10.567Z</time>
      </trkpt>
      <trkpt lat="48.805111" lon="2.096501">
        <ele>111.810520</ele>
        <time>2026-08-22T23:11:19.922Z</time>
      </trkpt>
      <trkpt lat="48.805018" lon="2.096665">
        <ele>111.673335</ele>
        <time>2026-08-22T23:11:24.083Z</time>
      </trkpt>
      <trkpt lat="48.804943" lon="2.096957">
        <ele>111.474657</ele>
        <time>2026-08-22T23:11:30.268Z</time>
      </trkpt>
      <trkpt lat="48.804840" lon="2.097355">
        <ele>111.203585</ele>
        <time>2026-08-22T23:11:39.016Z</time>
      </trkpt>
      <trkpt lat="48.804859" lon="2.097593">
        <ele>111.051611</ele>
        <time>2026-08-22T23:11:44.134Z</time>
      </trkpt>
      <trkpt lat="48.804970" lon="2.097990">
        <ele>110.778213</ele>
        <time>2026-08-22T23:11:53.526Z</time>
      </trkpt>
      <trkpt lat="48.806815" lon="2.099095">
        <ele>110.151982</ele>
        <time>2026-08-22T23:12:24.963Z</time>
      </trkpt>
      <trkpt lat="48.807335" lon="2.103050">
        <ele>112.117804</ele>
        <time>2026-08-22T23:14:09.077Z</time>
      </trkpt>
      <trkpt lat="48.807734" lon="2.106889">
        <ele>111.822729</ele>
        <time>2026-08-22T23:15:31.310Z</time>
      </trkpt>
      <trkpt lat="48.807572" lon="2.107078">
        <ele>111.792852</ele>
        <time>2026-08-22T23:15:34.884Z</time>
      </trkpt>
      <trkpt lat="48.807419" lon="2.107297">
        <ele>111.762102</ele>
        <time>2026-08-22T23:15:38.853Z</time>
      </trkpt>
      <trkpt lat="48.807235" lon="2.107657">
        <ele>111.893246</ele>
        <time>2026-08-22T23:15:45.008Z</time>
      </trkpt>
      <trkpt lat="48.807192" lon="2.107884">
        <ele>112.130703</ele>
        <time>2026-08-22T23:15:48.439Z</time>
      </trkpt>
      <trkpt lat="48.807212" lon="2.108119">
        <ele>112.368914</ele>
        <time>2026-08-22T23:15:52.039Z</time>
      </trkpt>
      <trkpt lat="48.806303" lon="2.107567">
        <ele>113.863306</ele>
        <time>2026-08-22T23:16:32.409Z</time>
      </trkpt>
      <trkpt lat="48.804173" lon="2.106309">
        <ele>118.107403</ele>
        <time>2026-08-22T23:18:10.690Z</time>
      </trkpt>
      <trkpt lat="48.803533" lon="2.105914">
        <ele>118.591095</ele>
        <time>2026-08-22T23:18:37.878Z</time>
      </trkpt>
      <trkpt lat="48.803582" lon="2.105748">
        <ele>118.674980</ele>
        <time>2026-08-22T23:18:42.355Z</time>
      </trkpt>
      <trkpt lat="48.803469" lon="2.105685">
        <ele>118.759261</ele>
        <time>2026-08-22T23:18:44.682Z</time>
      </trkpt>
      <trkpt lat="48.803485" lon="2.105479">
        <ele>118.854913</ele>
        <time>2026-08-22T23:18:47.231Z</time>
      </trkpt>
      <trkpt lat="48.803468" lon="2.105414">
        <ele>118.887164</ele>
        <time>2026-08-22T23:18:48.092Z</time>
      </trkpt>
      <trkpt lat="48.803437" lon="2.105420">
        <ele>118.909044</ele>
        <time>2026-08-22T23:18:48.787Z</time>
      </trkpt>
      <trkpt lat="48.803385" lon="2.105415">
        <ele>118.945523</ele>
        <time>2026-08-22T23:18:49.700Z</time>
      </trkpt>
      <trkpt lat="48.803283" lon="2.105400">
        <ele>119.017271</ele>
        <time>2026-08-22T23:18:51.488Z</time>
      </trkpt>
      <trkpt lat="48.803241" lon="2.105396">
        <ele>119.046735</ele>
        <time>2026-08-22T23:18:52.203Z</time>
      </trkpt>
      <trkpt lat="48.803209" lon="2.105390">
        <ele>119.069309</ele>
        <time>2026-08-22T23:18:52.746Z</time>
      </trkpt>
      <trkpt lat="48.803184" lon="2.105517">
        <ele>119.130433</ele>
        <time>2026-08-22T23:18:54.233Z</time>
      </trkpt>
      <trkpt lat="48.802977" lon="2.105387">
        <ele>119.287270</ele>
        <time>2026-08-22T23:18:57.955Z</time>
      </trkpt>
      <trkpt lat="48.802383" lon="2.105029">
        <ele>119.151794</ele>
        <time>2026-08-22T23:19:08.134Z</time>
      </trkpt>
      <trkpt lat="48.801626" lon="2.104566">
        <ele>118.942144</ele>
        <time>2026-08-22T23:19:21.070Z</time>
      </trkpt>
      <trkpt lat="48.800866" lon="2.104107">
        <ele>119.409379</ele>
        <time>2026-08-22T23:19:35.519Z</time>
      </trkpt>
      <trkpt lat="48.800246" lon="2.103741">
        <ele>120.252174</ele>
        <time>2026-08-22T23:19:49.748Z</time>
      </trkpt>
      <trkpt lat="48.799558" lon="2.103323">
        <ele>121.304937</ele>
        <time>2026-08-22T23:20:09.312Z</time>
      </trkpt>
      <trkpt lat="48.798693" lon="2.102806">
        <ele>124.513820</ele>
        <time>2026-08-22T23:20:38.356Z</time>
      </trkpt>
      <trkpt lat="48.798602" lon="2.102758">
        <ele>124.846355</ele>
        <time>2026-08-22T23:20:41.894Z</time>
      </trkpt>
      <trkpt lat="48.798396" lon="2.102638">
        <ele>125.607980</ele>
        <time>2026-08-22T23:20:50.269Z</time>
      </trkpt>
      <trkpt lat="48.797634" lon="2.102177">
        <ele>128.507927</ele>
        <time>2026-08-22T23:21:22.893Z</time>
      </trkpt>
      <trkpt lat="48.797165" lon="2.101908">
        <ele>130.345713</ele>
        <time>2026-08-22T23:21:41.167Z</time>
      </trkpt>
      <trkpt lat="48.797072" lon="2.101848">
        <ele>130.716124</ele>
        <time>2026-08-22T23:21:44.430Z</time>
      </trkpt>
      <trkpt lat="48.796918" lon="2.101631">
        <ele>131.486331</ele>
        <time>2026-08-22T23:21:50.873Z</time>
      </trkpt>
      <trkpt lat="48.796842" lon="2.101744">
        <ele>131.876281</ele>
        <time>2026-08-22T23:21:55.531Z</time>
      </trkpt>
      <trkpt lat="48.796801" lon="2.101889">
        <ele>132.257299</ele>
        <time>2026-08-22T23:22:00.396Z</time>
      </trkpt>
      <trkpt lat="48.796605" lon="2.103097">
        <ele>135.370878</ele>
        <time>2026-08-22T23:22:41.562Z</time>
      </trkpt>
      <trkpt lat="48.796261" lon="2.103579">
        <ele>137.227647</ele>
        <time>2026-08-22T23:23:03.917Z</time>
      </trkpt>
      <trkpt lat="48.796117" lon="2.103613">
        <ele>137.805664</ele>
        <time>2026-08-22T23:23:11.243Z</time>
      </trkpt>
      <trkpt lat="48.795519" lon="2.103718">
        <ele>140.193337</ele>
        <time>2026-08-22T23:23:35.272Z</time>
      </trkpt>
      <trkpt lat="48.795230" lon="2.103667">
        <ele>141.467020</ele>
        <time>2026-08-22T23:23:45.922Z</time>
      </trkpt>
      <trkpt lat="48.795169" lon="2.103705">
        <ele>141.837763</ele>
        <time>2026-08-22T23:23:47.971Z</time>
      </trkpt>
      <trkpt lat="48.795064" lon="2.103848">
        <ele>142.630923</ele>
        <time>2026-08-22T23:23:52.600Z</time>
      </trkpt>
      <trkpt lat="48.794973" lon="2.103852">
        <ele>143.142804</ele>
        <time>2026-08-22T23:23:55.720Z</time>
      </trkpt>
      <trkpt lat="48.795126" lon="2.103368">
        <ele>145.131259</ele>
        <time>2026-08-22T23:24:07.927Z</time>
      </trkpt>
      <trkpt lat="48.795099" lon="2.102932">
        <ele>146.753314</ele>
        <time>2026-08-22T23:24:20.149Z</time>
      </trkpt>
      <trkpt lat="48.794862" lon="2.102648">
        <ele>148.451060</ele>
        <time>2026-08-22T23:24:35.072Z</time>
      </trkpt>
      <trkpt lat="48.794539" lon="2.102376">
        <ele>150.527930</ele>
        <time>2026-08-22T23:24:54.756Z</time>
      </trkpt>
      <trkpt lat="48.794436" lon="2.102230">
        <ele>151.384545</ele>
        <time>2026-08-22T23:25:02.965Z</time>
      </trkpt>
      <trkpt lat="48.794342" lon="2.101981">
        <ele>152.914193</ele>
        <time>2026-08-22T23:25:14.728Z</time>
      </trkpt>
      <trkpt lat="48.793929" lon="2.101560">
        <ele>156.939279</ele>
        <time>2026-08-22T23:25:46.134Z</time>
      </trkpt>
      <trkpt lat="48.793650" lon="2.101394">
        <ele>159.363859</ele>
        <time>2026-08-22T23:26:04.718Z</time>
      </trkpt>
      <trkpt lat="48.793622" lon="2.101350">
        <ele>159.689934</ele>
        <time>2026-08-22T23:26:07.166Z</time>
      </trkpt>
      <trkpt lat="48.793631" lon="2.101276">
        <ele>160.091026</ele>
        <time>2026-08-22T23:26:10.134Z</time>
      </trkpt>
      <trkpt lat="48.793798" lon="2.101075">
        <ele>161.815408</ele>
        <time>2026-08-22T23:26:22.414Z</time>
      </trkpt>
      <trkpt lat="48.793884" lon="2.100807">
        <ele>163.404326</ele>
        <time>2026-08-22T23:26:32.848Z</time>
      </trkpt>
      <trkpt lat="48.793903" lon="2.100480">
        <ele>165.154024</ele>
        <time>2026-08-22T23:26:43.542Z</time>
      </trkpt>
      <trkpt lat="48.793873" lon="2.100186">
        <ele>166.128994</ele>
        <time>2026-08-22T23:26:52.488Z</time>
      </trkpt>
      <trkpt lat="48.793915" lon="2.099833">
        <ele>166.888286</ele>
        <time>2026-08-22T23:27:02.840Z</time>
      </trkpt>
      <trkpt lat="48.793914" lon="2.099676">
        <ele>167.220627</ele>
        <time>2026-08-22T23:27:07.291Z</time>
      </trkpt>
      <trkpt lat="48.793862" lon="2.099420">
        <ele>167.787682</ele>
        <time>2026-08-22T23:27:14.672Z</time>
      </trkpt>
      <trkpt lat="48.793872" lon="2.099275">
        <ele>168.096285</ele>
        <time>2026-08-22T23:27:18.416Z</time>
      </trkpt>
      <trkpt lat="48.793988" lon="2.098869">
        <ele>169.033020</ele>
        <time>2026-08-22T23:27:29.147Z</time>
      </trkpt>
      <trkpt lat="48.793954" lon="2.098366">
        <ele>170.103320</ele>
        <time>2026-08-22T23:27:39.802Z</time>
      </trkpt>
      <trkpt lat="48.793812" lon="2.098066">
        <ele>170.885258</ele>
        <time>2026-08-22T23:27:45.717Z</time>
      </trkpt>
      <trkpt lat="48.793796" lon="2.097961">
        <ele>171.113382</ele>
        <time>2026-08-22T23:27:47.187Z</time>
      </trkpt>
      <trkpt lat="48.793882" lon="2.097815">
        <ele>171.495503</ele>
        <time>2026-08-22T23:27:49.649Z</time>
      </trkpt>
      <trkpt lat="48.794041" lon="2.097052">
        <ele>170.688486</ele>
        <time>2026-08-22T23:27:58.503Z</time>
      </trkpt>
      <trkpt lat="48.794081" lon="2.096917">
        <ele>170.539211</ele>
        <time>2026-08-22T23:28:00.021Z</time>
      </trkpt>
      <trkpt lat="48.794098" lon="2.096699">
        <ele>170.317837</ele>
        <time>2026-08-22T23:28:02.284Z</time>
      </trkpt>
      <trkpt lat="48.793996" lon="2.095721">
        <ele>169.319303</ele>
        <time>2026-08-22T23:28:12.463Z</time>
      </trkpt>
      <trkpt lat="48.794028" lon="2.095107">
        <ele>168.710463</ele>
        <time>2026-08-22T23:28:19.131Z</time>
      </trkpt>
      <trkpt lat="48.793952" lon="2.094735">
        <ele>168.406263</ele>
        <time>2026-08-22T23:28:23.677Z</time>
      </trkpt>
      <trkpt lat="48.793729" lon="2.094106">
        <ele>167.848357</ele>
        <time>2026-08-22T23:28:32.636Z</time>
      </trkpt>
      <trkpt lat="48.793702" lon="2.093919">
        <ele>167.698834</ele>
        <time>2026-08-22T23:28:35.141Z</time>
      </trkpt>
      <trkpt lat="48.793613" lon="2.092391">
        <ele>166.504265</ele>
        <time>2026-08-22T23:28:52.452Z</time>
      </trkpt>
      <trkpt lat="48.793644" lon="2.091916">
        <ele>166.142483</ele>
        <time>2026-08-22T23:28:57.177Z</time>
      </trkpt>
      <trkpt lat="48.793603" lon="2.091080">
        <ele>165.507095</ele>
        <time>2026-08-22T23:29:05.917Z</time>
      </trkpt>
      <trkpt lat="48.793644" lon="2.090742">
        <ele>165.246606</ele>
        <time>2026-08-22T23:29:10.144Z</time>
      </trkpt>
      <trkpt lat="48.793638" lon="2.090553">
        <ele>165.103190</ele>
        <time>2026-08-22T23:29:12.440Z</time>
      </trkpt>
      <trkpt lat="48.793616" lon="2.090408">
        <ele>164.990412</ele>
        <time>2026-08-22T23:29:14.264Z</time>
      </trkpt>
      <trkpt lat="48.793475" lon="2.089968">
        <ele>164.619556</ele>
        <time>2026-08-22T23:29:20.629Z</time>
      </trkpt>
      <trkpt lat="48.793388" lon="2.089832">
        <ele>164.590238</ele>
        <time>2026-08-22T23:29:23.361Z</time>
      </trkpt>
      <trkpt lat="48.793303" lon="2.089761">
        <ele>164.649132</ele>
        <time>2026-08-22T23:29:25.631Z</time>
      </trkpt>
      <trkpt lat="48.793126" lon="2.089694">
        <ele>164.759869</ele>
        <time>2026-08-22T23:29:29.963Z</time>
      </trkpt>
      <trkpt lat="48.793020" lon="2.089592">
        <ele>164.836054</ele>
        <time>2026-08-22T23:29:34.753Z</time>
      </trkpt>
      <trkpt lat="48.792971" lon="2.089504">
        <ele>164.882133</ele>
        <time>2026-08-22T23:29:37.578Z</time>
      </trkpt>
      <trkpt lat="48.792920" lon="2.088993">
        <ele>165.088817</ele>
        <time>2026-08-22T23:29:50.986Z</time>
      </trkpt>
      <trkpt lat="48.792924" lon="2.088635">
        <ele>165.232004</ele>
        <time>2026-08-22T23:30:00.330Z</time>
      </trkpt>
      <trkpt lat="48.792961" lon="2.088228">
        <ele>165.396309</ele>
        <time>2026-08-22T23:30:10.373Z</time>
      </trkpt>
      <trkpt lat="48.793314" lon="2.087534">
        <ele>165.690124</ele>
        <time>2026-08-22T23:30:29.738Z</time>
      </trkpt>
      <trkpt lat="48.793372" lon="2.087345">
        <ele>165.728107</ele>
        <time>2026-08-22T23:30:34.340Z</time>
      </trkpt>
      <trkpt lat="48.793476" lon="2.087139">
        <ele>165.775387</ele>
        <time>2026-08-22T23:30:40.121Z</time>
      </trkpt>
      <trkpt lat="48.793699" lon="2.086805">
        <ele>165.862019</ele>
        <time>2026-08-22T23:30:50.624Z</time>
      </trkpt>
      <trkpt lat="48.793834" lon="2.086441">
        <ele>165.938116</ele>
        <time>2026-08-22T23:31:00.013Z</time>
      </trkpt>
      <trkpt lat="48.793914" lon="2.086322">
        <ele>165.969089</ele>
        <time>2026-08-22T23:31:04.274Z</time>
      </trkpt>
      <trkpt lat="48.794281" lon="2.086115">
        <ele>166.077356</ele>
        <time>2026-08-22T23:31:19.138Z</time>
      </trkpt>
      <trkpt lat="48.794660" lon="2.085843">
        <ele>166.176216</ele>
        <time>2026-08-22T23:31:33.902Z</time>
      </trkpt>
      <trkpt lat="48.794785" lon="2.085688">
        <ele>166.206560</ele>
        <time>2026-08-22T23:31:39.363Z</time>
      </trkpt>
      <trkpt lat="48.794858" lon="2.085498">
        <ele>166.233801</ele>
        <time>2026-08-22T23:31:44.263Z</time>
      </trkpt>
      <trkpt lat="48.795144" lon="2.084732">
        <ele>166.342846</ele>
        <time>2026-08-22T23:32:04.080Z</time>
      </trkpt>
      <trkpt lat="48.795205" lon="2.084486">
        <ele>166.375399</ele>
        <time>2026-08-22T23:32:10.067Z</time>
      </trkpt>
      <trkpt lat="48.795237" lon="2.084058">
        <ele>166.428746</ele>
        <time>2026-08-22T23:32:20.240Z</time>
      </trkpt>
      <trkpt lat="48.795262" lon="2.083130">
        <ele>166.399502</ele>
        <time>2026-08-22T23:32:40.692Z</time>
      </trkpt>
      <trkpt lat="48.795286" lon="2.082951">
        <ele>166.372413</ele>
        <time>2026-08-22T23:32:44.748Z</time>
      </trkpt>
      <trkpt lat="48.795332" lon="2.082809">
        <ele>166.348946</ele>
        <time>2026-08-22T23:32:48.192Z</time>
      </trkpt>
      <trkpt lat="48.795231" lon="2.082654">
        <ele>166.316615</ele>
        <time>2026-08-22T23:32:52.674Z</time>
      </trkpt>
      <trkpt lat="48.794561" lon="2.082097">
        <ele>166.144650</ele>
        <time>2026-08-22T23:33:16.111Z</time>
      </trkpt>
      <trkpt lat="48.794677" lon="2.081316">
        <ele>166.071739</ele>
        <time>2026-08-22T23:33:33.381Z</time>
      </trkpt>
      <trkpt lat="48.795001" lon="2.079523">
        <ele>166.063137</ele>
        <time>2026-08-22T23:34:14.325Z</time>
      </trkpt>
      <trkpt lat="48.795692" lon="2.075281">
        <ele>166.604794</ele>
        <time>2026-08-22T23:35:55.880Z</time>
      </trkpt>
      <trkpt lat="48.795828" lon="2.074539">
        <ele>166.574205</ele>
        <time>2026-08-22T23:36:13.162Z</time>
      </trkpt>
      <trkpt lat="48.795830" lon="2.074377">
        <ele>166.567770</ele>
        <time>2026-08-22T23:36:16.736Z</time>
      </trkpt>
      <trkpt lat="48.794123" lon="2.073198">
        <ele>165.637884</ele>
        <time>2026-08-22T23:37:16.552Z</time>
      </trkpt>
      <trkpt lat="48.794067" lon="2.073161">
        <ele>165.598745</ele>
        <time>2026-08-22T23:37:18.442Z</time>
      </trkpt>
      <trkpt lat="48.794122" lon="2.072344">
        <ele>165.322868</ele>
        <time>2026-08-22T23:37:26.784Z</time>
      </trkpt>
      <trkpt lat="48.794153" lon="2.072161">
        <ele>165.284991</ele>
        <time>2026-08-22T23:37:28.758Z</time>
      </trkpt>
      <trkpt lat="48.794204" lon="2.072037">
        <ele>165.255688</ele>
        <time>2026-08-22T23:37:30.320Z</time>
      </trkpt>
      <trkpt lat="48.794232" lon="2.071998">
        <ele>165.244125</ele>
        <time>2026-08-22T23:37:30.929Z</time>
      </trkpt>
      <trkpt lat="48.794246" lon="2.071961">
        <ele>165.235572</ele>
        <time>2026-08-22T23:37:31.380Z</time>
      </trkpt>
      <trkpt lat="48.794251" lon="2.071881">
        <ele>165.219464</ele>
        <time>2026-08-22T23:37:32.248Z</time>
      </trkpt>
      <trkpt lat="48.794230" lon="2.071807">
        <ele>165.203312</ele>
        <time>2026-08-22T23:37:33.116Z</time>
      </trkpt>
      <trkpt lat="48.794172" lon="2.071753">
        <ele>165.182609</ele>
        <time>2026-08-22T23:37:34.243Z</time>
      </trkpt>
      <trkpt lat="48.794080" lon="2.071791">
        <ele>165.153597</ele>
        <time>2026-08-22T23:37:35.817Z</time>
      </trkpt>
      <trkpt lat="48.793903" lon="2.071687">
        <ele>165.095844</ele>
        <time>2026-08-22T23:37:39.003Z</time>
      </trkpt>
      <trkpt lat="48.793413" lon="2.071506">
        <ele>164.942392</ele>
        <time>2026-08-22T23:37:47.509Z</time>
      </trkpt>
      <trkpt lat="48.792872" lon="2.071314">
        <ele>164.634011</ele>
        <time>2026-08-22T23:37:56.868Z</time>
      </trkpt>
      <trkpt lat="48.792052" lon="2.071009">
        <ele>163.836985</ele>
        <time>2026-08-22T23:38:09.690Z</time>
      </trkpt>
      <trkpt lat="48.791511" lon="2.070821">
        <ele>163.313039</ele>
        <time>2026-08-22T23:38:17.611Z</time>
      </trkpt>
      <trkpt lat="48.791384" lon="2.070785">
        <ele>163.191072</ele>
        <time>2026-08-22T23:38:19.424Z</time>
      </trkpt>
      <trkpt lat="48.791202" lon="2.070718">
        <ele>162.953092</ele>
        <time>2026-08-22T23:38:22.093Z</time>
      </trkpt>
      <trkpt lat="48.791116" lon="2.070728">
        <ele>162.832534</ele>
        <time>2026-08-22T23:38:23.312Z</time>
      </trkpt>
      <trkpt lat="48.791040" lon="2.070805">
        <ele>162.704816</ele>
        <time>2026-08-22T23:38:24.631Z</time>
      </trkpt>
      <trkpt lat="48.790977" lon="2.070991">
        <ele>162.512229</ele>
        <time>2026-08-22T23:38:26.601Z</time>
      </trkpt>
      <trkpt lat="48.790858" lon="2.071496">
        <ele>162.018353</ele>
        <time>2026-08-22T23:38:31.677Z</time>
      </trkpt>
      <trkpt lat="48.790734" lon="2.071648">
        <ele>161.795573</ele>
        <time>2026-08-22T23:38:33.970Z</time>
      </trkpt>
      <trkpt lat="48.790610" lon="2.071645">
        <ele>161.622232</ele>
        <time>2026-08-22T23:38:35.792Z</time>
      </trkpt>
      <trkpt lat="48.790535" lon="2.071596">
        <ele>161.508103</ele>
        <time>2026-08-22T23:38:36.975Z</time>
      </trkpt>
      <trkpt lat="48.790378" lon="2.071399">
        <ele>161.223384</ele>
        <time>2026-08-22T23:38:39.958Z</time>
      </trkpt>
      <trkpt lat="48.789428" lon="2.070080">
        <ele>159.044894</ele>
        <time>2026-08-22T23:38:57.893Z</time>
      </trkpt>
      <trkpt lat="48.789342" lon="2.070006">
        <ele>158.863221</ele>
        <time>2026-08-22T23:38:59.241Z</time>
      </trkpt>
      <trkpt lat="48.789213" lon="2.069972">
        <ele>158.622608</ele>
        <time>2026-08-22T23:39:01.036Z</time>
      </trkpt>
      <trkpt lat="48.788877" lon="2.069840">
        <ele>157.984788</ele>
        <time>2026-08-22T23:39:06.659Z</time>
      </trkpt>
      <trkpt lat="48.788800" lon="2.069833">
        <ele>157.843031</ele>
        <time>2026-08-22T23:39:07.861Z</time>
      </trkpt>
      <trkpt lat="48.788710" lon="2.069835">
        <ele>157.677618</ele>
        <time>2026-08-22T23:39:09.259Z</time>
      </trkpt>
      <trkpt lat="48.788572" lon="2.069979">
        <ele>157.369864</ele>
        <time>2026-08-22T23:39:11.848Z</time>
      </trkpt>
      <trkpt lat="48.788376" lon="2.070528">
        <ele>156.571729</ele>
        <time>2026-08-22T23:39:18.164Z</time>
      </trkpt>
      <trkpt lat="48.788226" lon="2.071858">
        <ele>154.840865</ele>
        <time>2026-08-22T23:39:32.090Z</time>
      </trkpt>
      <trkpt lat="48.788110" lon="2.072560">
        <ele>153.912487</ele>
        <time>2026-08-22T23:39:39.440Z</time>
      </trkpt>
      <trkpt lat="48.787584" lon="2.074562">
        <ele>151.148759</ele>
        <time>2026-08-22T23:40:01.399Z</time>
      </trkpt>
      <trkpt lat="48.787586" lon="2.074897">
        <ele>150.719179</ele>
        <time>2026-08-22T23:40:04.848Z</time>
      </trkpt>
      <trkpt lat="48.787762" lon="2.075627">
        <ele>149.840194</ele>
        <time>2026-08-22T23:40:12.927Z</time>
      </trkpt>
      <trkpt lat="48.787805" lon="2.075919">
        <ele>149.532186</ele>
        <time>2026-08-22T23:40:16.078Z</time>
      </trkpt>
      <trkpt lat="48.787866" lon="2.076817">
        <ele>148.602867</ele>
        <time>2026-08-22T23:40:25.781Z</time>
      </trkpt>
      <trkpt lat="48.787812" lon="2.077256">
        <ele>148.143143</ele>
        <time>2026-08-22T23:40:30.621Z</time>
      </trkpt>
      <trkpt lat="48.787814" lon="2.077602">
        <ele>147.786950</ele>
        <time>2026-08-22T23:40:34.373Z</time>
      </trkpt>
      <trkpt lat="48.787869" lon="2.078174">
        <ele>146.946739</ele>
        <time>2026-08-22T23:40:40.498Z</time>
      </trkpt>
      <trkpt lat="48.787936" lon="2.078431">
        <ele>146.442558</ele>
        <time>2026-08-22T23:40:43.325Z</time>
      </trkpt>
      <trkpt lat="48.788038" lon="2.079352">
        <ele>144.738922</ele>
        <time>2026-08-22T23:40:52.391Z</time>
      </trkpt>
      <trkpt lat="48.788154" lon="2.079919">
        <ele>143.655898</ele>
        <time>2026-08-22T23:40:57.912Z</time>
      </trkpt>
      <trkpt lat="48.788196" lon="2.080237">
        <ele>143.064272</ele>
        <time>2026-08-22T23:41:00.914Z</time>
      </trkpt>
      <trkpt lat="48.788324" lon="2.080807">
        <ele>141.957201</ele>
        <time>2026-08-22T23:41:06.516Z</time>
      </trkpt>
      <trkpt lat="48.788252" lon="2.081302">
        <ele>141.018456</ele>
        <time>2026-08-22T23:41:11.429Z</time>
      </trkpt>
      <trkpt lat="48.788230" lon="2.081970">
        <ele>139.779867</ele>
        <time>2026-08-22T23:41:17.820Z</time>
      </trkpt>
      <trkpt lat="48.788166" lon="2.082055">
        <ele>139.540832</ele>
        <time>2026-08-22T23:41:19.031Z</time>
      </trkpt>
      <trkpt lat="48.788127" lon="2.082074">
        <ele>139.425704</ele>
        <time>2026-08-22T23:41:19.647Z</time>
      </trkpt>
      <trkpt lat="48.788034" lon="2.082025">
        <ele>139.149000</ele>
        <time>2026-08-22T23:41:21.054Z</time>
      </trkpt>
      <trkpt lat="48.787984" lon="2.082183">
        <ele>138.824402</ele>
        <time>2026-08-22T23:41:22.759Z</time>
      </trkpt>
      <trkpt lat="48.787895" lon="2.082302">
        <ele>138.491020</ele>
        <time>2026-08-22T23:41:24.560Z</time>
      </trkpt>
      <trkpt lat="48.787738" lon="2.082322">
        <ele>138.048176</ele>
        <time>2026-08-22T23:41:26.945Z</time>
      </trkpt>
      <trkpt lat="48.787467" lon="2.082158">
        <ele>137.332489</ele>
        <time>2026-08-22T23:41:31.473Z</time>
      </trkpt>
      <trkpt lat="48.787152" lon="2.082089">
        <ele>136.817823</ele>
        <time>2026-08-22T23:41:36.445Z</time>
      </trkpt>
      <trkpt lat="48.786982" lon="2.082133">
        <ele>136.538947</ele>
        <time>2026-08-22T23:41:39.179Z</time>
      </trkpt>
      <trkpt lat="48.786768" lon="2.082269">
        <ele>136.163774</ele>
        <time>2026-08-22T23:41:42.782Z</time>
      </trkpt>
      <trkpt lat="48.786234" lon="2.082789">
        <ele>135.137787</ele>
        <time>2026-08-22T23:41:52.878Z</time>
      </trkpt>
      <trkpt lat="48.785953" lon="2.082822">
        <ele>134.682022</ele>
        <time>2026-08-22T23:41:57.738Z</time>
      </trkpt>
      <trkpt lat="48.785615" lon="2.082964">
        <ele>134.341570</ele>
        <time>2026-08-22T23:42:03.733Z</time>
      </trkpt>
      <trkpt lat="48.785217" lon="2.083212">
        <ele>133.996015</ele>
        <time>2026-08-22T23:42:10.945Z</time>
      </trkpt>
      <trkpt lat="48.784320" lon="2.083529">
        <ele>133.256296</ele>
        <time>2026-08-22T23:42:26.611Z</time>
      </trkpt>
      <trkpt lat="48.784187" lon="2.083642">
        <ele>133.133874</ele>
        <time>2026-08-22T23:42:29.363Z</time>
      </trkpt>
      <trkpt lat="48.784043" lon="2.083899">
        <ele>132.918230</ele>
        <time>2026-08-22T23:42:33.782Z</time>
      </trkpt>
      <trkpt lat="48.783924" lon="2.084199">
        <ele>132.691313</ele>
        <time>2026-08-22T23:42:38.919Z</time>
      </trkpt>
      <trkpt lat="48.783520" lon="2.085043">
        <ele>132.015289</ele>
        <time>2026-08-22T23:42:51.463Z</time>
      </trkpt>
      <trkpt lat="48.783604" lon="2.085151">
        <ele>131.907016</ele>
        <time>2026-08-22T23:42:53.037Z</time>
      </trkpt>
      <trkpt lat="48.783480" lon="2.085313">
        <ele>131.746102</ele>
        <time>2026-08-22T23:42:55.315Z</time>
      </trkpt>
      <trkpt lat="48.783219" lon="2.085654">
        <ele>131.407395</ele>
        <time>2026-08-22T23:42:59.917Z</time>
      </trkpt>
      <trkpt lat="48.783026" lon="2.085847">
        <ele>131.030645</ele>
        <time>2026-08-22T23:43:02.927Z</time>
      </trkpt>
      <trkpt lat="48.782698" lon="2.086047">
        <ele>130.380257</ele>
        <time>2026-08-22T23:43:07.493Z</time>
      </trkpt>
      <trkpt lat="48.782617" lon="2.086166">
        <ele>130.172831</ele>
        <time>2026-08-22T23:43:08.916Z</time>
      </trkpt>
      <trkpt lat="48.782557" lon="2.086439">
        <ele>129.823929</ele>
        <time>2026-08-22T23:43:11.282Z</time>
      </trkpt>
      <trkpt lat="48.782585" lon="2.086777">
        <ele>129.410923</ele>
        <time>2026-08-22T23:43:14.157Z</time>
      </trkpt>
      <trkpt lat="48.782557" lon="2.086966">
        <ele>129.176065</ele>
        <time>2026-08-22T23:43:15.856Z</time>
      </trkpt>
      <trkpt lat="48.782392" lon="2.087396">
        <ele>128.572790</ele>
        <time>2026-08-22T23:43:20.659Z</time>
      </trkpt>
      <trkpt lat="48.782359" lon="2.087802">
        <ele>128.076836</ele>
        <time>2026-08-22T23:43:25.292Z</time>
      </trkpt>
      <trkpt lat="48.782376" lon="2.088202">
        <ele>128.092555</ele>
        <time>2026-08-22T23:43:30.455Z</time>
      </trkpt>
      <trkpt lat="48.782352" lon="2.088572">
        <ele>128.142741</ele>
        <time>2026-08-22T23:43:35.164Z</time>
      </trkpt>
      <trkpt lat="48.782279" lon="2.089135">
        <ele>128.220195</ele>
        <time>2026-08-22T23:43:42.980Z</time>
      </trkpt>
      <trkpt lat="48.782262" lon="2.089604">
        <ele>128.283598</ele>
        <time>2026-08-22T23:43:49.383Z</time>
      </trkpt>
      <trkpt lat="48.782194" lon="2.089917">
        <ele>128.328086</ele>
        <time>2026-08-22T23:43:53.623Z</time>
      </trkpt>
      <trkpt lat="48.782113" lon="2.090175">
        <ele>128.366663</ele>
        <time>2026-08-22T23:43:56.965Z</time>
      </trkpt>
      <trkpt lat="48.781947" lon="2.090460">
        <ele>128.382784</ele>
        <time>2026-08-22T23:44:01.075Z</time>
      </trkpt>
      <trkpt lat="48.781452" lon="2.090937">
        <ele>127.919246</ele>
        <time>2026-08-22T23:44:09.667Z</time>
      </trkpt>
      <trkpt lat="48.781135" lon="2.091152">
        <ele>127.644759</ele>
        <time>2026-08-22T23:44:14.776Z</time>
      </trkpt>
      <trkpt lat="48.780761" lon="2.091635">
        <ele>127.256533</ele>
        <time>2026-08-22T23:44:22.062Z</time>
      </trkpt>
      <trkpt lat="48.780594" lon="2.092029">
        <ele>127.012498</ele>
        <time>2026-08-22T23:44:26.833Z</time>
      </trkpt>
      <trkpt lat="48.780524" lon="2.092285">
        <ele>127.092573</ele>
        <time>2026-08-22T23:44:29.725Z</time>
      </trkpt>
      <trkpt lat="48.780518" lon="2.092306">
        <ele>127.102814</ele>
        <time>2026-08-22T23:44:29.971Z</time>
      </trkpt>
      <trkpt lat="48.780463" lon="2.092665">
        <ele>127.267711</ele>
        <time>2026-08-22T23:44:33.878Z</time>
      </trkpt>
      <trkpt lat="48.780422" lon="2.093319">
        <ele>127.561627</ele>
        <time>2026-08-22T23:44:41.490Z</time>
      </trkpt>
      <trkpt lat="48.780398" lon="2.093700">
        <ele>127.732861</ele>
        <time>2026-08-22T23:44:46.307Z</time>
      </trkpt>
      <trkpt lat="48.780472" lon="2.095254">
        <ele>129.187650</ele>
        <time>2026-08-22T23:45:11.577Z</time>
      </trkpt>
      <trkpt lat="48.780510" lon="2.095502">
        <ele>129.694149</ele>
        <time>2026-08-22T23:45:16.606Z</time>
      </trkpt>
      <trkpt lat="48.780554" lon="2.095660">
        <ele>130.035368</ele>
        <time>2026-08-22T23:45:20.070Z</time>
      </trkpt>
      <trkpt lat="48.781011" lon="2.096230">
        <ele>131.821149</ele>
        <time>2026-08-22T23:45:41.539Z</time>
      </trkpt>
      <trkpt lat="48.781143" lon="2.096312">
        <ele>132.251731</ele>
        <time>2026-08-22T23:45:46.940Z</time>
      </trkpt>
      <trkpt lat="48.781204" lon="2.096487">
        <ele>132.645553</ele>
        <time>2026-08-22T23:45:53.748Z</time>
      </trkpt>
      <trkpt lat="48.781186" lon="2.096539">
        <ele>132.762398</ele>
        <time>2026-08-22T23:45:55.792Z</time>
      </trkpt>
      <trkpt lat="48.781212" lon="2.096641">
        <ele>132.979952</ele>
        <time>2026-08-22T23:45:59.366Z</time>
      </trkpt>
      <trkpt lat="48.781353" lon="2.096846">
        <ele>133.569427</ele>
        <time>2026-08-22T23:46:08.840Z</time>
      </trkpt>
      <trkpt lat="48.781344" lon="2.097203">
        <ele>133.271644</ele>
        <time>2026-08-22T23:46:19.230Z</time>
      </trkpt>
      <trkpt lat="48.781389" lon="2.097320">
        <ele>133.116627</ele>
        <time>2026-08-22T23:46:22.950Z</time>
      </trkpt>
      <trkpt lat="48.781403" lon="2.097584">
        <ele>132.813563</ele>
        <time>2026-08-22T23:46:29.361Z</time>
      </trkpt>
      <trkpt lat="48.781389" lon="2.097320">
        <ele>132.510499</ele>
        <time>2026-08-22T23:46:34.932Z</time>
      </trkpt>
      <trkpt lat="48.781344" lon="2.097203">
        <ele>132.355482</ele>
        <time>2026-08-22T23:46:37.572Z</time>
      </trkpt>
      <trkpt lat="48.781353" lon="2.096846">
        <ele>131.946679</ele>
        <time>2026-08-22T23:46:44.338Z</time>
      </trkpt>
      <trkpt lat="48.781212" lon="2.096641">
        <ele>131.607594</ele>
        <time>2026-08-22T23:46:49.720Z</time>
      </trkpt>
      <trkpt lat="48.781186" lon="2.096539">
        <ele>131.482450</ele>
        <time>2026-08-22T23:46:51.667Z</time>
      </trkpt>
      <trkpt lat="48.781204" lon="2.096487">
        <ele>131.415237</ele>
        <time>2026-08-22T23:46:52.690Z</time>
      </trkpt>
      <trkpt lat="48.781143" lon="2.096312">
        <ele>131.188697</ele>
        <time>2026-08-22T23:46:56.139Z</time>
      </trkpt>
      <trkpt lat="48.781011" lon="2.096230">
        <ele>130.941012</ele>
        <time>2026-08-22T23:46:57.812Z</time>
      </trkpt>
      <trkpt lat="48.780554" lon="2.095660">
        <ele>129.409806</ele>
        <time>2026-08-22T23:47:04.674Z</time>
      </trkpt>
      <trkpt lat="48.780510" lon="2.095502">
        <ele>129.049402</ele>
        <time>2026-08-22T23:47:06.014Z</time>
      </trkpt>
      <trkpt lat="48.780321" lon="2.095639">
        <ele>128.381541</ele>
        <time>2026-08-22T23:47:08.516Z</time>
      </trkpt>
      <trkpt lat="48.780339" lon="2.096023">
        <ele>127.572673</ele>
        <time>2026-08-22T23:47:11.948Z</time>
      </trkpt>
      <trkpt lat="48.780358" lon="2.096350">
        <ele>126.882942</ele>
        <time>2026-08-22T23:47:14.970Z</time>
      </trkpt>
      <trkpt lat="48.780372" lon="2.096479">
        <ele>126.608246</ele>
        <time>2026-08-22T23:47:16.276Z</time>
      </trkpt>
      <trkpt lat="48.780578" lon="2.097155">
        <ele>125.043366</ele>
        <time>2026-08-22T23:47:24.284Z</time>
      </trkpt>
      <trkpt lat="48.780634" lon="2.097668">
        <ele>124.634253</ele>
        <time>2026-08-22T23:47:30.902Z</time>
      </trkpt>
      <trkpt lat="48.780640" lon="2.098177">
        <ele>124.444827</ele>
        <time>2026-08-22T23:47:37.768Z</time>
      </trkpt>
      <trkpt lat="48.780601" lon="2.098413">
        <ele>124.354294</ele>
        <time>2026-08-22T23:47:41.261Z</time>
      </trkpt>
      <trkpt lat="48.780466" lon="2.098708">
        <ele>124.220651</ele>
        <time>2026-08-22T23:47:46.409Z</time>
      </trkpt>
      <trkpt lat="48.780327" lon="2.098919">
        <ele>124.109634</ele>
        <time>2026-08-22T23:47:50.386Z</time>
      </trkpt>
      <trkpt lat="48.780035" lon="2.099125">
        <ele>123.927801</ele>
        <time>2026-08-22T23:47:56.471Z</time>
      </trkpt>
      <trkpt lat="48.779876" lon="2.099176">
        <ele>123.836033</ele>
        <time>2026-08-22T23:47:59.363Z</time>
      </trkpt>
      <trkpt lat="48.779655" lon="2.099191">
        <ele>123.485622</ele>
        <time>2026-08-22T23:48:03.164Z</time>
      </trkpt>
      <trkpt lat="48.779389" lon="2.099094">
        <ele>122.692690</ele>
        <time>2026-08-22T23:48:07.486Z</time>
      </trkpt>
      <trkpt lat="48.779187" lon="2.098969">
        <ele>122.060398</ele>
        <time>2026-08-22T23:48:10.708Z</time>
      </trkpt>
      <trkpt lat="48.778998" lon="2.098799">
        <ele>121.423596</ele>
        <time>2026-08-22T23:48:13.947Z</time>
      </trkpt>
      <trkpt lat="48.778780" lon="2.098692">
        <ele>120.759507</ele>
        <time>2026-08-22T23:48:17.320Z</time>
      </trkpt>
      <trkpt lat="48.778586" lon="2.098702">
        <ele>120.196886</ele>
        <time>2026-08-22T23:48:20.162Z</time>
      </trkpt>
      <trkpt lat="48.778463" lon="2.098794">
        <ele>119.799424</ele>
        <time>2026-08-22T23:48:22.187Z</time>
      </trkpt>
      <trkpt lat="48.778353" lon="2.098925">
        <ele>119.394139</ele>
        <time>2026-08-22T23:48:24.254Z</time>
      </trkpt>
      <trkpt lat="48.778243" lon="2.099159">
        <ele>118.845134</ele>
        <time>2026-08-22T23:48:27.065Z</time>
      </trkpt>
      <trkpt lat="48.778148" lon="2.099464">
        <ele>118.278663</ele>
        <time>2026-08-22T23:48:30.404Z</time>
      </trkpt>
      <trkpt lat="48.778079" lon="2.100022">
        <ele>117.434445</ele>
        <time>2026-08-22T23:48:36.064Z</time>
      </trkpt>
      <trkpt lat="48.778014" lon="2.100202">
        <ele>117.129235</ele>
        <time>2026-08-22T23:48:38.144Z</time>
      </trkpt>
      <trkpt lat="48.777897" lon="2.100280">
        <ele>116.840870</ele>
        <time>2026-08-22T23:48:40.128Z</time>
      </trkpt>
      <trkpt lat="48.777704" lon="2.100280">
        <ele>116.405365</ele>
        <time>2026-08-22T23:48:43.128Z</time>
      </trkpt>
      <trkpt lat="48.777490" lon="2.100194">
        <ele>115.905827</ele>
        <time>2026-08-22T23:48:46.595Z</time>
      </trkpt>
      <trkpt lat="48.777047" lon="2.100171">
        <ele>114.905612</ele>
        <time>2026-08-22T23:48:53.922Z</time>
      </trkpt>
      <trkpt lat="48.776599" lon="2.100203">
        <ele>114.571241</ele>
        <time>2026-08-22T23:49:01.807Z</time>
      </trkpt>
      <trkpt lat="48.776516" lon="2.100247">
        <ele>114.596849</ele>
        <time>2026-08-22T23:49:03.397Z</time>
      </trkpt>
      <trkpt lat="48.776417" lon="2.100357">
        <ele>114.632588</ele>
        <time>2026-08-22T23:49:05.723Z</time>
      </trkpt>
      <trkpt lat="48.776318" lon="2.100528">
        <ele>114.676278</ele>
        <time>2026-08-22T23:49:08.641Z</time>
      </trkpt>
      <trkpt lat="48.776273" lon="2.100595">
        <ele>114.694641</ele>
        <time>2026-08-22T23:49:09.955Z</time>
      </trkpt>
      <trkpt lat="48.776205" lon="2.100695">
        <ele>114.722222</ele>
        <time>2026-08-22T23:49:11.947Z</time>
      </trkpt>
      <trkpt lat="48.776230" lon="2.101079">
        <ele>114.796288</ele>
        <time>2026-08-22T23:49:17.799Z</time>
      </trkpt>
      <trkpt lat="48.776161" lon="2.102078">
        <ele>114.989092</ele>
        <time>2026-08-22T23:49:34.970Z</time>
      </trkpt>
      <trkpt lat="48.776189" lon="2.102487">
        <ele>115.017505</ele>
        <time>2026-08-22T23:49:41.677Z</time>
      </trkpt>
      <trkpt lat="48.776258" lon="2.103000">
        <ele>115.017206</ele>
        <time>2026-08-22T23:49:49.856Z</time>
      </trkpt>
      <trkpt lat="48.776272" lon="2.103311">
        <ele>115.017027</ele>
        <time>2026-08-22T23:49:54.518Z</time>
      </trkpt>
      <trkpt lat="48.776251" lon="2.103687">
        <ele>115.016812</ele>
        <time>2026-08-22T23:49:59.884Z</time>
      </trkpt>
      <trkpt lat="48.776154" lon="2.104561">
        <ele>115.016305</ele>
        <time>2026-08-22T23:50:10.871Z</time>
      </trkpt>
      <trkpt lat="48.776059" lon="2.105057">
        <ele>114.865633</ele>
        <time>2026-08-22T23:50:16.603Z</time>
      </trkpt>
      <trkpt lat="48.775975" lon="2.105375">
        <ele>114.518578</ele>
        <time>2026-08-22T23:50:20.231Z</time>
      </trkpt>
      <trkpt lat="48.775821" lon="2.105727">
        <ele>114.090568</ele>
        <time>2026-08-22T23:50:24.657Z</time>
      </trkpt>
      <trkpt lat="48.775440" lon="2.106478">
        <ele>113.130461</ele>
        <time>2026-08-22T23:50:34.649Z</time>
      </trkpt>
      <trkpt lat="48.775369" lon="2.106691">
        <ele>112.888653</ele>
        <time>2026-08-22T23:50:37.225Z</time>
      </trkpt>
      <trkpt lat="48.775351" lon="2.106831">
        <ele>112.744155</ele>
        <time>2026-08-22T23:50:38.784Z</time>
      </trkpt>
      <trkpt lat="48.775445" lon="2.107159">
        <ele>112.381821</ele>
        <time>2026-08-22T23:50:42.848Z</time>
      </trkpt>
      <trkpt lat="48.775786" lon="2.108090">
        <ele>112.205607</ele>
        <time>2026-08-22T23:50:56.450Z</time>
      </trkpt>
      <trkpt lat="48.776515" lon="2.109950">
        <ele>111.972182</ele>
        <time>2026-08-22T23:51:26.577Z</time>
      </trkpt>
      <trkpt lat="48.776542" lon="2.110019">
        <ele>111.940588</ele>
        <time>2026-08-22T23:51:27.547Z</time>
      </trkpt>
      <trkpt lat="48.776685" lon="2.110417">
        <ele>111.762119</ele>
        <time>2026-08-22T23:51:32.978Z</time>
      </trkpt>
      <trkpt lat="48.776778" lon="2.110609">
        <ele>111.668306</ele>
        <time>2026-08-22T23:51:35.774Z</time>
      </trkpt>
      <trkpt lat="48.776888" lon="2.110979">
        <ele>111.508499</ele>
        <time>2026-08-22T23:51:40.463Z</time>
      </trkpt>
      <trkpt lat="48.777041" lon="2.111682">
        <ele>111.217026</ele>
        <time>2026-08-22T23:51:48.924Z</time>
      </trkpt>
      <trkpt lat="48.777111" lon="2.112550">
        <ele>110.933535</ele>
        <time>2026-08-22T23:51:59.651Z</time>
      </trkpt>
      <trkpt lat="48.777109" lon="2.112807">
        <ele>110.868331</ele>
        <time>2026-08-22T23:52:02.842Z</time>
      </trkpt>
      <trkpt lat="48.777039" lon="2.113300">
        <ele>110.740391</ele>
        <time>2026-08-22T23:52:09.065Z</time>
      </trkpt>
      <trkpt lat="48.777030" lon="2.113488">
        <ele>110.692571</ele>
        <time>2026-08-22T23:52:11.414Z</time>
      </trkpt>
      <trkpt lat="48.777027" lon="2.113541">
        <ele>110.679076</ele>
        <time>2026-08-22T23:52:12.064Z</time>
      </trkpt>
      <trkpt lat="48.777070" lon="2.113908">
        <ele>110.584510</ele>
        <time>2026-08-22T23:52:16.868Z</time>
      </trkpt>
      <trkpt lat="48.777037" lon="2.114040">
        <ele>110.548694</ele>
        <time>2026-08-22T23:52:18.682Z</time>
      </trkpt>
      <trkpt lat="48.776949" lon="2.114254">
        <ele>110.484701</ele>
        <time>2026-08-22T23:52:21.957Z</time>
      </trkpt>
      <trkpt lat="48.776873" lon="2.114562">
        <ele>110.401266</ele>
        <time>2026-08-22T23:52:26.179Z</time>
      </trkpt>
      <trkpt lat="48.776864" lon="2.114833">
        <ele>110.323846</ele>
        <time>2026-08-22T23:52:29.590Z</time>
      </trkpt>
      <trkpt lat="48.776894" lon="2.115092">
        <ele>110.226728</ele>
        <time>2026-08-22T23:52:32.800Z</time>
      </trkpt>
      <trkpt lat="48.776996" lon="2.115474">
        <ele>110.074510</ele>
        <time>2026-08-22T23:52:37.692Z</time>
      </trkpt>
      <trkpt lat="48.777235" lon="2.116139">
        <ele>109.794769</ele>
        <time>2026-08-22T23:52:46.564Z</time>
      </trkpt>
      <trkpt lat="48.777320" lon="2.116437">
        <ele>109.674849</ele>
        <time>2026-08-22T23:52:50.549Z</time>
      </trkpt>
      <trkpt lat="48.777362" lon="2.116711">
        <ele>109.570957</ele>
        <time>2026-08-22T23:52:54.032Z</time>
      </trkpt>
      <trkpt lat="48.777410" lon="2.117310">
        <ele>109.348112</ele>
        <time>2026-08-22T23:53:01.399Z</time>
      </trkpt>
      <trkpt lat="48.777455" lon="2.117613">
        <ele>109.316752</ele>
        <time>2026-08-22T23:53:05.192Z</time>
      </trkpt>
      <trkpt lat="48.776943" lon="2.117721">
        <ele>109.246839</ele>
        <time>2026-08-22T23:53:14.975Z</time>
      </trkpt>
      <trkpt lat="48.777455" lon="2.117613">
        <ele>109.176925</ele>
        <time>2026-08-22T23:53:25.317Z</time>
      </trkpt>
      <trkpt lat="48.777572" lon="2.117843">
        <ele>109.151029</ele>
        <time>2026-08-22T23:53:31.519Z</time>
      </trkpt>
      <trkpt lat="48.777644" lon="2.118272">
        <ele>109.111572</ele>
        <time>2026-08-22T23:53:40.777Z</time>
      </trkpt>
      <trkpt lat="48.777659" lon="2.118938">
        <ele>109.158459</ele>
        <time>2026-08-22T23:53:54.603Z</time>
      </trkpt>
      <trkpt lat="48.777683" lon="2.119074">
        <ele>109.173799</ele>
        <time>2026-08-22T23:53:57.570Z</time>
      </trkpt>
      <trkpt lat="48.777679" lon="2.119359">
        <ele>109.204858</ele>
        <time>2026-08-22T23:54:03.539Z</time>
      </trkpt>
      <trkpt lat="48.777613" lon="2.119803">
        <ele>109.254449</ele>
        <time>2026-08-22T23:54:13.271Z</time>
      </trkpt>
      <trkpt lat="48.777635" lon="2.120520">
        <ele>109.332654</ele>
        <time>2026-08-22T23:54:28.508Z</time>
      </trkpt>
      <trkpt lat="48.777683" lon="2.121373">
        <ele>109.454696</ele>
        <time>2026-08-22T23:54:47.784Z</time>
      </trkpt>
      <trkpt lat="48.777656" lon="2.121943">
        <ele>109.579701</ele>
        <time>2026-08-22T23:55:01.098Z</time>
      </trkpt>
      <trkpt lat="48.777430" lon="2.122653">
        <ele>109.752178</ele>
        <time>2026-08-22T23:55:12.274Z</time>
      </trkpt>
      <trkpt lat="48.777182" lon="2.123292">
        <ele>109.914396</ele>
        <time>2026-08-22T23:55:21.240Z</time>
      </trkpt>
      <trkpt lat="48.777127" lon="2.123457">
        <ele>109.954843</ele>
        <time>2026-08-22T23:55:23.631Z</time>
      </trkpt>
      <trkpt lat="48.777022" lon="2.123870">
        <ele>109.717256</ele>
        <time>2026-08-22T23:55:28.958Z</time>
      </trkpt>
      <trkpt lat="48.776915" lon="2.124130">
        <ele>109.392637</ele>
        <time>2026-08-22T23:55:32.323Z</time>
      </trkpt>
      <trkpt lat="48.776659" lon="2.124507">
        <ele>108.819368</ele>
        <time>2026-08-22T23:55:38.014Z</time>
      </trkpt>
      <trkpt lat="48.776317" lon="2.124813">
        <ele>108.181354</ele>
        <time>2026-08-22T23:55:44.312Z</time>
      </trkpt>
      <trkpt lat="48.775921" lon="2.125047">
        <ele>107.498437</ele>
        <time>2026-08-22T23:55:51.034Z</time>
      </trkpt>
      <trkpt lat="48.775872" lon="2.125105">
        <ele>107.398571</ele>
        <time>2026-08-22T23:55:52.042Z</time>
      </trkpt>
      <trkpt lat="48.775823" lon="2.125163">
        <ele>107.298706</ele>
        <time>2026-08-22T23:55:53.059Z</time>
      </trkpt>
      <trkpt lat="48.775769" lon="2.125361">
        <ele>107.109813</ele>
        <time>2026-08-22T23:55:55.391Z</time>
      </trkpt>
      <trkpt lat="48.775799" lon="2.125841">
        <ele>107.201588</ele>
        <time>2026-08-22T23:56:00.878Z</time>
      </trkpt>
      <trkpt lat="48.775851" lon="2.126179">
        <ele>107.267654</ele>
        <time>2026-08-22T23:56:05.169Z</time>
      </trkpt>
      <trkpt lat="48.775961" lon="2.126552">
        <ele>107.345437</ele>
        <time>2026-08-22T23:56:11.213Z</time>
      </trkpt>
      <trkpt lat="48.775971" lon="2.126708">
        <ele>107.375271</ele>
        <time>2026-08-22T23:56:13.856Z</time>
      </trkpt>
      <trkpt lat="48.775939" lon="2.126939">
        <ele>107.420201</ele>
        <time>2026-08-22T23:56:17.919Z</time>
      </trkpt>
      <trkpt lat="48.775894" lon="2.127021">
        <ele>107.440512</ele>
        <time>2026-08-22T23:56:19.725Z</time>
      </trkpt>
      <trkpt lat="48.776048" lon="2.127327">
        <ele>107.513799</ele>
        <time>2026-08-22T23:56:25.565Z</time>
      </trkpt>
      <trkpt lat="48.776218" lon="2.127606">
        <ele>107.586126</ele>
        <time>2026-08-22T23:56:30.983Z</time>
      </trkpt>
      <trkpt lat="48.776374" lon="2.127801">
        <ele>107.693475</ele>
        <time>2026-08-22T23:56:35.333Z</time>
      </trkpt>
      <trkpt lat="48.776708" lon="2.127963">
        <ele>108.031202</ele>
        <time>2026-08-22T23:56:43.047Z</time>
      </trkpt>
      <trkpt lat="48.776642" lon="2.128901">
        <ele>108.629948</ele>
        <time>2026-08-22T23:56:57.991Z</time>
      </trkpt>
      <trkpt lat="48.776608" lon="2.129646">
        <ele>109.103944</ele>
        <time>2026-08-22T23:57:07.818Z</time>
      </trkpt>
      <trkpt lat="48.776472" lon="2.129689">
        <ele>109.237746</ele>
        <time>2026-08-22T23:57:10.677Z</time>
      </trkpt>
      <trkpt lat="48.776270" lon="2.129881">
        <ele>109.723895</ele>
        <time>2026-08-22T23:57:16.427Z</time>
      </trkpt>
      <trkpt lat="48.776186" lon="2.129990">
        <ele>110.075482</ele>
        <time>2026-08-22T23:57:19.457Z</time>
      </trkpt>
      <trkpt lat="48.775993" lon="2.130360">
        <ele>111.064703</ele>
        <time>2026-08-22T23:57:28.774Z</time>
      </trkpt>
      <trkpt lat="48.775944" lon="2.130346">
        <ele>111.223314</ele>
        <time>2026-08-22T23:57:30.185Z</time>
      </trkpt>
      <trkpt lat="48.775919" lon="2.130381">
        <ele>111.331518</ele>
        <time>2026-08-22T23:57:31.221Z</time>
      </trkpt>
      <trkpt lat="48.775916" lon="2.130430">
        <ele>111.434681</ele>
        <time>2026-08-22T23:57:32.309Z</time>
      </trkpt>
      <trkpt lat="48.775954" lon="2.130484">
        <ele>111.600292</ele>
        <time>2026-08-22T23:57:34.024Z</time>
      </trkpt>
      <trkpt lat="48.775903" lon="2.130692">
        <ele>112.065535</ele>
        <time>2026-08-22T23:57:38.930Z</time>
      </trkpt>
      <trkpt lat="48.775250" lon="2.132852">
        <ele>115.780857</ele>
        <time>2026-08-22T23:58:36.498Z</time>
      </trkpt>
      <trkpt lat="48.775049" lon="2.133273">
        <ele>116.169984</ele>
        <time>2026-08-22T23:58:45.166Z</time>
      </trkpt>
      <trkpt lat="48.774945" lon="2.133400">
        <ele>116.321607</ele>
        <time>2026-08-22T23:58:48.009Z</time>
      </trkpt>
      <trkpt lat="48.774736" lon="2.133566">
        <ele>116.589541</ele>
        <time>2026-08-22T23:58:52.057Z</time>
      </trkpt>
      <trkpt lat="48.774717" lon="2.133831">
        <ele>116.789067</ele>
        <time>2026-08-22T23:58:54.700Z</time>
      </trkpt>
      <trkpt lat="48.774716" lon="2.133984">
        <ele>116.903595</ele>
        <time>2026-08-22T23:58:56.096Z</time>
      </trkpt>
      <trkpt lat="48.774716" lon="2.134135">
        <ele>117.016620</ele>
        <time>2026-08-22T23:58:57.427Z</time>
      </trkpt>
      <trkpt lat="48.774694" lon="2.134785">
        <ele>115.668903</ele>
        <time>2026-08-22T23:59:02.791Z</time>
      </trkpt>
      <trkpt lat="48.774582" lon="2.135020">
        <ele>114.847052</ele>
        <time>2026-08-22T23:59:05.101Z</time>
      </trkpt>
      <trkpt lat="48.774253" lon="2.135334">
        <ele>113.175753</ele>
        <time>2026-08-22T23:59:09.725Z</time>
      </trkpt>
      <trkpt lat="48.774009" lon="2.135774">
        <ele>111.546144</ele>
        <time>2026-08-22T23:59:14.124Z</time>
      </trkpt>
      <trkpt lat="48.773635" lon="2.136726">
        <ele>108.697541</ele>
        <time>2026-08-22T23:59:22.521Z</time>
      </trkpt>
      <trkpt lat="48.773440" lon="2.137332">
        <ele>107.355843</ele>
        <time>2026-08-22T23:59:27.807Z</time>
      </trkpt>
      <trkpt lat="48.773249" lon="2.138188">
        <ele>105.557831</ele>
        <time>2026-08-22T23:59:35.399Z</time>
      </trkpt>
      <trkpt lat="48.772533" lon="2.139984">
        <ele>103.447767</ele>
        <time>2026-08-22T23:59:56.496Z</time>
      </trkpt>
      <trkpt lat="48.772351" lon="2.140315">
        <ele>103.278373</ele>
        <time>2026-08-23T00:00:01.123Z</time>
      </trkpt>
      <trkpt lat="48.771698" lon="2.141019">
        <ele>102.861139</ele>
        <time>2026-08-23T00:00:14.180Z</time>
      </trkpt>
      <trkpt lat="48.771677" lon="2.141041">
        <ele>102.856983</ele>
        <time>2026-08-23T00:00:14.596Z</time>
      </trkpt>
      <trkpt lat="48.771313" lon="2.141456">
        <ele>102.782841</ele>
        <time>2026-08-23T00:00:22.134Z</time>
      </trkpt>
      <trkpt lat="48.771180" lon="2.141759">
        <ele>102.743770</ele>
        <time>2026-08-23T00:00:26.213Z</time>
      </trkpt>
      <trkpt lat="48.770934" lon="2.143144">
        <ele>102.586476</ele>
        <time>2026-08-23T00:00:42.792Z</time>
      </trkpt>
      <trkpt lat="48.770873" lon="2.143365">
        <ele>102.483404</ele>
        <time>2026-08-23T00:00:45.434Z</time>
      </trkpt>
      <trkpt lat="48.770779" lon="2.143636">
        <ele>102.351663</ele>
        <time>2026-08-23T00:00:48.491Z</time>
      </trkpt>
      <trkpt lat="48.770316" lon="2.144676">
        <ele>101.811761</ele>
        <time>2026-08-23T00:01:00.164Z</time>
      </trkpt>
      <trkpt lat="48.770228" lon="2.145024">
        <ele>101.651413</ele>
        <time>2026-08-23T00:01:03.830Z</time>
      </trkpt>
      <trkpt lat="48.770193" lon="2.145448">
        <ele>101.467586</ele>
        <time>2026-08-23T00:01:08.327Z</time>
      </trkpt>
      <trkpt lat="48.770165" lon="2.145604">
        <ele>101.501466</ele>
        <time>2026-08-23T00:01:10.217Z</time>
      </trkpt>
      <trkpt lat="48.770139" lon="2.145637">
        <ele>101.600417</ele>
        <time>2026-08-23T00:01:10.784Z</time>
      </trkpt>
      <trkpt lat="48.770227" lon="2.145808">
        <ele>102.017819</ele>
        <time>2026-08-23T00:01:13.536Z</time>
      </trkpt>
      <trkpt lat="48.770577" lon="2.146453">
        <ele>103.625227</ele>
        <time>2026-08-23T00:01:27.098Z</time>
      </trkpt>
      <trkpt lat="48.770590" lon="2.146477">
        <ele>103.684994</ele>
        <time>2026-08-23T00:01:27.718Z</time>
      </trkpt>
      <trkpt lat="48.770731" lon="2.146726">
        <ele>104.316583</ele>
        <time>2026-08-23T00:01:34.973Z</time>
      </trkpt>
      <trkpt lat="48.770831" lon="2.146899">
        <ele>104.759293</ele>
        <time>2026-08-23T00:01:40.552Z</time>
      </trkpt>
      <trkpt lat="48.770935" lon="2.147081">
        <ele>105.222727</ele>
        <time>2026-08-23T00:01:46.692Z</time>
      </trkpt>
      <trkpt lat="48.771031" lon="2.147232">
        <ele>105.626370</ele>
        <time>2026-08-23T00:01:52.093Z</time>
      </trkpt>
      <trkpt lat="48.771021" lon="2.147324">
        <ele>105.805760</ele>
        <time>2026-08-23T00:01:54.508Z</time>
      </trkpt>
      <trkpt lat="48.771121" lon="2.147332">
        <ele>106.098077</ele>
        <time>2026-08-23T00:01:58.514Z</time>
      </trkpt>
      <trkpt lat="48.771162" lon="2.147374">
        <ele>106.242484</ele>
        <time>2026-08-23T00:02:00.417Z</time>
      </trkpt>
      <trkpt lat="48.771171" lon="2.147314">
        <ele>106.360869</ele>
        <time>2026-08-23T00:02:01.965Z</time>
      </trkpt>
      <trkpt lat="48.771178" lon="2.147287">
        <ele>106.416689</ele>
        <time>2026-08-23T00:02:02.684Z</time>
      </trkpt>
      <trkpt lat="48.771181" lon="2.147268">
        <ele>106.454277</ele>
        <time>2026-08-23T00:02:03.185Z</time>
      </trkpt>
      <trkpt lat="48.771247" lon="2.147300">
        <ele>106.656536</ele>
        <time>2026-08-23T00:02:05.922Z</time>
      </trkpt>
      <trkpt lat="48.771260" lon="2.147288">
        <ele>106.721252</ele>
        <time>2026-08-23T00:02:06.481Z</time>
      </trkpt>
      <trkpt lat="48.771465" lon="2.147384">
        <ele>107.726097</ele>
        <time>2026-08-23T00:02:14.744Z</time>
      </trkpt>
      <trkpt lat="48.771779" lon="2.147613">
        <ele>109.357837</ele>
        <time>2026-08-23T00:02:28.309Z</time>
      </trkpt>
      <trkpt lat="48.771808" lon="2.147672">
        <ele>109.585032</ele>
        <time>2026-08-23T00:02:30.170Z</time>
      </trkpt>
      <trkpt lat="48.772620" lon="2.148339">
        <ele>113.909727</ele>
        <time>2026-08-23T00:03:05.784Z</time>
      </trkpt>
      <trkpt lat="48.773305" lon="2.149066">
        <ele>116.805010</ele>
        <time>2026-08-23T00:03:36.345Z</time>
      </trkpt>
      <trkpt lat="48.779838" lon="2.155879">
        <ele>141.954403</ele>
        <time>2026-08-23T00:07:31.879Z</time>
      </trkpt>
      <trkpt lat="48.779821" lon="2.155938">
        <ele>142.139476</ele>
        <time>2026-08-23T00:07:34.119Z</time>
      </trkpt>
      <trkpt lat="48.779890" lon="2.155995">
        <ele>142.482125</ele>
        <time>2026-08-23T00:07:37.424Z</time>
      </trkpt>
      <trkpt lat="48.779706" lon="2.157389">
        <ele>149.580142</ele>
        <time>2026-08-23T00:08:43.427Z</time>
      </trkpt>
      <trkpt lat="48.779688" lon="2.157530">
        <ele>150.488469</ele>
        <time>2026-08-23T00:08:51.317Z</time>
      </trkpt>
      <trkpt lat="48.779468" lon="2.159192">
        <ele>161.209706</ele>
        <time>2026-08-23T00:10:22.021Z</time>
      </trkpt>
      <trkpt lat="48.779431" lon="2.159677">
        <ele>163.232625</ele>
        <time>2026-08-23T00:10:46.776Z</time>
      </trkpt>
      <trkpt lat="48.779183" lon="2.161484">
        <ele>170.728196</ele>
        <time>2026-08-23T00:11:58.458Z</time>
      </trkpt>
      <trkpt lat="48.778945" lon="2.163271">
        <ele>173.638054</ele>
        <time>2026-08-23T00:12:47.294Z</time>
      </trkpt>
      <trkpt lat="48.778888" lon="2.163534">
        <ele>173.879909</ele>
        <time>2026-08-23T00:12:53.231Z</time>
      </trkpt>
      <trkpt lat="48.778630" lon="2.164397">
        <ele>174.707754</ele>
        <time>2026-08-23T00:13:13.174Z</time>
      </trkpt>
      <trkpt lat="48.779309" lon="2.164659">
        <ele>175.322848</ele>
        <time>2026-08-23T00:13:27.973Z</time>
      </trkpt>
      <trkpt lat="48.780732" lon="2.165198">
        <ele>176.468999</ele>
        <time>2026-08-23T00:14:04.809Z</time>
      </trkpt>
      <trkpt lat="48.780860" lon="2.165179">
        <ele>176.543895</ele>
        <time>2026-08-23T00:14:08.029Z</time>
      </trkpt>
      <trkpt lat="48.780959" lon="2.165149">
        <ele>176.602686</ele>
        <time>2026-08-23T00:14:10.575Z</time>
      </trkpt>
      <trkpt lat="48.781160" lon="2.164567">
        <ele>176.854831</ele>
        <time>2026-08-23T00:14:21.027Z</time>
      </trkpt>
      <trkpt lat="48.781223" lon="2.164470">
        <ele>176.907095</ele>
        <time>2026-08-23T00:14:23.119Z</time>
      </trkpt>
      <trkpt lat="48.781357" lon="2.164369">
        <ele>176.994223</ele>
        <time>2026-08-23T00:14:26.613Z</time>
      </trkpt>
      <trkpt lat="48.781776" lon="2.164433">
        <ele>177.239459</ele>
        <time>2026-08-23T00:14:41.759Z</time>
      </trkpt>
      <trkpt lat="48.782142" lon="2.164537">
        <ele>177.184041</ele>
        <time>2026-08-23T00:14:53.638Z</time>
      </trkpt>
      <trkpt lat="48.782339" lon="2.164600">
        <ele>177.030858</ele>
        <time>2026-08-23T00:14:59.809Z</time>
      </trkpt>
      <trkpt lat="48.782637" lon="2.164700">
        <ele>176.798642</ele>
        <time>2026-08-23T00:15:09.019Z</time>
      </trkpt>
      <trkpt lat="48.782720" lon="2.163445">
        <ele>176.166286</ele>
        <time>2026-08-23T00:15:23.208Z</time>
      </trkpt>
      <trkpt lat="48.782802" lon="2.163100">
        <ele>175.982412</ele>
        <time>2026-08-23T00:15:27.560Z</time>
      </trkpt>
      <trkpt lat="48.782941" lon="2.162635">
        <ele>175.808821</ele>
        <time>2026-08-23T00:15:33.514Z</time>
      </trkpt>
      <trkpt lat="48.782955" lon="2.162589">
        <ele>175.792021</ele>
        <time>2026-08-23T00:15:34.128Z</time>
      </trkpt>
      <trkpt lat="48.783083" lon="2.162742">
        <ele>175.710036</ele>
        <time>2026-08-23T00:15:39.513Z</time>
      </trkpt>
      <trkpt lat="48.783315" lon="2.163021">
        <ele>175.561091</ele>
        <time>2026-08-23T00:15:49.490Z</time>
      </trkpt>
      <trkpt lat="48.783619" lon="2.163328">
        <ele>175.377354</ele>
        <time>2026-08-23T00:16:02.154Z</time>
      </trkpt>
      <trkpt lat="48.784591" lon="2.163964">
        <ele>174.138496</ele>
        <time>2026-08-23T00:16:35.146Z</time>
      </trkpt>
      <trkpt lat="48.785167" lon="2.164341">
        <ele>172.809340</ele>
        <time>2026-08-23T00:16:53.471Z</time>
      </trkpt>
      <trkpt lat="48.785392" lon="2.164425">
        <ele>172.318370</ele>
        <time>2026-08-23T00:16:59.978Z</time>
      </trkpt>
      <trkpt lat="48.785534" lon="2.164449">
        <ele>172.015623</ele>
        <time>2026-08-23T00:17:03.924Z</time>
      </trkpt>
      <trkpt lat="48.785846" lon="2.164406">
        <ele>171.351799</ele>
        <time>2026-08-23T00:17:12.567Z</time>
      </trkpt>
      <trkpt lat="48.786018" lon="2.164434">
        <ele>171.037070</ele>
        <time>2026-08-23T00:17:17.371Z</time>
      </trkpt>
      <trkpt lat="48.786232" lon="2.164627">
        <ele>170.611494</ele>
        <time>2026-08-23T00:17:21.179Z</time>
      </trkpt>
      <trkpt lat="48.786620" lon="2.164863">
        <ele>169.896878</ele>
        <time>2026-08-23T00:17:27.761Z</time>
      </trkpt>
      <trkpt lat="48.786748" lon="2.165217">
        <ele>169.442030</ele>
        <time>2026-08-23T00:17:31.993Z</time>
      </trkpt>
      <trkpt lat="48.787059" lon="2.166397">
        <ele>168.175764</ele>
        <time>2026-08-23T00:17:46.345Z</time>
      </trkpt>
      <trkpt lat="48.787151" lon="2.166547">
        <ele>168.171998</ele>
        <time>2026-08-23T00:17:49.927Z</time>
      </trkpt>
      <trkpt lat="48.787478" lon="2.166775">
        <ele>168.161959</ele>
        <time>2026-08-23T00:18:00.529Z</time>
      </trkpt>
      <trkpt lat="48.787551" lon="2.166891">
        <ele>168.159011</ele>
        <time>2026-08-23T00:18:03.848Z</time>
      </trkpt>
      <trkpt lat="48.787659" lon="2.167448">
        <ele>168.148339</ele>
        <time>2026-08-23T00:18:13.447Z</time>
      </trkpt>
      <trkpt lat="48.787937" lon="2.168173">
        <ele>168.132922</ele>
        <time>2026-08-23T00:18:23.192Z</time>
      </trkpt>
      <trkpt lat="48.788078" lon="2.168316">
        <ele>168.116762</ele>
        <time>2026-08-23T00:18:26.131Z</time>
      </trkpt>
      <trkpt lat="48.788156" lon="2.168357">
        <ele>167.925916</ele>
        <time>2026-08-23T00:18:27.498Z</time>
      </trkpt>
      <trkpt lat="48.788274" lon="2.168363">
        <ele>167.652945</ele>
        <time>2026-08-23T00:18:29.419Z</time>
      </trkpt>
      <trkpt lat="48.788491" lon="2.168271">
        <ele>167.132032</ele>
        <time>2026-08-23T00:18:32.960Z</time>
      </trkpt>
      <trkpt lat="48.788606" lon="2.168140">
        <ele>166.799599</ele>
        <time>2026-08-23T00:18:35.123Z</time>
      </trkpt>
      <trkpt lat="48.788701" lon="2.168032">
        <ele>166.525179</ele>
        <time>2026-08-23T00:18:36.848Z</time>
      </trkpt>
      <trkpt lat="48.788810" lon="2.167882">
        <ele>166.185010</ele>
        <time>2026-08-23T00:18:38.963Z</time>
      </trkpt>
      <trkpt lat="48.789119" lon="2.167630">
        <ele>165.374003</ele>
        <time>2026-08-23T00:18:43.889Z</time>
      </trkpt>
      <trkpt lat="48.789729" lon="2.167480">
        <ele>163.987867</ele>
        <time>2026-08-23T00:18:53.815Z</time>
      </trkpt>
      <trkpt lat="48.790088" lon="2.167599">
        <ele>164.611875</ele>
        <time>2026-08-23T00:19:02.478Z</time>
      </trkpt>
      <trkpt lat="48.790326" lon="2.167730">
        <ele>165.041790</ele>
        <time>2026-08-23T00:19:09.475Z</time>
      </trkpt>
      <trkpt lat="48.790646" lon="2.168010">
        <ele>165.669026</ele>
        <time>2026-08-23T00:19:20.768Z</time>
      </trkpt>
      <trkpt lat="48.791084" lon="2.168597">
        <ele>166.661248</ele>
        <time>2026-08-23T00:19:40.486Z</time>
      </trkpt>
      <trkpt lat="48.791430" lon="2.170090">
        <ele>168.739071</ele>
        <time>2026-08-23T00:20:27.200Z</time>
      </trkpt>
      <trkpt lat="48.791016" lon="2.171689">
        <ele>170.949796</ele>
        <time>2026-08-23T00:21:13.942Z</time>
      </trkpt>
      <trkpt lat="48.790756" lon="2.172774">
        <ele>171.909742</ele>
        <time>2026-08-23T00:21:44.391Z</time>
      </trkpt>
      <trkpt lat="48.790549" lon="2.173667">
        <ele>172.696849</ele>
        <time>2026-08-23T00:22:08.460Z</time>
      </trkpt>
      <trkpt lat="48.790331" lon="2.174589">
        <ele>173.071395</ele>
        <time>2026-08-23T00:22:33.126Z</time>
      </trkpt>
      <trkpt lat="48.790086" lon="2.174836">
        <ele>173.113485</ele>
        <time>2026-08-23T00:22:39.458Z</time>
      </trkpt>
      <trkpt lat="48.789778" lon="2.175174">
        <ele>173.167874</ele>
        <time>2026-08-23T00:22:46.978Z</time>
      </trkpt>
      <trkpt lat="48.789624" lon="2.175333">
        <ele>173.194527</ele>
        <time>2026-08-23T00:22:50.448Z</time>
      </trkpt>
      <trkpt lat="48.789522" lon="2.175639">
        <ele>173.226859</ele>
        <time>2026-08-23T00:22:54.554Z</time>
      </trkpt>
      <trkpt lat="48.788423" lon="2.178754">
        <ele>172.531874</ele>
        <time>2026-08-23T00:23:35.384Z</time>
      </trkpt>
      <trkpt lat="48.788381" lon="2.178944">
        <ele>172.662814</ele>
        <time>2026-08-23T00:23:38.263Z</time>
      </trkpt>
      <trkpt lat="48.788441" lon="2.178949">
        <ele>172.722405</ele>
        <time>2026-08-23T00:23:39.486Z</time>
      </trkpt>
      <trkpt lat="48.788461" lon="2.179001">
        <ele>172.761745</ele>
        <time>2026-08-23T00:23:40.251Z</time>
      </trkpt>
      <trkpt lat="48.788451" lon="2.179014">
        <ele>172.774802</ele>
        <time>2026-08-23T00:23:40.514Z</time>
      </trkpt>
      <trkpt lat="48.788440" lon="2.179090">
        <ele>172.825642</ele>
        <time>2026-08-23T00:23:41.600Z</time>
      </trkpt>
      <trkpt lat="48.788420" lon="2.179225">
        <ele>172.916048</ele>
        <time>2026-08-23T00:23:43.470Z</time>
      </trkpt>
      <trkpt lat="48.788377" lon="2.179450">
        <ele>173.069115</ele>
        <time>2026-08-23T00:23:46.794Z</time>
      </trkpt>
      <trkpt lat="48.788355" lon="2.179624">
        <ele>173.184875</ele>
        <time>2026-08-23T00:23:49.445Z</time>
      </trkpt>
      <trkpt lat="48.788363" lon="2.179695">
        <ele>173.231938</ele>
        <time>2026-08-23T00:23:50.481Z</time>
      </trkpt>
      <trkpt lat="48.788304" lon="2.179752">
        <ele>173.301294</ele>
        <time>2026-08-23T00:23:52.147Z</time>
      </trkpt>
      <trkpt lat="48.788239" lon="2.179900">
        <ele>173.417508</ele>
        <time>2026-08-23T00:23:54.909Z</time>
      </trkpt>
      <trkpt lat="48.788144" lon="2.180193">
        <ele>173.630870</ele>
        <time>2026-08-23T00:24:00.177Z</time>
      </trkpt>
      <trkpt lat="48.788045" lon="2.180554">
        <ele>173.886353</ele>
        <time>2026-08-23T00:24:06.475Z</time>
      </trkpt>
      <trkpt lat="48.788018" lon="2.180738">
        <ele>174.009519</ele>
        <time>2026-08-23T00:24:09.583Z</time>
      </trkpt>
      <trkpt lat="48.787898" lon="2.181550">
        <ele>174.546120</ele>
        <time>2026-08-23T00:24:23.771Z</time>
      </trkpt>
      <trkpt lat="48.787776" lon="2.182381">
        <ele>175.093515</ele>
        <time>2026-08-23T00:24:36.863Z</time>
      </trkpt>
      <trkpt lat="48.787708" lon="2.182831">
        <ele>175.390355</ele>
        <time>2026-08-23T00:24:43.299Z</time>
      </trkpt>
      <trkpt lat="48.787669" lon="2.183074">
        <ele>175.551161</ele>
        <time>2026-08-23T00:24:46.585Z</time>
      </trkpt>
      <trkpt lat="48.787752" lon="2.183216">
        <ele>175.673210</ele>
        <time>2026-08-23T00:24:51.022Z</time>
      </trkpt>
      <trkpt lat="48.788688" lon="2.185485">
        <ele>174.156412</ele>
        <time>2026-08-23T00:25:47.322Z</time>
      </trkpt>
      <trkpt lat="48.788811" lon="2.185819">
        <ele>173.753281</ele>
        <time>2026-08-23T00:25:54.570Z</time>
      </trkpt>
      <trkpt lat="48.789027" lon="2.186298">
        <ele>171.231468</ele>
        <time>2026-08-23T00:26:05.286Z</time>
      </trkpt>
      <trkpt lat="48.789581" lon="2.187629">
        <ele>164.391584</ele>
        <time>2026-08-23T00:26:31.031Z</time>
      </trkpt>
      <trkpt lat="48.791075" lon="2.191313">
        <ele>136.617452</ele>
        <time>2026-08-23T00:27:34.702Z</time>
      </trkpt>
      <trkpt lat="48.791520" lon="2.192420">
        <ele>131.294959</ele>
        <time>2026-08-23T00:27:56.537Z</time>
      </trkpt>
      <trkpt lat="48.791106" lon="2.194238">
        <ele>132.029248</ele>
        <time>2026-08-23T00:28:54.246Z</time>
      </trkpt>
      <trkpt lat="48.790999" lon="2.194699">
        <ele>132.750464</ele>
        <time>2026-08-23T00:29:11.381Z</time>
      </trkpt>
      <trkpt lat="48.789717" lon="2.200107">
        <ele>138.160804</ele>
        <time>2026-08-23T00:31:32.332Z</time>
      </trkpt>
      <trkpt lat="48.787578" lon="2.202853">
        <ele>145.886550</ele>
        <time>2026-08-23T00:33:28.424Z</time>
      </trkpt>
      <trkpt lat="48.787032" lon="2.203478">
        <ele>149.890423</ele>
        <time>2026-08-23T00:34:15.452Z</time>
      </trkpt>
      <trkpt lat="48.786754" lon="2.204118">
        <ele>153.150451</ele>
        <time>2026-08-23T00:34:55.511Z</time>
      </trkpt>
      <trkpt lat="48.786693" lon="2.204190">
        <ele>153.790862</ele>
        <time>2026-08-23T00:35:01.942Z</time>
      </trkpt>
      <trkpt lat="48.786678" lon="2.204195">
        <ele>153.918137</ele>
        <time>2026-08-23T00:35:03.166Z</time>
      </trkpt>
      <trkpt lat="48.786586" lon="2.204223">
        <ele>154.695761</ele>
        <time>2026-08-23T00:35:10.776Z</time>
      </trkpt>
      <trkpt lat="48.786449" lon="2.204177">
        <ele>155.858595</ele>
        <time>2026-08-23T00:35:21.893Z</time>
      </trkpt>
      <trkpt lat="48.786311" lon="2.204317">
        <ele>157.234226</ele>
        <time>2026-08-23T00:35:34.781Z</time>
      </trkpt>
      <trkpt lat="48.786218" lon="2.204486">
        <ele>158.436554</ele>
        <time>2026-08-23T00:35:45.776Z</time>
      </trkpt>
      <trkpt lat="48.786141" lon="2.204719">
        <ele>159.859887</ele>
        <time>2026-08-23T00:35:58.458Z</time>
      </trkpt>
      <trkpt lat="48.786011" lon="2.204928">
        <ele>161.429316</ele>
        <time>2026-08-23T00:36:12.124Z</time>
      </trkpt>
      <trkpt lat="48.785828" lon="2.205025">
        <ele>163.035750</ele>
        <time>2026-08-23T00:36:25.652Z</time>
      </trkpt>
      <trkpt lat="48.785595" lon="2.205215">
        <ele>165.227791</ele>
        <time>2026-08-23T00:36:43.496Z</time>
      </trkpt>
      <trkpt lat="48.785494" lon="2.205414">
        <ele>166.599427</ele>
        <time>2026-08-23T00:36:54.003Z</time>
      </trkpt>
      <trkpt lat="48.785394" lon="2.205751">
        <ele>167.501945</ele>
        <time>2026-08-23T00:37:08.483Z</time>
      </trkpt>
      <trkpt lat="48.785246" lon="2.206127">
        <ele>168.218847</ele>
        <time>2026-08-23T00:37:23.988Z</time>
      </trkpt>
      <trkpt lat="48.785158" lon="2.206563">
        <ele>168.965234</ele>
        <time>2026-08-23T00:37:38.305Z</time>
      </trkpt>
      <trkpt lat="48.785800" lon="2.207057">
        <ele>170.753374</ele>
        <time>2026-08-23T00:37:54.129Z</time>
      </trkpt>
      <trkpt lat="48.786030" lon="2.207259">
        <ele>171.413515</ele>
        <time>2026-08-23T00:37:58.544Z</time>
      </trkpt>
      <trkpt lat="48.786268" lon="2.207454">
        <ele>171.553380</ele>
        <time>2026-08-23T00:38:03.430Z</time>
      </trkpt>
      <trkpt lat="48.786623" lon="2.207766">
        <ele>171.657858</ele>
        <time>2026-08-23T00:38:11.180Z</time>
      </trkpt>
      <trkpt lat="48.787204" lon="2.208251">
        <ele>171.826736</ele>
        <time>2026-08-23T00:38:25.195Z</time>
      </trkpt>
      <trkpt lat="48.787647" lon="2.208600">
        <ele>171.947872</ele>
        <time>2026-08-23T00:38:36.554Z</time>
      </trkpt>
      <trkpt lat="48.791205" lon="2.211593">
        <ele>170.197283</ele>
        <time>2026-08-23T00:39:50.656Z</time>
      </trkpt>
      <trkpt lat="48.791862" lon="2.211175">
        <ele>169.306592</ele>
        <time>2026-08-23T00:40:00.289Z</time>
      </trkpt>
      <trkpt lat="48.791899" lon="2.211152">
        <ele>169.256602</ele>
        <time>2026-08-23T00:40:00.833Z</time>
      </trkpt>
      <trkpt lat="48.791945" lon="2.211121">
        <ele>169.193675</ele>
        <time>2026-08-23T00:40:01.514Z</time>
      </trkpt>
      <trkpt lat="48.791961" lon="2.211111">
        <ele>169.172040</ele>
        <time>2026-08-23T00:40:01.741Z</time>
      </trkpt>
      <trkpt lat="48.792016" lon="2.211153">
        <ele>169.095062</ele>
        <time>2026-08-23T00:40:03.595Z</time>
      </trkpt>
      <trkpt lat="48.792282" lon="2.211221">
        <ele>168.757797</ele>
        <time>2026-08-23T00:40:11.577Z</time>
      </trkpt>
      <trkpt lat="48.792429" lon="2.211169">
        <ele>168.569077</ele>
        <time>2026-08-23T00:40:16.144Z</time>
      </trkpt>
      <trkpt lat="48.792851" lon="2.211120">
        <ele>168.628136</ele>
        <time>2026-08-23T00:40:29.690Z</time>
      </trkpt>
      <trkpt lat="48.792975" lon="2.211069">
        <ele>168.651900</ele>
        <time>2026-08-23T00:40:34.190Z</time>
      </trkpt>
      <trkpt lat="48.793337" lon="2.211094">
        <ele>168.718930</ele>
        <time>2026-08-23T00:40:47.894Z</time>
      </trkpt>
      <trkpt lat="48.793457" lon="2.211050">
        <ele>168.741766</ele>
        <time>2026-08-23T00:40:52.368Z</time>
      </trkpt>
      <trkpt lat="48.793822" lon="2.211028">
        <ele>168.809335</ele>
        <time>2026-08-23T00:41:05.522Z</time>
      </trkpt>
      <trkpt lat="48.793822" lon="2.210946">
        <ele>168.819328</ele>
        <time>2026-08-23T00:41:06.514Z</time>
      </trkpt>
      <trkpt lat="48.794241" lon="2.210922">
        <ele>168.932346</ele>
        <time>2026-08-23T00:41:21.869Z</time>
      </trkpt>
      <trkpt lat="48.794522" lon="2.211010">
        <ele>169.144148</ele>
        <time>2026-08-23T00:41:32.532Z</time>
      </trkpt>
      <trkpt lat="48.795495" lon="2.211992">
        <ele>170.006673</ele>
        <time>2026-08-23T00:42:16.578Z</time>
      </trkpt>
      <trkpt lat="48.795557" lon="2.211881">
        <ele>170.077442</ele>
        <time>2026-08-23T00:42:20.057Z</time>
      </trkpt>
      <trkpt lat="48.795795" lon="2.211796">
        <ele>170.233907</ele>
        <time>2026-08-23T00:42:29.045Z</time>
      </trkpt>
      <trkpt lat="48.796159" lon="2.212146">
        <ele>170.382718</ele>
        <time>2026-08-23T00:42:37.152Z</time>
      </trkpt>
      <trkpt lat="48.796426" lon="2.212404">
        <ele>170.492028</ele>
        <time>2026-08-23T00:42:47.894Z</time>
      </trkpt>
      <trkpt lat="48.796509" lon="2.212323">
        <ele>170.526107</ele>
        <time>2026-08-23T00:42:49.779Z</time>
      </trkpt>
      <trkpt lat="48.797571" lon="2.211456">
        <ele>171.281561</ele>
        <time>2026-08-23T00:43:15.144Z</time>
      </trkpt>
      <trkpt lat="48.797920" lon="2.211296">
        <ele>171.800578</ele>
        <time>2026-08-23T00:43:24.279Z</time>
      </trkpt>
      <trkpt lat="48.798325" lon="2.210831">
        <ele>172.523489</ele>
        <time>2026-08-23T00:43:38.565Z</time>
      </trkpt>
      <trkpt lat="48.798708" lon="2.212015">
        <ele>173.261603</ele>
        <time>2026-08-23T00:44:14.764Z</time>
      </trkpt>
      <trkpt lat="48.798961" lon="2.212793">
        <ele>172.965750</ele>
        <time>2026-08-23T00:44:34.978Z</time>
      </trkpt>
      <trkpt lat="48.799201" lon="2.213549">
        <ele>172.679591</ele>
        <time>2026-08-23T00:44:51.345Z</time>
      </trkpt>
      <trkpt lat="48.798787" lon="2.214682">
        <ele>170.742189</ele>
        <time>2026-08-23T00:45:14.713Z</time>
      </trkpt>
      <trkpt lat="48.798279" lon="2.215884">
        <ele>167.028978</ele>
        <time>2026-08-23T00:45:25.950Z</time>
      </trkpt>
      <trkpt lat="48.798214" lon="2.216379">
        <ele>165.716624</ele>
        <time>2026-08-23T00:45:29.873Z</time>
      </trkpt>
      <trkpt lat="48.798188" lon="2.216794">
        <ele>164.987190</ele>
        <time>2026-08-23T00:45:33.123Z</time>
      </trkpt>
      <trkpt lat="48.798037" lon="2.218565">
        <ele>162.594779</ele>
        <time>2026-08-23T00:45:48.019Z</time>
      </trkpt>
      <trkpt lat="48.798226" lon="2.218738">
        <ele>162.145921</ele>
        <time>2026-08-23T00:45:52.236Z</time>
      </trkpt>
      <trkpt lat="48.798434" lon="2.218875">
        <ele>161.742334</ele>
        <time>2026-08-23T00:45:57.751Z</time>
      </trkpt>
      <trkpt lat="48.798675" lon="2.219012">
        <ele>162.648751</ele>
        <time>2026-08-23T00:46:08.774Z</time>
      </trkpt>
      <trkpt lat="48.798893" lon="2.219200">
        <ele>163.531837</ele>
        <time>2026-08-23T00:46:21.006Z</time>
      </trkpt>
      <trkpt lat="48.799165" lon="2.219387">
        <ele>164.583544</ele>
        <time>2026-08-23T00:46:36.800Z</time>
      </trkpt>
      <trkpt lat="48.799871" lon="2.219883">
        <ele>167.323598</ele>
        <time>2026-08-23T00:47:19.659Z</time>
      </trkpt>
      <trkpt lat="48.801443" lon="2.220717">
        <ele>171.109286</ele>
        <time>2026-08-23T00:48:30.884Z</time>
      </trkpt>
      <trkpt lat="48.801727" lon="2.220948">
        <ele>171.785667</ele>
        <time>2026-08-23T00:48:42.065Z</time>
      </trkpt>
      <trkpt lat="48.802938" lon="2.220051">
        <ele>171.223599</ele>
        <time>2026-08-23T00:49:26.116Z</time>
      </trkpt>
      <trkpt lat="48.803150" lon="2.219891">
        <ele>171.118164</ele>
        <time>2026-08-23T00:49:33.435Z</time>
      </trkpt>
      <trkpt lat="48.803624" lon="2.219538">
        <ele>170.717391</ele>
        <time>2026-08-23T00:49:49.384Z</time>
      </trkpt>
      <trkpt lat="48.803692" lon="2.219473">
        <ele>170.637021</ele>
        <time>2026-08-23T00:49:51.797Z</time>
      </trkpt>
      <trkpt lat="48.804478" lon="2.220246">
        <ele>169.700360</ele>
        <time>2026-08-23T00:50:05.276Z</time>
      </trkpt>
      <trkpt lat="48.806643" lon="2.222353">
        <ele>168.359243</ele>
        <time>2026-08-23T00:50:47.404Z</time>
      </trkpt>
      <trkpt lat="48.806974" lon="2.222650">
        <ele>167.984465</ele>
        <time>2026-08-23T00:50:53.351Z</time>
      </trkpt>
      <trkpt lat="48.808227" lon="2.223867">
        <ele>166.440889</ele>
        <time>2026-08-23T00:51:14.759Z</time>
      </trkpt>
      <trkpt lat="48.809369" lon="2.224940">
        <ele>164.785178</ele>
        <time>2026-08-23T00:51:34.154Z</time>
      </trkpt>
      <trkpt lat="48.809766" lon="2.225337">
        <ele>164.304899</ele>
        <time>2026-08-23T00:51:41.386Z</time>
      </trkpt>
      <trkpt lat="48.809813" lon="2.225414">
        <ele>164.238773</ele>
        <time>2026-08-23T00:51:42.458Z</time>
      </trkpt>
      <trkpt lat="48.809840" lon="2.225497">
        <ele>164.180466</ele>
        <time>2026-08-23T00:51:43.404Z</time>
      </trkpt>
      <trkpt lat="48.809909" lon="2.226155">
        <ele>163.760806</ele>
        <time>2026-08-23T00:51:50.338Z</time>
      </trkpt>
      <trkpt lat="48.810006" lon="2.227148">
        <ele>163.128528</ele>
        <time>2026-08-23T00:52:00.542Z</time>
      </trkpt>
      <trkpt lat="48.810058" lon="2.227658">
        <ele>162.378764</ele>
        <time>2026-08-23T00:52:05.498Z</time>
      </trkpt>
      <trkpt lat="48.810069" lon="2.227761">
        <ele>162.123303</ele>
        <time>2026-08-23T00:52:06.455Z</time>
      </trkpt>
      <trkpt lat="48.810080" lon="2.227879">
        <ele>161.831532</ele>
        <time>2026-08-23T00:52:07.527Z</time>
      </trkpt>
      <trkpt lat="48.810215" lon="2.229188">
        <ele>158.587752</ele>
        <time>2026-08-23T00:52:18.394Z</time>
      </trkpt>
      <trkpt lat="48.810305" lon="2.230068">
        <ele>156.407497</ele>
        <time>2026-08-23T00:52:25.164Z</time>
      </trkpt>
      <trkpt lat="48.810348" lon="2.230233">
        <ele>155.791328</ele>
        <time>2026-08-23T00:52:26.498Z</time>
      </trkpt>
      <trkpt lat="48.810381" lon="2.230260">
        <ele>155.564935</ele>
        <time>2026-08-23T00:52:26.922Z</time>
      </trkpt>
      <trkpt lat="48.811850" lon="2.230096">
        <ele>146.668981</ele>
        <time>2026-08-23T00:52:43.534Z</time>
      </trkpt>
      <trkpt lat="48.811923" lon="2.230189">
        <ele>146.093491</ele>
        <time>2026-08-23T00:52:44.615Z</time>
      </trkpt>
      <trkpt lat="48.812432" lon="2.230012">
        <ele>142.308530</ele>
        <time>2026-08-23T00:52:50.835Z</time>
      </trkpt>
      <trkpt lat="48.812872" lon="2.229881">
        <ele>138.906016</ele>
        <time>2026-08-23T00:52:56.060Z</time>
      </trkpt>
      <trkpt lat="48.812930" lon="2.229970">
        <ele>138.280300</ele>
        <time>2026-08-23T00:52:56.998Z</time>
      </trkpt>
      <trkpt lat="48.812990" lon="2.229973">
        <ele>137.824742</ele>
        <time>2026-08-23T00:52:57.695Z</time>
      </trkpt>
      <trkpt lat="48.814139" lon="2.229837">
        <ele>129.102358</ele>
        <time>2026-08-23T00:53:10.717Z</time>
      </trkpt>
      <trkpt lat="48.814364" lon="2.229818">
        <ele>127.407187</ele>
        <time>2026-08-23T00:53:13.251Z</time>
      </trkpt>
      <trkpt lat="48.814502" lon="2.229848">
        <ele>126.358503</ele>
        <time>2026-08-23T00:53:14.845Z</time>
      </trkpt>
      <trkpt lat="48.814891" lon="2.230221">
        <ele>122.897759</ele>
        <time>2026-08-23T00:53:20.149Z</time>
      </trkpt>
      <trkpt lat="48.814918" lon="2.230447">
        <ele>121.759992</ele>
        <time>2026-08-23T00:53:21.924Z</time>
      </trkpt>
      <trkpt lat="48.816033" lon="2.230165">
        <ele>114.244530</ele>
        <time>2026-08-23T00:53:40.154Z</time>
      </trkpt>
      <trkpt lat="48.816539" lon="2.230040">
        <ele>111.155234</ele>
        <time>2026-08-23T00:53:48.450Z</time>
      </trkpt>
      <trkpt lat="48.817513" lon="2.229792">
        <ele>105.104408</ele>
        <time>2026-08-23T00:54:04.435Z</time>
      </trkpt>
      <trkpt lat="48.817572" lon="2.229761">
        <ele>104.711018</ele>
        <time>2026-08-23T00:54:05.424Z</time>
      </trkpt>
      <trkpt lat="48.817740" lon="2.230046">
        <ele>103.123919</ele>
        <time>2026-08-23T00:54:08.241Z</time>
      </trkpt>
      <trkpt lat="48.817755" lon="2.230100">
        <ele>102.880750</ele>
        <time>2026-08-23T00:54:08.672Z</time>
      </trkpt>
      <trkpt lat="48.817827" lon="2.230168">
        <ele>102.346495</ele>
        <time>2026-08-23T00:54:09.618Z</time>
      </trkpt>
      <trkpt lat="48.817870" lon="2.230162">
        <ele>102.074403</ele>
        <time>2026-08-23T00:54:10.100Z</time>
      </trkpt>
      <trkpt lat="48.817908" lon="2.230131">
        <ele>101.802601</ele>
        <time>2026-08-23T00:54:10.580Z</time>
      </trkpt>
      <trkpt lat="48.817965" lon="2.230261">
        <ele>101.154585</ele>
        <time>2026-08-23T00:54:11.794Z</time>
      </trkpt>
      <trkpt lat="48.818218" lon="2.230662">
        <ele>98.850342</ele>
        <time>2026-08-23T00:54:16.115Z</time>
      </trkpt>
      <trkpt lat="48.818257" lon="2.230732">
        <ele>98.469894</ele>
        <time>2026-08-23T00:54:16.843Z</time>
      </trkpt>
      <trkpt lat="48.818378" lon="2.230947">
        <ele>97.296420</ele>
        <time>2026-08-23T00:54:19.070Z</time>
      </trkpt>
      <trkpt lat="48.818533" lon="2.231229">
        <ele>95.713966</ele>
        <time>2026-08-23T00:54:21.960Z</time>
      </trkpt>
      <trkpt lat="48.818565" lon="2.231291">
        <ele>95.318284</ele>
        <time>2026-08-23T00:54:22.577Z</time>
      </trkpt>
      <trkpt lat="48.818595" lon="2.231344">
        <ele>94.967233</ele>
        <time>2026-08-23T00:54:23.126Z</time>
      </trkpt>
      <trkpt lat="48.818831" lon="2.231823">
        <ele>91.962355</ele>
        <time>2026-08-23T00:54:27.725Z</time>
      </trkpt>
      <trkpt lat="48.818896" lon="2.232047">
        <ele>90.732847</ele>
        <time>2026-08-23T00:54:29.608Z</time>
      </trkpt>
      <trkpt lat="48.818940" lon="2.232319">
        <ele>89.326037</ele>
        <time>2026-08-23T00:54:31.743Z</time>
      </trkpt>
      <trkpt lat="48.818946" lon="2.232369">
        <ele>89.070764</ele>
        <time>2026-08-23T00:54:32.131Z</time>
      </trkpt>
      <trkpt lat="48.818980" lon="2.232654">
        <ele>87.615979</ele>
        <time>2026-08-23T00:54:34.318Z</time>
      </trkpt>
      <trkpt lat="48.819037" lon="2.233380">
        <ele>83.943648</ele>
        <time>2026-08-23T00:54:39.766Z</time>
      </trkpt>
      <trkpt lat="48.819012" lon="2.233807">
        <ele>81.764350</ele>
        <time>2026-08-23T00:54:42.955Z</time>
      </trkpt>
      <trkpt lat="48.818849" lon="2.234463">
        <ele>78.071744</ele>
        <time>2026-08-23T00:54:48.164Z</time>
      </trkpt>
      <trkpt lat="48.818825" lon="2.234682">
        <ele>76.902523</ele>
        <time>2026-08-23T00:54:49.817Z</time>
      </trkpt>
      <trkpt lat="48.818896" lon="2.235693">
        <ele>71.547929</ele>
        <time>2026-08-23T00:54:57.435Z</time>
      </trkpt>
      <trkpt lat="48.818906" lon="2.236468">
        <ele>67.644969</ele>
        <time>2026-08-23T00:55:03.363Z</time>
      </trkpt>
      <trkpt lat="48.818907" lon="2.236619">
        <ele>67.148575</ele>
        <time>2026-08-23T00:55:04.529Z</time>
      </trkpt>
      <trkpt lat="48.818893" lon="2.236952">
        <ele>66.051706</ele>
        <time>2026-08-23T00:55:07.108Z</time>
      </trkpt>
      <trkpt lat="48.818810" lon="2.237880">
        <ele>62.973159</ele>
        <time>2026-08-23T00:55:14.772Z</time>
      </trkpt>
      <trkpt lat="48.818809" lon="2.238555">
        <ele>60.754283</ele>
        <time>2026-08-23T00:55:20.473Z</time>
      </trkpt>
      <trkpt lat="48.818795" lon="2.239212">
        <ele>58.532340</ele>
        <time>2026-08-23T00:55:26.009Z</time>
      </trkpt>
      <trkpt lat="48.818794" lon="2.239239">
        <ele>58.428753</ele>
        <time>2026-08-23T00:55:26.263Z</time>
      </trkpt>
      <trkpt lat="48.818790" lon="2.239374">
        <ele>57.911117</ele>
        <time>2026-08-23T00:55:27.600Z</time>
      </trkpt>
      <trkpt lat="48.818786" lon="2.239487">
        <ele>57.477648</ele>
        <time>2026-08-23T00:55:28.697Z</time>
      </trkpt>
      <trkpt lat="48.818785" lon="2.239517">
        <ele>57.362587</ele>
        <time>2026-08-23T00:55:28.998Z</time>
      </trkpt>
      <trkpt lat="48.818751" lon="2.240627">
        <ele>53.106164</ele>
        <time>2026-08-23T00:55:38.481Z</time>
      </trkpt>
      <trkpt lat="48.818798" lon="2.241114">
        <ele>51.220792</ele>
        <time>2026-08-23T00:55:42.233Z</time>
      </trkpt>
      <trkpt lat="48.819002" lon="2.242524">
        <ele>44.821854</ele>
        <time>2026-08-23T00:55:52.929Z</time>
      </trkpt>
      <trkpt lat="48.819032" lon="2.242599">
        <ele>44.381696</ele>
        <time>2026-08-23T00:55:53.573Z</time>
      </trkpt>
      <trkpt lat="48.819032" lon="2.242693">
        <ele>43.910214</ele>
        <time>2026-08-23T00:55:54.268Z</time>
      </trkpt>
      <trkpt lat="48.819058" lon="2.242699">
        <ele>43.709881</ele>
        <time>2026-08-23T00:55:54.557Z</time>
      </trkpt>
      <trkpt lat="48.819121" lon="2.242788">
        <ele>43.054449</ele>
        <time>2026-08-23T00:55:55.450Z</time>
      </trkpt>
      <trkpt lat="48.819165" lon="2.242785">
        <ele>42.718934</ele>
        <time>2026-08-23T00:55:55.914Z</time>
      </trkpt>
      <trkpt lat="48.819671" lon="2.242858">
        <ele>38.847048</ele>
        <time>2026-08-23T00:56:01.361Z</time>
      </trkpt>
      <trkpt lat="48.819718" lon="2.242859">
        <ele>38.488983</ele>
        <time>2026-08-23T00:56:01.878Z</time>
      </trkpt>
      <trkpt lat="48.819765" lon="2.242818">
        <ele>38.076097</ele>
        <time>2026-08-23T00:56:02.471Z</time>
      </trkpt>
      <trkpt lat="48.819791" lon="2.242838">
        <ele>37.854082</ele>
        <time>2026-08-23T00:56:02.807Z</time>
      </trkpt>
      <trkpt lat="48.819891" lon="2.242915">
        <ele>37.000008</ele>
        <time>2026-08-23T00:56:04.060Z</time>
      </trkpt>
      <trkpt lat="48.819917" lon="2.242994">
        <ele>36.557026</ele>
        <time>2026-08-23T00:56:04.741Z</time>
      </trkpt>
      <trkpt lat="48.819988" lon="2.243069">
        <ele>35.898216</ele>
        <time>2026-08-23T00:56:05.705Z</time>
      </trkpt>
      <trkpt lat="48.820011" lon="2.243189">
        <ele>35.271353</ele>
        <time>2026-08-23T00:56:06.695Z</time>
      </trkpt>
      <trkpt lat="48.820040" lon="2.243187">
        <ele>35.050213</ele>
        <time>2026-08-23T00:56:07.026Z</time>
      </trkpt>
      <trkpt lat="48.820069" lon="2.243186">
        <ele>34.829244</ele>
        <time>2026-08-23T00:56:07.712Z</time>
      </trkpt>
      <trkpt lat="48.820095" lon="2.243184">
        <ele>34.756627</ele>
        <time>2026-08-23T00:56:08.037Z</time>
      </trkpt>
      <trkpt lat="48.820141" lon="2.243180">
        <ele>34.669338</ele>
        <time>2026-08-23T00:56:08.608Z</time>
      </trkpt>
      <trkpt lat="48.820231" lon="2.243172">
        <ele>34.498542</ele>
        <time>2026-08-23T00:56:10.850Z</time>
      </trkpt>
      <trkpt lat="48.820255" lon="2.243633">
        <ele>33.921705</ele>
        <time>2026-08-23T00:56:17.243Z</time>
      </trkpt>
      <trkpt lat="48.820311" lon="2.244098">
        <ele>33.332051</ele>
        <time>2026-08-23T00:56:24.134Z</time>
      </trkpt>
      <trkpt lat="48.820299" lon="2.244150">
        <ele>33.263319</ele>
        <time>2026-08-23T00:56:24.805Z</time>
      </trkpt>
      <trkpt lat="48.820361" lon="2.244533">
        <ele>32.771346</ele>
        <time>2026-08-23T00:56:29.261Z</time>
      </trkpt>
      <trkpt lat="48.820470" lon="2.245161">
        <ele>31.961233</ele>
        <time>2026-08-23T00:56:37.743Z</time>
      </trkpt>
      <trkpt lat="48.820785" lon="2.246568">
        <ele>31.285431</ele>
        <time>2026-08-23T00:56:56.317Z</time>
      </trkpt>
      <trkpt lat="48.820815" lon="2.246666">
        <ele>31.274370</ele>
        <time>2026-08-23T00:56:57.702Z</time>
      </trkpt>
      <trkpt lat="48.820854" lon="2.246837">
        <ele>31.255849</ele>
        <time>2026-08-23T00:57:00.075Z</time>
      </trkpt>
      <trkpt lat="48.820804" lon="2.246989">
        <ele>31.238459</ele>
        <time>2026-08-23T00:57:02.338Z</time>
      </trkpt>
      <trkpt lat="48.821300" lon="2.248927">
        <ele>31.068577</ele>
        <time>2026-08-23T00:57:29.101Z</time>
      </trkpt>
      <trkpt lat="48.821290" lon="2.248969">
        <ele>31.066301</ele>
        <time>2026-08-23T00:57:29.636Z</time>
      </trkpt>
      <trkpt lat="48.821279" lon="2.249051">
        <ele>31.062037</ele>
        <time>2026-08-23T00:57:30.488Z</time>
      </trkpt>
      <trkpt lat="48.821279" lon="2.249154">
        <ele>31.056788</ele>
        <time>2026-08-23T00:57:31.555Z</time>
      </trkpt>
      <trkpt lat="48.821283" lon="2.249218">
        <ele>31.053512</ele>
        <time>2026-08-23T00:57:32.208Z</time>
      </trkpt>
      <trkpt lat="48.821412" lon="2.249494">
        <ele>31.036264</ele>
        <time>2026-08-23T00:57:35.746Z</time>
      </trkpt>
      <trkpt lat="48.821611" lon="2.249749">
        <ele>31.016114</ele>
        <time>2026-08-23T00:57:39.879Z</time>
      </trkpt>
      <trkpt lat="48.821661" lon="2.249777">
        <ele>31.011989</ele>
        <time>2026-08-23T00:57:40.763Z</time>
      </trkpt>
      <trkpt lat="48.821702" lon="2.249784">
        <ele>31.008796</ele>
        <time>2026-08-23T00:57:41.457Z</time>
      </trkpt>
      <trkpt lat="48.821743" lon="2.249792">
        <ele>31.005597</ele>
        <time>2026-08-23T00:57:42.121Z</time>
      </trkpt>
      <trkpt lat="48.821833" lon="2.249978">
        <ele>30.993834</ele>
        <time>2026-08-23T00:57:44.754Z</time>
      </trkpt>
      <trkpt lat="48.821852" lon="2.250049">
        <ele>30.989929</ele>
        <time>2026-08-23T00:57:45.679Z</time>
      </trkpt>
      <trkpt lat="48.821869" lon="2.250116">
        <ele>30.986270</ele>
        <time>2026-08-23T00:57:46.593Z</time>
      </trkpt>
      <trkpt lat="48.821884" lon="2.250173">
        <ele>30.983142</ele>
        <time>2026-08-23T00:57:47.922Z</time>
      </trkpt>
      <trkpt lat="48.821895" lon="2.250214">
        <ele>30.980886</ele>
        <time>2026-08-23T00:57:48.458Z</time>
      </trkpt>
      <trkpt lat="48.821907" lon="2.250262">
        <ele>30.978270</ele>
        <time>2026-08-23T00:57:49.124Z</time>
      </trkpt>
      <trkpt lat="48.821918" lon="2.250304">
        <ele>30.975967</ele>
        <time>2026-08-23T00:57:49.733Z</time>
      </trkpt>
      <trkpt lat="48.821920" lon="2.250339">
        <ele>30.974176</ele>
        <time>2026-08-23T00:57:50.200Z</time>
      </trkpt>
      <trkpt lat="48.821968" lon="2.250562">
        <ele>31.075664</ele>
        <time>2026-08-23T00:57:53.244Z</time>
      </trkpt>
      <trkpt lat="48.822129" lon="2.251110">
        <ele>31.402367</ele>
        <time>2026-08-23T00:58:01.585Z</time>
      </trkpt>
      <trkpt lat="48.822404" lon="2.252004">
        <ele>31.939585</ele>
        <time>2026-08-23T00:58:17.149Z</time>
      </trkpt>
      <trkpt lat="48.822982" lon="2.253761">
        <ele>32.431884</ele>
        <time>2026-08-23T00:58:41.993Z</time>
      </trkpt>
      <trkpt lat="48.822991" lon="2.253786">
        <ele>32.431112</ele>
        <time>2026-08-23T00:58:42.295Z</time>
      </trkpt>
      <trkpt lat="48.823040" lon="2.253921">
        <ele>32.426938</ele>
        <time>2026-08-23T00:58:43.901Z</time>
      </trkpt>
      <trkpt lat="48.823059" lon="2.253972">
        <ele>32.425351</ele>
        <time>2026-08-23T00:58:44.508Z</time>
      </trkpt>
      <trkpt lat="48.823073" lon="2.254016">
        <ele>32.424028</ele>
        <time>2026-08-23T00:58:45.026Z</time>
      </trkpt>
      <trkpt lat="48.823084" lon="2.254051">
        <ele>32.422978</ele>
        <time>2026-08-23T00:58:45.427Z</time>
      </trkpt>
      <trkpt lat="48.823104" lon="2.254115">
        <ele>32.421060</ele>
        <time>2026-08-23T00:58:46.151Z</time>
      </trkpt>
      <trkpt lat="48.823383" lon="2.254828">
        <ele>32.398600</ele>
        <time>2026-08-23T00:58:54.889Z</time>
      </trkpt>
      <trkpt lat="48.823414" lon="2.254901">
        <ele>32.396248</ele>
        <time>2026-08-23T00:58:55.830Z</time>
      </trkpt>
      <trkpt lat="48.823434" lon="2.254950">
        <ele>32.394686</ele>
        <time>2026-08-23T00:58:56.481Z</time>
      </trkpt>
      <trkpt lat="48.823450" lon="2.254988">
        <ele>32.393465</ele>
        <time>2026-08-23T00:58:56.973Z</time>
      </trkpt>
      <trkpt lat="48.823470" lon="2.255036">
        <ele>32.391927</ele>
        <time>2026-08-23T00:58:57.603Z</time>
      </trkpt>
      <trkpt lat="48.823574" lon="2.255292">
        <ele>32.351573</ele>
        <time>2026-08-23T00:59:00.911Z</time>
      </trkpt>
      <trkpt lat="48.823830" lon="2.255762">
        <ele>31.972272</ele>
        <time>2026-08-23T00:59:07.425Z</time>
      </trkpt>
      <trkpt lat="48.824105" lon="2.256210">
        <ele>31.591406</ele>
        <time>2026-08-23T00:59:13.534Z</time>
      </trkpt>
      <trkpt lat="48.824146" lon="2.256281">
        <ele>31.532682</ele>
        <time>2026-08-23T00:59:14.455Z</time>
      </trkpt>
      <trkpt lat="48.824287" lon="2.256510">
        <ele>31.337721</ele>
        <time>2026-08-23T00:59:17.506Z</time>
      </trkpt>
      <trkpt lat="48.824619" lon="2.257023">
        <ele>30.890428</ele>
        <time>2026-08-23T00:59:24.623Z</time>
      </trkpt>
      <trkpt lat="48.825010" lon="2.257546">
        <ele>30.168048</ele>
        <time>2026-08-23T00:59:31.876Z</time>
      </trkpt>
      <trkpt lat="48.825121" lon="2.257690">
        <ele>29.919979</ele>
        <time>2026-08-23T00:59:33.789Z</time>
      </trkpt>
      <trkpt lat="48.825095" lon="2.257736">
        <ele>29.852148</ele>
        <time>2026-08-23T00:59:34.307Z</time>
      </trkpt>
      <trkpt lat="48.825045" lon="2.257824">
        <ele>29.722097</ele>
        <time>2026-08-23T00:59:35.312Z</time>
      </trkpt>
      <trkpt lat="48.825012" lon="2.257883">
        <ele>29.635481</ele>
        <time>2026-08-23T00:59:35.975Z</time>
      </trkpt>
      <trkpt lat="48.825334" lon="2.258280">
        <ele>28.930698</ele>
        <time>2026-08-23T00:59:41.458Z</time>
      </trkpt>
      <trkpt lat="48.825477" lon="2.258450">
        <ele>28.622104</ele>
        <time>2026-08-23T00:59:43.863Z</time>
      </trkpt>
      <trkpt lat="48.825764" lon="2.258800">
        <ele>27.996634</ele>
        <time>2026-08-23T00:59:48.914Z</time>
      </trkpt>
      <trkpt lat="48.826409" lon="2.259622">
        <ele>28.369493</ele>
        <time>2026-08-23T01:00:02.323Z</time>
      </trkpt>
      <trkpt lat="48.826629" lon="2.259926">
        <ele>28.720793</ele>
        <time>2026-08-23T01:00:09.121Z</time>
      </trkpt>
      <trkpt lat="48.826994" lon="2.260511">
        <ele>29.347544</ele>
        <time>2026-08-23T01:00:23.567Z</time>
      </trkpt>
      <trkpt lat="48.827086" lon="2.260658">
        <ele>29.505264</ele>
        <time>2026-08-23T01:00:27.628Z</time>
      </trkpt>
      <trkpt lat="48.827114" lon="2.260619">
        <ele>29.550137</ele>
        <time>2026-08-23T01:00:28.822Z</time>
      </trkpt>
      <trkpt lat="48.827127" lon="2.260602">
        <ele>29.570399</ele>
        <time>2026-08-23T01:00:29.358Z</time>
      </trkpt>
      <trkpt lat="48.827199" lon="2.260508">
        <ele>29.682541</ele>
        <time>2026-08-23T01:00:32.470Z</time>
      </trkpt>
      <trkpt lat="48.827247" lon="2.260528">
        <ele>29.741332</ele>
        <time>2026-08-23T01:00:34.146Z</time>
      </trkpt>
      <trkpt lat="48.827326" lon="2.260584">
        <ele>29.864441</ele>
        <time>2026-08-23T01:00:36.981Z</time>
      </trkpt>
      <trkpt lat="48.827361" lon="2.260604">
        <ele>29.918506</ele>
        <time>2026-08-23T01:00:38.215Z</time>
      </trkpt>
      <trkpt lat="48.827400" lon="2.260613">
        <ele>29.975539</ele>
        <time>2026-08-23T01:00:39.445Z</time>
      </trkpt>
      <trkpt lat="48.827490" lon="2.260599">
        <ele>30.106342</ele>
        <time>2026-08-23T01:00:42.187Z</time>
      </trkpt>
      <trkpt lat="48.827725" lon="2.260645">
        <ele>30.448916</ele>
        <time>2026-08-23T01:00:49.202Z</time>
      </trkpt>
      <trkpt lat="48.827919" lon="2.260709">
        <ele>30.735941</ele>
        <time>2026-08-23T01:00:54.929Z</time>
      </trkpt>
      <trkpt lat="48.828044" lon="2.260791">
        <ele>30.932799</ele>
        <time>2026-08-23T01:00:58.845Z</time>
      </trkpt>
      <trkpt lat="48.828275" lon="2.260833">
        <ele>31.269164</ele>
        <time>2026-08-23T01:01:05.152Z</time>
      </trkpt>
      <trkpt lat="48.829097" lon="2.261072">
        <ele>32.181346</ele>
        <time>2026-08-23T01:01:20.725Z</time>
      </trkpt>
      <trkpt lat="48.829474" lon="2.261185">
        <ele>31.405357</ele>
        <time>2026-08-23T01:01:27.050Z</time>
      </trkpt>
      <trkpt lat="48.829550" lon="2.261209">
        <ele>31.248602</ele>
        <time>2026-08-23T01:01:28.286Z</time>
      </trkpt>
      <trkpt lat="48.829604" lon="2.261226">
        <ele>31.137238</ele>
        <time>2026-08-23T01:01:29.162Z</time>
      </trkpt>
      <trkpt lat="48.829743" lon="2.261274">
        <ele>30.849381</ele>
        <time>2026-08-23T01:01:31.029Z</time>
      </trkpt>
      <trkpt lat="48.829761" lon="2.261172">
        <ele>30.708999</ele>
        <time>2026-08-23T01:01:31.927Z</time>
      </trkpt>
      <trkpt lat="48.829814" lon="2.260853">
        <ele>30.271635</ele>
        <time>2026-08-23T01:01:34.717Z</time>
      </trkpt>
      <trkpt lat="48.829871" lon="2.260734">
        <ele>30.075997</ele>
        <time>2026-08-23T01:01:35.939Z</time>
      </trkpt>
      <trkpt lat="48.829893" lon="2.260679">
        <ele>29.990443</ele>
        <time>2026-08-23T01:01:36.481Z</time>
      </trkpt>
      <trkpt lat="48.830625" lon="2.258976">
        <ele>27.710555</ele>
        <time>2026-08-23T01:01:53.970Z</time>
      </trkpt>
      <trkpt lat="48.830864" lon="2.258425">
        <ele>27.092278</ele>
        <time>2026-08-23T01:02:00.279Z</time>
      </trkpt>
      <trkpt lat="48.830956" lon="2.258358">
        <ele>26.947058</ele>
        <time>2026-08-23T01:02:01.812Z</time>
      </trkpt>
      <trkpt lat="48.830987" lon="2.258345">
        <ele>26.901283</ele>
        <time>2026-08-23T01:02:02.315Z</time>
      </trkpt>
      <trkpt lat="48.831014" lon="2.258358">
        <ele>26.860968</ele>
        <time>2026-08-23T01:02:02.749Z</time>
      </trkpt>
      <trkpt lat="48.831073" lon="2.258412">
        <ele>26.762925</ele>
        <time>2026-08-23T01:02:03.800Z</time>
      </trkpt>
      <trkpt lat="48.831422" lon="2.258869">
        <ele>26.176080</ele>
        <time>2026-08-23T01:02:11.179Z</time>
      </trkpt>
      <trkpt lat="48.831793" lon="2.259367">
        <ele>26.346743</ele>
        <time>2026-08-23T01:02:20.259Z</time>
      </trkpt>
      <trkpt lat="48.832269" lon="2.259919">
        <ele>26.553174</ele>
        <time>2026-08-23T01:02:32.266Z</time>
      </trkpt>
      <trkpt lat="48.832476" lon="2.260086">
        <ele>26.633968</ele>
        <time>2026-08-23T01:02:36.888Z</time>
      </trkpt>
      <trkpt lat="48.832752" lon="2.260341">
        <ele>26.745324</ele>
        <time>2026-08-23T01:02:43.983Z</time>
      </trkpt>
      <trkpt lat="48.833217" lon="2.260748">
        <ele>26.933771</ele>
        <time>2026-08-23T01:02:55.657Z</time>
      </trkpt>
      <trkpt lat="48.833586" lon="2.261086">
        <ele>27.085776</ele>
        <time>2026-08-23T01:03:04.266Z</time>
      </trkpt>
      <trkpt lat="48.834032" lon="2.261496">
        <ele>27.269677</ele>
        <time>2026-08-23T01:03:15.121Z</time>
      </trkpt>
      <trkpt lat="48.834068" lon="2.261529">
        <ele>27.284510</ele>
        <time>2026-08-23T01:03:15.940Z</time>
      </trkpt>
      <trkpt lat="48.834514" lon="2.261939">
        <ele>27.493699</ele>
        <time>2026-08-23T01:03:26.573Z</time>
      </trkpt>
      <trkpt lat="48.835014" lon="2.262444">
        <ele>27.810042</ele>
        <time>2026-08-23T01:03:38.723Z</time>
      </trkpt>
      <trkpt lat="48.836492" lon="2.263998">
        <ele>28.337449</ele>
        <time>2026-08-23T01:04:12.991Z</time>
      </trkpt>
      <trkpt lat="48.836517" lon="2.264023">
        <ele>28.336348</ele>
        <time>2026-08-23T01:04:13.550Z</time>
      </trkpt>
      <trkpt lat="48.837355" lon="2.264873">
        <ele>28.299288</ele>
        <time>2026-08-23T01:04:30.042Z</time>
      </trkpt>
      <trkpt lat="48.838288" lon="2.265883">
        <ele>27.328272</ele>
        <time>2026-08-23T01:04:47.085Z</time>
      </trkpt>
      <trkpt lat="48.838434" lon="2.266192">
        <ele>27.113072</ele>
        <time>2026-08-23T01:04:50.746Z</time>
      </trkpt>
      <trkpt lat="48.838567" lon="2.266397">
        <ele>26.950220</ele>
        <time>2026-08-23T01:04:53.567Z</time>
      </trkpt>
      <trkpt lat="48.838792" lon="2.266629">
        <ele>26.738642</ele>
        <time>2026-08-23T01:04:57.657Z</time>
      </trkpt>
      <trkpt lat="48.840166" lon="2.267951">
        <ele>26.197908</ele>
        <time>2026-08-23T01:05:23.848Z</time>
      </trkpt>
      <trkpt lat="48.840331" lon="2.268110">
        <ele>26.180874</ele>
        <time>2026-08-23T01:05:27.218Z</time>
      </trkpt>
      <trkpt lat="48.841181" lon="2.268993">
        <ele>26.596454</ele>
        <time>2026-08-23T01:05:47.299Z</time>
      </trkpt>
      <trkpt lat="48.841418" lon="2.269185">
        <ele>26.704855</ele>
        <time>2026-08-23T01:05:52.810Z</time>
      </trkpt>
      <trkpt lat="48.844061" lon="2.271697">
        <ele>27.859808</ele>
        <time>2026-08-23T01:06:52.218Z</time>
      </trkpt>
      <trkpt lat="48.844380" lon="2.272084">
        <ele>27.932162</ele>
        <time>2026-08-23T01:06:59.858Z</time>
      </trkpt>
      <trkpt lat="48.845000" lon="2.272685">
        <ele>27.895154</ele>
        <time>2026-08-23T01:07:11.985Z</time>
      </trkpt>
      <trkpt lat="48.845178" lon="2.272821">
        <ele>27.784558</ele>
        <time>2026-08-23T01:07:15.054Z</time>
      </trkpt>
      <trkpt lat="48.846094" lon="2.273659">
        <ele>27.191040</ele>
        <time>2026-08-23T01:07:31.501Z</time>
      </trkpt>
      <trkpt lat="48.846850" lon="2.274466">
        <ele>27.142807</ele>
        <time>2026-08-23T01:07:46.238Z</time>
      </trkpt>
      <trkpt lat="48.847236" lon="2.274872">
        <ele>27.232770</ele>
        <time>2026-08-23T01:07:55.318Z</time>
      </trkpt>
      <trkpt lat="48.847829" lon="2.275346">
        <ele>27.361172</ele>
        <time>2026-08-23T01:08:08.925Z</time>
      </trkpt>
      <trkpt lat="48.848944" lon="2.276428">
        <ele>27.408687</ele>
        <time>2026-08-23T01:08:33.772Z</time>
      </trkpt>
      <trkpt lat="48.850140" lon="2.277969">
        <ele>26.849443</ele>
        <time>2026-08-23T01:08:57.455Z</time>
      </trkpt>
      <trkpt lat="48.851023" lon="2.279276">
        <ele>26.476274</ele>
        <time>2026-08-23T01:09:17.713Z</time>
      </trkpt>
      <trkpt lat="48.852470" lon="2.281170">
        <ele>26.499967</ele>
        <time>2026-08-23T01:09:52.266Z</time>
      </trkpt>
      <trkpt lat="48.852728" lon="2.281540">
        <ele>26.463295</ele>
        <time>2026-08-23T01:09:58.207Z</time>
      </trkpt>
      <trkpt lat="48.853759" lon="2.283041">
        <ele>26.385783</ele>
        <time>2026-08-23T01:10:21.333Z</time>
      </trkpt>
      <trkpt lat="48.855515" lon="2.285435">
        <ele>26.548977</ele>
        <time>2026-08-23T01:11:03.636Z</time>
      </trkpt>
      <trkpt lat="48.856227" lon="2.286390">
        <ele>26.592902</ele>
        <time>2026-08-23T01:11:20.300Z</time>
      </trkpt>
      <trkpt lat="48.856802" lon="2.287163">
        <ele>26.494642</ele>
        <time>2026-08-23T01:11:32.904Z</time>
      </trkpt>
      <trkpt lat="48.857184" lon="2.287550">
        <ele>26.435880</ele>
        <time>2026-08-23T01:11:40.610Z</time>
      </trkpt>
      <trkpt lat="48.857703" lon="2.288072">
        <ele>26.400445</ele>
        <time>2026-08-23T01:11:51.016Z</time>
      </trkpt>
      <trkpt lat="48.857725" lon="2.288096">
        <ele>26.400440</ele>
        <time>2026-08-23T01:11:51.471Z</time>
      </trkpt>
      <trkpt lat="48.857739" lon="2.288164">
        <ele>26.400432</ele>
        <time>2026-08-23T01:11:52.233Z</time>
      </trkpt>
      <trkpt lat="48.859903" lon="2.290748">
        <ele>26.494040</ele>
        <time>2026-08-23T01:12:39.868Z</time>
      </trkpt>
      <trkpt lat="48.859996" lon="2.290777">
        <ele>26.500528</ele>
        <time>2026-08-23T01:12:41.509Z</time>
      </trkpt>
      <trkpt lat="48.860301" lon="2.291151">
        <ele>26.532068</ele>
        <time>2026-08-23T01:12:50.412Z</time>
      </trkpt>
      <trkpt lat="48.860422" lon="2.291301">
        <ele>26.554850</ele>
        <time>2026-08-23T01:12:53.953Z</time>
      </trkpt>
      <trkpt lat="48.860706" lon="2.291659">
        <ele>26.608682</ele>
        <time>2026-08-23T01:13:00.422Z</time>
      </trkpt>
      <trkpt lat="48.860757" lon="2.291722">
        <ele>26.618271</ele>
        <time>2026-08-23T01:13:01.532Z</time>
      </trkpt>
      <trkpt lat="48.861059" lon="2.292108">
        <ele>26.675841</ele>
        <time>2026-08-23T01:13:08.422Z</time>
      </trkpt>
      <trkpt lat="48.861043" lon="2.292191">
        <ele>26.684144</ele>
        <time>2026-08-23T01:13:09.383Z</time>
      </trkpt>
      <trkpt lat="48.861705" lon="2.293030">
        <ele>26.849764</ele>
        <time>2026-08-23T01:13:25.026Z</time>
      </trkpt>
      <trkpt lat="48.862317" lon="2.293804">
        <ele>27.156020</ele>
        <time>2026-08-23T01:13:39.848Z</time>
      </trkpt>
      <trkpt lat="48.862508" lon="2.294148">
        <ele>27.269937</ele>
        <time>2026-08-23T01:13:45.616Z</time>
      </trkpt>
      <trkpt lat="48.862600" lon="2.294367">
        <ele>27.335695</ele>
        <time>2026-08-23T01:13:48.993Z</time>
      </trkpt>
      <trkpt lat="48.863130" lon="2.296089">
        <ele>27.772526</ele>
        <time>2026-08-23T01:14:13.116Z</time>
      </trkpt>
      <trkpt lat="48.863167" lon="2.296211">
        <ele>27.802087</ele>
        <time>2026-08-23T01:14:14.810Z</time>
      </trkpt>
      <trkpt lat="48.863288" lon="2.296603">
        <ele>27.897366</ele>
        <time>2026-08-23T01:14:20.397Z</time>
      </trkpt>
      <trkpt lat="48.863620" lon="2.298121">
        <ele>27.998444</ele>
        <time>2026-08-23T01:14:38.511Z</time>
      </trkpt>
      <trkpt lat="48.863801" lon="2.298938">
        <ele>27.908647</ele>
        <time>2026-08-23T01:14:47.759Z</time>
      </trkpt>
      <trkpt lat="48.864053" lon="2.300880">
        <ele>28.048679</ele>
        <time>2026-08-23T01:15:09.031Z</time>
      </trkpt>
      <trkpt lat="48.864043" lon="2.300914">
        <ele>28.059429</ele>
        <time>2026-08-23T01:15:09.473Z</time>
      </trkpt>
      <trkpt lat="48.864091" lon="2.301335">
        <ele>28.182765</ele>
        <time>2026-08-23T01:15:14.728Z</time>
      </trkpt>
      <trkpt lat="48.864099" lon="2.301356">
        <ele>28.189770</ele>
        <time>2026-08-23T01:15:15.041Z</time>
      </trkpt>
      <trkpt lat="48.864112" lon="2.301437">
        <ele>28.213837</ele>
        <time>2026-08-23T01:15:16.141Z</time>
      </trkpt>
      <trkpt lat="48.864118" lon="2.301492">
        <ele>28.229930</ele>
        <time>2026-08-23T01:15:16.853Z</time>
      </trkpt>
      <trkpt lat="48.864125" lon="2.301574">
        <ele>28.253798</ele>
        <time>2026-08-23T01:15:17.879Z</time>
      </trkpt>
      <trkpt lat="48.864135" lon="2.301783">
        <ele>28.314286</ele>
        <time>2026-08-23T01:15:20.657Z</time>
      </trkpt>
      <trkpt lat="48.864136" lon="2.301880">
        <ele>28.342289</ele>
        <time>2026-08-23T01:15:21.970Z</time>
      </trkpt>
      <trkpt lat="48.864165" lon="2.301965">
        <ele>28.369928</ele>
        <time>2026-08-23T01:15:23.281Z</time>
      </trkpt>
      <trkpt lat="48.864194" lon="2.302175">
        <ele>28.431867</ele>
        <time>2026-08-23T01:15:26.292Z</time>
      </trkpt>
      <trkpt lat="48.864196" lon="2.302259">
        <ele>28.456130</ele>
        <time>2026-08-23T01:15:27.453Z</time>
      </trkpt>
      <trkpt lat="48.864197" lon="2.302319">
        <ele>28.473455</ele>
        <time>2026-08-23T01:15:28.342Z</time>
      </trkpt>
      <trkpt lat="48.864250" lon="2.303608">
        <ele>29.198637</ele>
        <time>2026-08-23T01:15:47.893Z</time>
      </trkpt>
      <trkpt lat="48.864410" lon="2.304355">
        <ele>29.729509</ele>
        <time>2026-08-23T01:15:59.731Z</time>
      </trkpt>
      <trkpt lat="48.864434" lon="2.304868">
        <ele>30.077047</ele>
        <time>2026-08-23T01:16:07.200Z</time>
      </trkpt>
      <trkpt lat="48.864420" lon="2.305002">
        <ele>30.168733</ele>
        <time>2026-08-23T01:16:09.103Z</time>
      </trkpt>
      <trkpt lat="48.864522" lon="2.309988">
        <ele>31.241739</ele>
        <time>2026-08-23T01:17:07.980Z</time>
      </trkpt>
      <trkpt lat="48.864514" lon="2.310241">
        <ele>31.291445</ele>
        <time>2026-08-23T01:17:11.118Z</time>
      </trkpt>
      <trkpt lat="48.864516" lon="2.310348">
        <ele>31.312451</ele>
        <time>2026-08-23T01:17:12.848Z</time>
      </trkpt>
      <trkpt lat="48.864519" lon="2.310458">
        <ele>31.334056</ele>
        <time>2026-08-23T01:17:14.605Z</time>
      </trkpt>
      <trkpt lat="48.864525" lon="2.310535">
        <ele>31.349272</ele>
        <time>2026-08-23T01:17:15.608Z</time>
      </trkpt>
      <trkpt lat="48.864588" lon="2.313062">
        <ele>32.054973</ele>
        <time>2026-08-23T01:17:49.253Z</time>
      </trkpt>
      <trkpt lat="48.864579" lon="2.313322">
        <ele>32.130756</ele>
        <time>2026-08-23T01:17:52.302Z</time>
      </trkpt>
      <trkpt lat="48.864579" lon="2.313468">
        <ele>32.173253</ele>
        <time>2026-08-23T01:17:53.937Z</time>
      </trkpt>
      <trkpt lat="48.864577" lon="2.313655">
        <ele>32.168611</ele>
        <time>2026-08-23T01:17:56.006Z</time>
      </trkpt>
      <trkpt lat="48.864575" lon="2.313797">
        <ele>32.086247</ele>
        <time>2026-08-23T01:17:57.545Z</time>
      </trkpt>
      <trkpt lat="48.864595" lon="2.314010">
        <ele>31.961477</ele>
        <time>2026-08-23T01:17:59.827Z</time>
      </trkpt>
      <trkpt lat="48.864621" lon="2.314284">
        <ele>31.800941</ele>
        <time>2026-08-23T01:18:02.679Z</time>
      </trkpt>
      <trkpt lat="48.864694" lon="2.318276">
        <ele>29.422179</ele>
        <time>2026-08-23T01:18:41.034Z</time>
      </trkpt>
      <trkpt lat="48.864651" lon="2.318432">
        <ele>29.318669</ele>
        <time>2026-08-23T01:18:42.685Z</time>
      </trkpt>
      <trkpt lat="48.864608" lon="2.318501">
        <ele>29.260503</ele>
        <time>2026-08-23T01:18:43.570Z</time>
      </trkpt>
      <trkpt lat="48.864597" lon="2.318602">
        <ele>29.197851</ele>
        <time>2026-08-23T01:18:44.603Z</time>
      </trkpt>
      <trkpt lat="48.864466" lon="2.318882">
        <ele>28.987580</ele>
        <time>2026-08-23T01:18:48.971Z</time>
      </trkpt>
      <trkpt lat="48.864160" lon="2.319830">
        <ele>29.412125</ele>
        <time>2026-08-23T01:19:06.314Z</time>
      </trkpt>
      <trkpt lat="48.864119" lon="2.319954">
        <ele>29.476817</ele>
        <time>2026-08-23T01:19:08.894Z</time>
      </trkpt>
      <trkpt lat="48.864069" lon="2.320106">
        <ele>29.556034</ele>
        <time>2026-08-23T01:19:12.128Z</time>
      </trkpt>
      <trkpt lat="48.864025" lon="2.320253">
        <ele>29.631315</ele>
        <time>2026-08-23T01:19:14.284Z</time>
      </trkpt>
      <trkpt lat="48.864063" lon="2.320356">
        <ele>29.686362</ele>
        <time>2026-08-23T01:19:16.078Z</time>
      </trkpt>
      <trkpt lat="48.864227" lon="2.320482">
        <ele>29.816568</ele>
        <time>2026-08-23T01:19:20.092Z</time>
      </trkpt>
      <trkpt lat="48.864219" lon="2.320500">
        <ele>29.826694</ele>
        <time>2026-08-23T01:19:20.447Z</time>
      </trkpt>
      <trkpt lat="48.864216" lon="2.320530">
        <ele>29.840839</ele>
        <time>2026-08-23T01:19:20.955Z</time>
      </trkpt>
      <trkpt lat="48.864210" lon="2.320604">
        <ele>29.875594</ele>
        <time>2026-08-23T01:19:22.409Z</time>
      </trkpt>
      <trkpt lat="48.864245" lon="2.320631">
        <ele>29.903405</ele>
        <time>2026-08-23T01:19:23.596Z</time>
      </trkpt>
      <trkpt lat="48.864224" lon="2.320791">
        <ele>29.979457</ele>
        <time>2026-08-23T01:19:26.460Z</time>
      </trkpt>
      <trkpt lat="48.863995" lon="2.321480">
        <ele>30.209572</ele>
        <time>2026-08-23T01:19:40.667Z</time>
      </trkpt>
      <trkpt lat="48.863856" lon="2.321488">
        <ele>30.197578</ele>
        <time>2026-08-23T01:19:44.667Z</time>
      </trkpt>
      <trkpt lat="48.863728" lon="2.321610">
        <ele>30.184552</ele>
        <time>2026-08-23T01:19:48.075Z</time>
      </trkpt>
      <trkpt lat="48.862568" lon="2.325128">
        <ele>29.312679</ele>
        <time>2026-08-23T01:20:28.350Z</time>
      </trkpt>
      <trkpt lat="48.862505" lon="2.325323">
        <ele>29.225805</ele>
        <time>2026-08-23T01:20:30.555Z</time>
      </trkpt>
      <trkpt lat="48.861712" lon="2.327750">
        <ele>28.226013</ele>
        <time>2026-08-23T01:20:58.656Z</time>
      </trkpt>
      <trkpt lat="48.861279" lon="2.329050">
        <ele>27.843962</ele>
        <time>2026-08-23T01:21:13.684Z</time>
      </trkpt>
      <trkpt lat="48.860504" lon="2.331264">
        <ele>27.499975</ele>
        <time>2026-08-23T01:21:41.156Z</time>
      </trkpt>
      <trkpt lat="48.859488" lon="2.335738">
        <ele>27.713489</ele>
        <time>2026-08-23T01:22:35.825Z</time>
      </trkpt>
      <trkpt lat="48.859184" lon="2.337744">
        <ele>27.937558</ele>
        <time>2026-08-23T01:22:59.618Z</time>
      </trkpt>
      <trkpt lat="48.859059" lon="2.339224">
        <ele>28.536057</ele>
        <time>2026-08-23T01:23:17.095Z</time>
      </trkpt>
      <trkpt lat="48.858916" lon="2.339847">
        <ele>29.039619</ele>
        <time>2026-08-23T01:23:27.279Z</time>
      </trkpt>
      <trkpt lat="48.858817" lon="2.340061">
        <ele>29.239272</ele>
        <time>2026-08-23T01:23:31.406Z</time>
      </trkpt>
      <trkpt lat="48.858729" lon="2.340290">
        <ele>29.441667</ele>
        <time>2026-08-23T01:23:35.560Z</time>
      </trkpt>
      <trkpt lat="48.858631" lon="2.340648">
        <ele>29.737591</ele>
        <time>2026-08-23T01:23:41.955Z</time>
      </trkpt>
      <trkpt lat="48.858512" lon="2.341305">
        <ele>30.232665</ele>
        <time>2026-08-23T01:23:52.912Z</time>
      </trkpt>
      <trkpt lat="48.858325" lon="2.342331">
        <ele>30.900828</ele>
        <time>2026-08-23T01:24:10.092Z</time>
      </trkpt>
      <trkpt lat="48.857851" lon="2.344048">
        <ele>31.964591</ele>
        <time>2026-08-23T01:24:32.967Z</time>
      </trkpt>
      <trkpt lat="48.857807" lon="2.344193">
        <ele>32.020418</ele>
        <time>2026-08-23T01:24:34.960Z</time>
      </trkpt>
      <trkpt lat="48.857825" lon="2.344206">
        <ele>32.031009</ele>
        <time>2026-08-23T01:24:35.376Z</time>
      </trkpt>
      <trkpt lat="48.857806" lon="2.344463">
        <ele>32.121428</ele>
        <time>2026-08-23T01:24:38.781Z</time>
      </trkpt>
      <trkpt lat="48.857562" lon="2.345350">
        <ele>32.457561</ele>
        <time>2026-08-23T01:24:49.320Z</time>
      </trkpt>
      <trkpt lat="48.857532" lon="2.345546">
        <ele>32.527918</ele>
        <time>2026-08-23T01:24:51.312Z</time>
      </trkpt>
      <trkpt lat="48.857532" lon="2.345727">
        <ele>32.591200</ele>
        <time>2026-08-23T01:24:53.261Z</time>
      </trkpt>
      <trkpt lat="48.857568" lon="2.345828">
        <ele>32.631361</ele>
        <time>2026-08-23T01:24:54.554Z</time>
      </trkpt>
      <trkpt lat="48.857453" lon="2.346281">
        <ele>32.879248</ele>
        <time>2026-08-23T01:25:02.027Z</time>
      </trkpt>
      <trkpt lat="48.857337" lon="2.346722">
        <ele>34.075514</ele>
        <time>2026-08-23T01:25:11.666Z</time>
      </trkpt>
      <trkpt lat="48.857284" lon="2.346921">
        <ele>34.616262</ele>
        <time>2026-08-23T01:25:16.052Z</time>
      </trkpt>
      <trkpt lat="48.857233" lon="2.347116">
        <ele>35.144810</ele>
        <time>2026-08-23T01:25:20.432Z</time>
      </trkpt>
      <trkpt lat="48.857301" lon="2.347168">
        <ele>35.436228</ele>
        <time>2026-08-23T01:25:22.833Z</time>
      </trkpt>
      <trkpt lat="48.857278" lon="2.347322">
        <ele>35.833989</ele>
        <time>2026-08-23T01:25:26.228Z</time>
      </trkpt>
      <trkpt lat="48.857351" lon="2.347468">
        <ele>36.295873</ele>
        <time>2026-08-23T01:25:30.024Z</time>
      </trkpt>
      <trkpt lat="48.857647" lon="2.347646">
        <ele>37.514524</ele>
        <time>2026-08-23T01:25:40.743Z</time>
      </trkpt>
      <trkpt lat="48.857745" lon="2.347702">
        <ele>37.915338</ele>
        <time>2026-08-23T01:25:44.856Z</time>
      </trkpt>
      <trkpt lat="48.857867" lon="2.347772">
        <ele>38.414563</ele>
        <time>2026-08-23T01:25:50.439Z</time>
      </trkpt>
      <trkpt lat="48.858456" lon="2.348098">
        <ele>40.829882</ele>
        <time>2026-08-23T01:26:19.878Z</time>
      </trkpt>
      <trkpt lat="48.858482" lon="2.348112">
        <ele>40.936924</ele>
        <time>2026-08-23T01:26:21.092Z</time>
      </trkpt>
      <trkpt lat="48.858500" lon="2.348121">
        <ele>41.010458</ele>
        <time>2026-08-23T01:26:21.942Z</time>
      </trkpt>
      <trkpt lat="48.858536" lon="2.348140">
        <ele>41.158345</ele>
        <time>2026-08-23T01:26:23.476Z</time>
      </trkpt>
      <trkpt lat="48.858568" lon="2.348156">
        <ele>41.289073</ele>
        <time>2026-08-23T01:26:24.741Z</time>
      </trkpt>
      <trkpt lat="48.858619" lon="2.348183">
        <ele>41.498649</ele>
        <time>2026-08-23T01:26:26.868Z</time>
      </trkpt>
      <trkpt lat="48.858665" lon="2.348207">
        <ele>41.687384</ele>
        <time>2026-08-23T01:26:28.751Z</time>
      </trkpt>
      <trkpt lat="48.859488" lon="2.348675">
        <ele>45.097374</ele>
        <time>2026-08-23T01:26:58.960Z</time>
      </trkpt>
      <trkpt lat="48.859523" lon="2.348695">
        <ele>45.242479</ele>
        <time>2026-08-23T01:27:00.164Z</time>
      </trkpt>
      <trkpt lat="48.859542" lon="2.348706">
        <ele>45.321379</ele>
        <time>2026-08-23T01:27:00.786Z</time>
      </trkpt>
      <trkpt lat="48.859584" lon="2.348730">
        <ele>45.495505</ele>
        <time>2026-08-23T01:27:02.052Z</time>
      </trkpt>
      <trkpt lat="48.860007" lon="2.348975">
        <ele>46.737439</ele>
        <time>2026-08-23T01:27:13.338Z</time>
      </trkpt>
      <trkpt lat="48.860047" lon="2.348997">
        <ele>46.760408</ele>
        <time>2026-08-23T01:27:14.256Z</time>
      </trkpt>
      <trkpt lat="48.860076" lon="2.349014">
        <ele>46.777190</ele>
        <time>2026-08-23T01:27:14.950Z</time>
      </trkpt>
      <trkpt lat="48.860112" lon="2.349033">
        <ele>46.797767</ele>
        <time>2026-08-23T01:27:15.805Z</time>
      </trkpt>
      <trkpt lat="48.860562" lon="2.349271">
        <ele>47.055031</ele>
        <time>2026-08-23T01:27:25.044Z</time>
      </trkpt>
      <trkpt lat="48.860589" lon="2.349286">
        <ele>47.070553</ele>
        <time>2026-08-23T01:27:25.529Z</time>
      </trkpt>
      <trkpt lat="48.860632" lon="2.349310">
        <ele>47.095286</ele>
        <time>2026-08-23T01:27:26.302Z</time>
      </trkpt>
      <trkpt lat="48.860956" lon="2.349492">
        <ele>47.281792</ele>
        <time>2026-08-23T01:27:32.174Z</time>
      </trkpt>
      <trkpt lat="48.861237" lon="2.349658">
        <ele>47.444573</ele>
        <time>2026-08-23T01:27:37.105Z</time>
      </trkpt>
      <trkpt lat="48.861970" lon="2.350066">
        <ele>47.467933</ele>
        <time>2026-08-23T01:27:51.113Z</time>
      </trkpt>
      <trkpt lat="48.861989" lon="2.350077">
        <ele>47.460749</ele>
        <time>2026-08-23T01:27:51.509Z</time>
      </trkpt>
      <trkpt lat="48.862005" lon="2.350086">
        <ele>47.454720</ele>
        <time>2026-08-23T01:27:51.835Z</time>
      </trkpt>
      <trkpt lat="48.862036" lon="2.350102">
        <ele>47.443152</ele>
        <time>2026-08-23T01:27:52.480Z</time>
      </trkpt>
      <trkpt lat="48.862056" lon="2.350113">
        <ele>47.435636</ele>
        <time>2026-08-23T01:27:52.888Z</time>
      </trkpt>
      <trkpt lat="48.862457" lon="2.350329">
        <ele>47.285305</ele>
        <time>2026-08-23T01:28:00.592Z</time>
      </trkpt>
      <trkpt lat="48.862475" lon="2.350339">
        <ele>47.278533</ele>
        <time>2026-08-23T01:28:00.924Z</time>
      </trkpt>
      <trkpt lat="48.862497" lon="2.350351">
        <ele>47.270274</ele>
        <time>2026-08-23T01:28:01.333Z</time>
      </trkpt>
      <trkpt lat="48.862930" lon="2.350597">
        <ele>47.106931</ele>
        <time>2026-08-23T01:28:08.721Z</time>
      </trkpt>
      <trkpt lat="48.862942" lon="2.350604">
        <ele>47.102390</ele>
        <time>2026-08-23T01:28:08.906Z</time>
      </trkpt>
      <trkpt lat="48.862967" lon="2.350617">
        <ele>47.093053</ele>
        <time>2026-08-23T01:28:09.304Z</time>
      </trkpt>
      <trkpt lat="48.863339" lon="2.350820">
        <ele>46.939085</ele>
        <time>2026-08-23T01:28:14.809Z</time>
      </trkpt>
      <trkpt lat="48.863370" lon="2.350837">
        <ele>46.922870</ele>
        <time>2026-08-23T01:28:15.254Z</time>
      </trkpt>
      <trkpt lat="48.863426" lon="2.350867">
        <ele>46.893657</ele>
        <time>2026-08-23T01:28:16.047Z</time>
      </trkpt>
      <trkpt lat="48.863492" lon="2.350905">
        <ele>46.858933</ele>
        <time>2026-08-23T01:28:16.998Z</time>
      </trkpt>
      <trkpt lat="48.863564" lon="2.350947">
        <ele>46.820990</ele>
        <time>2026-08-23T01:28:18.073Z</time>
      </trkpt>
      <trkpt lat="48.864113" lon="2.351265">
        <ele>46.531933</ele>
        <time>2026-08-23T01:28:26.993Z</time>
      </trkpt>
      <trkpt lat="48.864185" lon="2.351307">
        <ele>46.493990</ele>
        <time>2026-08-23T01:28:28.193Z</time>
      </trkpt>
      <trkpt lat="48.864206" lon="2.351317">
        <ele>46.483162</ele>
        <time>2026-08-23T01:28:28.560Z</time>
      </trkpt>
      <trkpt lat="48.864248" lon="2.351339">
        <ele>46.461306</ele>
        <time>2026-08-23T01:28:29.259Z</time>
      </trkpt>
      <trkpt lat="48.864304" lon="2.351369">
        <ele>46.432092</ele>
        <time>2026-08-23T01:28:30.189Z</time>
      </trkpt>
      <trkpt lat="48.864359" lon="2.351391">
        <ele>46.404111</ele>
        <time>2026-08-23T01:28:31.174Z</time>
      </trkpt>
      <trkpt lat="48.864382" lon="2.351506">
        <ele>46.365207</ele>
        <time>2026-08-23T01:28:32.437Z</time>
      </trkpt>
      <trkpt lat="48.864413" lon="2.351656">
        <ele>46.314318</ele>
        <time>2026-08-23T01:28:34.144Z</time>
      </trkpt>
      <trkpt lat="48.864423" lon="2.351707">
        <ele>46.297094</ele>
        <time>2026-08-23T01:28:34.710Z</time>
      </trkpt>
      <trkpt lat="48.864498" lon="2.352076">
        <ele>46.172092</ele>
        <time>2026-08-23T01:28:38.975Z</time>
      </trkpt>
      <trkpt lat="48.864765" lon="2.353262">
        <ele>45.919813</ele>
        <time>2026-08-23T01:28:57.361Z</time>
      </trkpt>
      <trkpt lat="48.864772" lon="2.353292">
        <ele>45.914180</ele>
        <time>2026-08-23T01:28:57.894Z</time>
      </trkpt>
      <trkpt lat="48.864804" lon="2.353429">
        <ele>45.888453</ele>
        <time>2026-08-23T01:29:00.090Z</time>
      </trkpt>
      <trkpt lat="48.864828" lon="2.353528">
        <ele>45.869782</ele>
        <time>2026-08-23T01:29:01.448Z</time>
      </trkpt>
      <trkpt lat="48.864838" lon="2.353571">
        <ele>45.861712</ele>
        <time>2026-08-23T01:29:02.016Z</time>
      </trkpt>
      <trkpt lat="48.865038" lon="2.354410">
        <ele>45.703795</ele>
        <time>2026-08-23T01:29:10.656Z</time>
      </trkpt>
      <trkpt lat="48.865057" lon="2.354489">
        <ele>45.688910</ele>
        <time>2026-08-23T01:29:11.416Z</time>
      </trkpt>
      <trkpt lat="48.865068" lon="2.354540">
        <ele>45.679412</ele>
        <time>2026-08-23T01:29:11.901Z</time>
      </trkpt>
      <trkpt lat="48.865085" lon="2.354619">
        <ele>45.664703</ele>
        <time>2026-08-23T01:29:12.669Z</time>
      </trkpt>
      <trkpt lat="48.865278" lon="2.355448">
        <ele>45.248278</ele>
        <time>2026-08-23T01:29:20.585Z</time>
      </trkpt>
      <trkpt lat="48.865286" lon="2.355485">
        <ele>45.225333</ele>
        <time>2026-08-23T01:29:20.943Z</time>
      </trkpt>
      <trkpt lat="48.865303" lon="2.355575">
        <ele>45.170169</ele>
        <time>2026-08-23T01:29:21.774Z</time>
      </trkpt>
      <trkpt lat="48.865319" lon="2.355661">
        <ele>45.117516</ele>
        <time>2026-08-23T01:29:22.603Z</time>
      </trkpt>
      <trkpt lat="48.865342" lon="2.355777">
        <ele>45.046140</ele>
        <time>2026-08-23T01:29:23.725Z</time>
      </trkpt>
      <trkpt lat="48.865363" lon="2.355829">
        <ele>45.010193</ele>
        <time>2026-08-23T01:29:24.269Z</time>
      </trkpt>
      <trkpt lat="48.865425" lon="2.356093">
        <ele>44.845048</ele>
        <time>2026-08-23T01:29:26.889Z</time>
      </trkpt>
      <trkpt lat="48.865441" lon="2.356167">
        <ele>44.799157</ele>
        <time>2026-08-23T01:29:27.639Z</time>
      </trkpt>
      <trkpt lat="48.865459" lon="2.356244">
        <ele>44.751015</ele>
        <time>2026-08-23T01:29:28.368Z</time>
      </trkpt>
      <trkpt lat="48.865465" lon="2.356267">
        <ele>44.736439</ele>
        <time>2026-08-23T01:29:28.603Z</time>
      </trkpt>
      <trkpt lat="48.865499" lon="2.356417">
        <ele>44.642970</ele>
        <time>2026-08-23T01:29:30.205Z</time>
      </trkpt>
      <trkpt lat="48.865585" lon="2.356793">
        <ele>44.408450</ele>
        <time>2026-08-23T01:29:34.425Z</time>
      </trkpt>
      <trkpt lat="48.865610" lon="2.356905">
        <ele>44.338772</ele>
        <time>2026-08-23T01:29:35.662Z</time>
      </trkpt>
      <trkpt lat="48.865652" lon="2.357087">
        <ele>44.225144</ele>
        <time>2026-08-23T01:29:38.024Z</time>
      </trkpt>
      <trkpt lat="48.865735" lon="2.357457">
        <ele>44.015974</ele>
        <time>2026-08-23T01:29:43.044Z</time>
      </trkpt>
      <trkpt lat="48.865758" lon="2.357559">
        <ele>44.039552</ele>
        <time>2026-08-23T01:29:44.407Z</time>
      </trkpt>
      <trkpt lat="48.865887" lon="2.358125">
        <ele>44.170532</ele>
        <time>2026-08-23T01:29:52.169Z</time>
      </trkpt>
      <trkpt lat="48.865923" lon="2.358278">
        <ele>44.206063</ele>
        <time>2026-08-23T01:29:54.096Z</time>
      </trkpt>
      <trkpt lat="48.866276" lon="2.359784">
        <ele>44.555647</ele>
        <time>2026-08-23T01:30:13.623Z</time>
      </trkpt>
      <trkpt lat="48.866400" lon="2.360315">
        <ele>44.542708</ele>
        <time>2026-08-23T01:30:20.049Z</time>
      </trkpt>
      <trkpt lat="48.866417" lon="2.360386">
        <ele>44.527427</ele>
        <time>2026-08-23T01:30:21.016Z</time>
      </trkpt>
      <trkpt lat="48.866432" lon="2.360451">
        <ele>44.513496</ele>
        <time>2026-08-23T01:30:21.853Z</time>
      </trkpt>
      <trkpt lat="48.866638" lon="2.361287">
        <ele>44.332948</ele>
        <time>2026-08-23T01:30:33.447Z</time>
      </trkpt>
      <trkpt lat="48.866710" lon="2.361555">
        <ele>44.274401</ele>
        <time>2026-08-23T01:30:37.062Z</time>
      </trkpt>
      <trkpt lat="48.866809" lon="2.361927">
        <ele>44.193243</ele>
        <time>2026-08-23T01:30:40.812Z</time>
      </trkpt>
      <trkpt lat="48.866843" lon="2.362044">
        <ele>44.167375</ele>
        <time>2026-08-23T01:30:41.983Z</time>
      </trkpt>
      <trkpt lat="48.867214" lon="2.363063">
        <ele>43.827926</ele>
        <time>2026-08-23T01:30:53.068Z</time>
      </trkpt>
      <trkpt lat="48.867240" lon="2.363157">
        <ele>43.789926</ele>
        <time>2026-08-23T01:30:54.037Z</time>
      </trkpt>
      <trkpt lat="48.867314" lon="2.363426">
        <ele>43.681268</ele>
        <time>2026-08-23T01:30:56.909Z</time>
      </trkpt>
      <trkpt lat="48.867132" lon="2.363714">
        <ele>43.532441</ele>
        <time>2026-08-23T01:31:00.769Z</time>
      </trkpt>
      <trkpt lat="48.866596" lon="2.364691">
        <ele>43.058348</ele>
        <time>2026-08-23T01:31:13.644Z</time>
      </trkpt>
      <trkpt lat="48.866530" lon="2.364809">
        <ele>43.065978</ele>
        <time>2026-08-23T01:31:16.901Z</time>
      </trkpt>
      <trkpt lat="48.866617" lon="2.364995">
        <ele>43.137249</ele>
        <time>2026-08-23T01:31:20.988Z</time>
      </trkpt>
      <trkpt lat="48.866642" lon="2.365029">
        <ele>43.153173</ele>
        <time>2026-08-23T01:31:21.832Z</time>
      </trkpt>
      <trkpt lat="48.866725" lon="2.365142">
        <ele>43.206067</ele>
        <time>2026-08-23T01:31:24.715Z</time>
      </trkpt>
      <trkpt lat="48.866769" lon="2.365199">
        <ele>43.233510</ele>
        <time>2026-08-23T01:31:26.167Z</time>
      </trkpt>
      <trkpt lat="48.866812" lon="2.365255">
        <ele>43.260390</ele>
        <time>2026-08-23T01:31:27.608Z</time>
      </trkpt>
      <trkpt lat="48.866977" lon="2.365486">
        <ele>43.366875</ele>
        <time>2026-08-23T01:31:33.164Z</time>
      </trkpt>
      <trkpt lat="48.866967" lon="2.365585">
        <ele>43.398153</ele>
        <time>2026-08-23T01:31:34.712Z</time>
      </trkpt>
      <trkpt lat="48.866909" lon="2.365670">
        <ele>43.436398</ele>
        <time>2026-08-23T01:31:36.526Z</time>
      </trkpt>
      <trkpt lat="48.866716" lon="2.366627">
        <ele>43.748978</ele>
        <time>2026-08-23T01:31:47.335Z</time>
      </trkpt>
      <trkpt lat="48.866688" lon="2.366771">
        <ele>43.795870</ele>
        <time>2026-08-23T01:31:49.031Z</time>
      </trkpt>
      <trkpt lat="48.866611" lon="2.367180">
        <ele>43.956450</ele>
        <time>2026-08-23T01:31:54.580Z</time>
      </trkpt>
      <trkpt lat="48.866583" lon="2.367317">
        <ele>44.033368</ele>
        <time>2026-08-23T01:31:56.373Z</time>
      </trkpt>
      <trkpt lat="48.866558" lon="2.367443">
        <ele>44.103931</ele>
        <time>2026-08-23T01:31:57.715Z</time>
      </trkpt>
      <trkpt lat="48.866468" lon="2.367910">
        <ele>44.364845</ele>
        <time>2026-08-23T01:32:02.440Z</time>
      </trkpt>
      <trkpt lat="48.866448" lon="2.368012">
        <ele>44.421912</ele>
        <time>2026-08-23T01:32:03.687Z</time>
      </trkpt>
      <trkpt lat="48.866414" lon="2.368204">
        <ele>44.528520</ele>
        <time>2026-08-23T01:32:05.797Z</time>
      </trkpt>
      <trkpt lat="48.866402" lon="2.368267">
        <ele>44.563686</ele>
        <time>2026-08-23T01:32:06.677Z</time>
      </trkpt>
      <trkpt lat="48.866350" lon="2.368528">
        <ele>44.709904</ele>
        <time>2026-08-23T01:32:10.169Z</time>
      </trkpt>
      <trkpt lat="48.866278" lon="2.368927">
        <ele>44.931738</ele>
        <time>2026-08-23T01:32:16.325Z</time>
      </trkpt>
      <trkpt lat="48.866263" lon="2.369008">
        <ele>44.976855</ele>
        <time>2026-08-23T01:32:17.394Z</time>
      </trkpt>
      <trkpt lat="48.866242" lon="2.369126">
        <ele>45.042398</ele>
        <time>2026-08-23T01:32:19.756Z</time>
      </trkpt>
      <trkpt lat="48.866208" lon="2.369289">
        <ele>45.134082</ele>
        <time>2026-08-23T01:32:22.721Z</time>
      </trkpt>
      <trkpt lat="48.866169" lon="2.369497">
        <ele>45.250047</ele>
        <time>2026-08-23T01:32:26.763Z</time>
      </trkpt>
      <trkpt lat="48.866150" lon="2.369588">
        <ele>45.301237</ele>
        <time>2026-08-23T01:32:28.876Z</time>
      </trkpt>
      <trkpt lat="48.866128" lon="2.369695">
        <ele>45.371700</ele>
        <time>2026-08-23T01:32:30.874Z</time>
      </trkpt>
      <trkpt lat="48.866074" lon="2.369981">
        <ele>45.843940</ele>
        <time>2026-08-23T01:32:36.470Z</time>
      </trkpt>
      <trkpt lat="48.866031" lon="2.370209">
        <ele>46.220379</ele>
        <time>2026-08-23T01:32:40.621Z</time>
      </trkpt>
      <trkpt lat="48.866021" lon="2.370257">
        <ele>46.300289</ele>
        <time>2026-08-23T01:32:41.583Z</time>
      </trkpt>
      <trkpt lat="48.866003" lon="2.370339">
        <ele>46.437487</ele>
        <time>2026-08-23T01:32:43.001Z</time>
      </trkpt>
      <trkpt lat="48.865982" lon="2.370473">
        <ele>46.656111</ele>
        <time>2026-08-23T01:32:45.514Z</time>
      </trkpt>
      <trkpt lat="48.865970" lon="2.370531">
        <ele>46.752609</ele>
        <time>2026-08-23T01:32:46.570Z</time>
      </trkpt>
      <trkpt lat="48.865959" lon="2.370592">
        <ele>46.852995</ele>
        <time>2026-08-23T01:32:47.559Z</time>
      </trkpt>
      <trkpt lat="48.865933" lon="2.370745">
        <ele>47.103795</ele>
        <time>2026-08-23T01:32:50.843Z</time>
      </trkpt>
      <trkpt lat="48.865862" lon="2.371114">
        <ele>47.713978</ele>
        <time>2026-08-23T01:32:59.746Z</time>
      </trkpt>
      <trkpt lat="48.865795" lon="2.371469">
        <ele>48.300134</ele>
        <time>2026-08-23T01:33:07.980Z</time>
      </trkpt>
      <trkpt lat="48.865776" lon="2.371569">
        <ele>48.465333</ele>
        <time>2026-08-23T01:33:10.009Z</time>
      </trkpt>
      <trkpt lat="48.865748" lon="2.371721">
        <ele>48.715855</ele>
        <time>2026-08-23T01:33:12.601Z</time>
      </trkpt>
      <trkpt lat="48.865667" lon="2.372158">
        <ele>49.436433</ele>
        <time>2026-08-23T01:33:19.292Z</time>
      </trkpt>
      <trkpt lat="48.865599" lon="2.372523">
        <ele>49.964376</ele>
        <time>2026-08-23T01:33:24.355Z</time>
      </trkpt>
      <trkpt lat="48.865556" lon="2.372750">
        <ele>50.258234</ele>
        <time>2026-08-23T01:33:27.379Z</time>
      </trkpt>
      <trkpt lat="48.865250" lon="2.374347">
        <ele>52.327435</ele>
        <time>2026-08-23T01:33:56.457Z</time>
      </trkpt>
      <trkpt lat="48.865231" lon="2.374446">
        <ele>52.455724</ele>
        <time>2026-08-23T01:33:58.197Z</time>
      </trkpt>
      <trkpt lat="48.865223" lon="2.374493">
        <ele>52.516117</ele>
        <time>2026-08-23T01:33:58.927Z</time>
      </trkpt>
      <trkpt lat="48.865199" lon="2.374618">
        <ele>52.678104</ele>
        <time>2026-08-23T01:34:01.026Z</time>
      </trkpt>
      <trkpt lat="48.865164" lon="2.374812">
        <ele>52.928349</ele>
        <time>2026-08-23T01:34:04.363Z</time>
      </trkpt>
      <trkpt lat="48.865122" lon="2.375042">
        <ele>53.240845</ele>
        <time>2026-08-23T01:34:08.542Z</time>
      </trkpt>
      <trkpt lat="48.864992" lon="2.375748">
        <ele>54.263392</ele>
        <time>2026-08-23T01:34:22.465Z</time>
      </trkpt>
      <trkpt lat="48.864604" lon="2.377736">
        <ele>57.017011</ele>
        <time>2026-08-23T01:34:58.950Z</time>
      </trkpt>
      <trkpt lat="48.864545" lon="2.378058">
        <ele>57.219645</ele>
        <time>2026-08-23T01:35:04.291Z</time>
      </trkpt>
      <trkpt lat="48.864540" lon="2.378087">
        <ele>57.237819</ele>
        <time>2026-08-23T01:35:04.761Z</time>
      </trkpt>
      <trkpt lat="48.864521" lon="2.378192">
        <ele>57.303836</ele>
        <time>2026-08-23T01:35:06.468Z</time>
      </trkpt>
      <trkpt lat="48.864510" lon="2.378246">
        <ele>57.338106</ele>
        <time>2026-08-23T01:35:07.346Z</time>
      </trkpt>
      <trkpt lat="48.864151" lon="2.380113">
        <ele>58.517286</ele>
        <time>2026-08-23T01:35:33.457Z</time>
      </trkpt>
      <trkpt lat="48.864127" lon="2.380216">
        <ele>58.569839</ele>
        <time>2026-08-23T01:35:34.685Z</time>
      </trkpt>
      <trkpt lat="48.864117" lon="2.380308">
        <ele>58.576729</ele>
        <time>2026-08-23T01:35:35.692Z</time>
      </trkpt>
      <trkpt lat="48.863990" lon="2.381002">
        <ele>58.629951</ele>
        <time>2026-08-23T01:35:43.374Z</time>
      </trkpt>
      <trkpt lat="48.863961" lon="2.381132">
        <ele>58.640093</ele>
        <time>2026-08-23T01:35:44.832Z</time>
      </trkpt>
      <trkpt lat="48.863948" lon="2.381196">
        <ele>58.645042</ele>
        <time>2026-08-23T01:35:45.542Z</time>
      </trkpt>
      <trkpt lat="48.863935" lon="2.381258">
        <ele>58.649850</ele>
        <time>2026-08-23T01:35:46.233Z</time>
      </trkpt>
      <trkpt lat="48.863929" lon="2.381310">
        <ele>58.653750</ele>
        <time>2026-08-23T01:35:46.794Z</time>
      </trkpt>
      <trkpt lat="48.863767" lon="2.382255">
        <ele>58.725902</ele>
        <time>2026-08-23T01:35:57.164Z</time>
      </trkpt>
      <trkpt lat="48.863573" lon="2.383264">
        <ele>59.234365</ele>
        <time>2026-08-23T01:36:10.828Z</time>
      </trkpt>
      <trkpt lat="48.863555" lon="2.383353">
        <ele>59.329387</ele>
        <time>2026-08-23T01:36:12.340Z</time>
      </trkpt>
      <trkpt lat="48.863532" lon="2.383465">
        <ele>59.449126</ele>
        <time>2026-08-23T01:36:14.314Z</time>
      </trkpt>
      <trkpt lat="48.863255" lon="2.384841">
        <ele>60.917646</ele>
        <time>2026-08-23T01:36:41.355Z</time>
      </trkpt>
      <trkpt lat="48.863245" lon="2.384894">
        <ele>60.973915</ele>
        <time>2026-08-23T01:36:42.208Z</time>
      </trkpt>
      <trkpt lat="48.863229" lon="2.384976">
        <ele>61.061202</ele>
        <time>2026-08-23T01:36:43.468Z</time>
      </trkpt>
      <trkpt lat="48.863118" lon="2.385582">
        <ele>61.697744</ele>
        <time>2026-08-23T01:36:51.680Z</time>
      </trkpt>
      <trkpt lat="48.863103" lon="2.385666">
        <ele>61.783201</ele>
        <time>2026-08-23T01:36:52.889Z</time>
      </trkpt>
      <trkpt lat="48.862887" lon="2.386801">
        <ele>62.943262</ele>
        <time>2026-08-23T01:37:08.486Z</time>
      </trkpt>
      <trkpt lat="48.862842" lon="2.386951">
        <ele>63.105126</ele>
        <time>2026-08-23T01:37:10.437Z</time>
      </trkpt>
      <trkpt lat="48.862820" lon="2.387013">
        <ele>63.174290</ele>
        <time>2026-08-23T01:37:11.522Z</time>
      </trkpt>
      <trkpt lat="48.862804" lon="2.387100">
        <ele>63.262984</ele>
        <time>2026-08-23T01:37:12.588Z</time>
      </trkpt>
      <trkpt lat="48.862789" lon="2.387187">
        <ele>63.351288</ele>
        <time>2026-08-23T01:37:13.651Z</time>
      </trkpt>
      <trkpt lat="48.862770" lon="2.387290">
        <ele>63.456316</ele>
        <time>2026-08-23T01:37:15.029Z</time>
      </trkpt>
      <trkpt lat="48.862769" lon="2.387367">
        <ele>63.531932</ele>
        <time>2026-08-23T01:37:15.868Z</time>
      </trkpt>
      <trkpt lat="48.862774" lon="2.387409">
        <ele>63.573838</ele>
        <time>2026-08-23T01:37:16.440Z</time>
      </trkpt>
      <trkpt lat="48.862788" lon="2.387477">
        <ele>63.643796</ele>
        <time>2026-08-23T01:37:17.582Z</time>
      </trkpt>
      <trkpt lat="48.862791" lon="2.387493">
        <ele>63.660131</ele>
        <time>2026-08-23T01:37:17.830Z</time>
      </trkpt>
      <trkpt lat="48.862810" lon="2.387584">
        <ele>63.753869</ele>
        <time>2026-08-23T01:37:19.123Z</time>
      </trkpt>
      <trkpt lat="48.862830" lon="2.387684">
        <ele>63.856489</ele>
        <time>2026-08-23T01:37:20.994Z</time>
      </trkpt>
      <trkpt lat="48.862909" lon="2.387760">
        <ele>63.996020</ele>
        <time>2026-08-23T01:37:23.361Z</time>
      </trkpt>
      <trkpt lat="48.863008" lon="2.388100">
        <ele>64.694783</ele>
        <time>2026-08-23T01:37:31.536Z</time>
      </trkpt>
      <trkpt lat="48.863109" lon="2.388482">
        <ele>66.256507</ele>
        <time>2026-08-23T01:37:42.458Z</time>
      </trkpt>
      <trkpt lat="48.863250" lon="2.389049">
        <ele>68.555885</ele>
        <time>2026-08-23T01:38:00.077Z</time>
      </trkpt>
      <trkpt lat="48.863400" lon="2.389634">
        <ele>70.937602</ele>
        <time>2026-08-23T01:38:19.973Z</time>
      </trkpt>
      <trkpt lat="48.863783" lon="2.391125">
        <ele>77.018599</ele>
        <time>2026-08-23T01:39:09.360Z</time>
      </trkpt>
      <trkpt lat="48.863918" lon="2.391664">
        <ele>79.214826</ele>
        <time>2026-08-23T01:39:26.595Z</time>
      </trkpt>
      <trkpt lat="48.863948" lon="2.391784">
        <ele>79.703667</ele>
        <time>2026-08-23T01:39:30.287Z</time>
      </trkpt>
      <trkpt lat="48.864072" lon="2.392272">
        <ele>81.695758</ele>
        <time>2026-08-23T01:39:45.287Z</time>
      </trkpt>
      <trkpt lat="48.864101" lon="2.392389">
        <ele>82.171865</ele>
        <time>2026-08-23T01:39:48.861Z</time>
      </trkpt>
      <trkpt lat="48.864649" lon="2.394529">
        <ele>88.629114</ele>
        <time>2026-08-23T01:40:46.233Z</time>
      </trkpt>
      <trkpt lat="48.864693" lon="2.394702">
        <ele>89.061076</ele>
        <time>2026-08-23T01:40:50.179Z</time>
      </trkpt>
      <trkpt lat="48.864809" lon="2.395162">
        <ele>90.208380</ele>
        <time>2026-08-23T01:40:59.842Z</time>
      </trkpt>
      <trkpt lat="48.864899" lon="2.395548">
        <ele>91.162124</ele>
        <time>2026-08-23T01:41:07.254Z</time>
      </trkpt>
      <trkpt lat="48.864912" lon="2.395603">
        <ele>91.298230</ele>
        <time>2026-08-23T01:41:08.302Z</time>
      </trkpt>
      <trkpt lat="48.864924" lon="2.395654">
        <ele>91.399225</ele>
        <time>2026-08-23T01:41:09.185Z</time>
      </trkpt>
      <trkpt lat="48.864933" lon="2.395694">
        <ele>91.413450</ele>
        <time>2026-08-23T01:41:09.927Z</time>
      </trkpt>
      <trkpt lat="48.864961" lon="2.396024">
        <ele>91.525414</ele>
        <time>2026-08-23T01:41:14.879Z</time>
      </trkpt>
      <trkpt lat="48.864960" lon="2.396106">
        <ele>91.553011</ele>
        <time>2026-08-23T01:41:15.874Z</time>
      </trkpt>
      <trkpt lat="48.864956" lon="2.396202">
        <ele>91.585379</ele>
        <time>2026-08-23T01:41:16.952Z</time>
      </trkpt>
      <trkpt lat="48.864924" lon="2.397044">
        <ele>91.869181</ele>
        <time>2026-08-23T01:41:25.659Z</time>
      </trkpt>
      <trkpt lat="48.864922" lon="2.397082">
        <ele>91.882009</ele>
        <time>2026-08-23T01:41:26.087Z</time>
      </trkpt>
      <trkpt lat="48.864916" lon="2.397240">
        <ele>91.935264</ele>
        <time>2026-08-23T01:41:27.837Z</time>
      </trkpt>
      <trkpt lat="48.864905" lon="2.397324">
        <ele>91.964084</ele>
        <time>2026-08-23T01:41:28.685Z</time>
      </trkpt>
      <trkpt lat="48.864900" lon="2.397462">
        <ele>92.010591</ele>
        <time>2026-08-23T01:41:30.277Z</time>
      </trkpt>
      <trkpt lat="48.864886" lon="2.397957">
        <ele>92.177310</ele>
        <time>2026-08-23T01:41:36.236Z</time>
      </trkpt>
      <trkpt lat="48.864883" lon="2.398071">
        <ele>92.215701</ele>
        <time>2026-08-23T01:41:37.945Z</time>
      </trkpt>
      <trkpt lat="48.864929" lon="2.398075">
        <ele>92.239270</ele>
        <time>2026-08-23T01:41:39.049Z</time>
      </trkpt>
      <trkpt lat="48.864966" lon="2.398079">
        <ele>92.258244</ele>
        <time>2026-08-23T01:41:39.679Z</time>
      </trkpt>
      <trkpt lat="48.865113" lon="2.398232">
        <ele>92.421921</ele>
        <time>2026-08-23T01:41:43.746Z</time>
      </trkpt>
      <trkpt lat="48.865142" lon="2.398294">
        <ele>92.501576</ele>
        <time>2026-08-23T01:41:45.047Z</time>
      </trkpt>
      <trkpt lat="48.865161" lon="2.398358">
        <ele>92.575096</ele>
        <time>2026-08-23T01:41:46.208Z</time>
      </trkpt>
      <trkpt lat="48.865160" lon="2.398610">
        <ele>92.838960</ele>
        <time>2026-08-23T01:41:49.901Z</time>
      </trkpt>
      <trkpt lat="48.865137" lon="2.398672">
        <ele>92.913488</ele>
        <time>2026-08-23T01:41:50.690Z</time>
      </trkpt>
      <trkpt lat="48.865118" lon="2.398725">
        <ele>92.976688</ele>
        <time>2026-08-23T01:41:51.554Z</time>
      </trkpt>
      <trkpt lat="48.865183" lon="2.398779">
        <ele>93.094589</ele>
        <time>2026-08-23T01:41:52.894Z</time>
      </trkpt>
      <trkpt lat="48.865384" lon="2.398957">
        <ele>93.464845</ele>
        <time>2026-08-23T01:41:57.547Z</time>
      </trkpt>
      <trkpt lat="48.865551" lon="2.399107">
        <ele>93.773589</ele>
        <time>2026-08-23T01:42:02.246Z</time>
      </trkpt>
      <trkpt lat="48.865793" lon="2.399323">
        <ele>94.220263</ele>
        <time>2026-08-23T01:42:10.131Z</time>
      </trkpt>
      <trkpt lat="48.865854" lon="2.399376">
        <ele>94.332096</ele>
        <time>2026-08-23T01:42:12.284Z</time>
      </trkpt>
      <trkpt lat="48.865896" lon="2.399410">
        <ele>94.407834</ele>
        <time>2026-08-23T01:42:13.693Z</time>
      </trkpt>
      <trkpt lat="48.866138" lon="2.399615">
        <ele>94.848788</ele>
        <time>2026-08-23T01:42:21.588Z</time>
      </trkpt>
      <trkpt lat="48.866207" lon="2.399674">
        <ele>94.974796</ele>
        <time>2026-08-23T01:42:23.768Z</time>
      </trkpt>
      <trkpt lat="48.866400" lon="2.399843">
        <ele>95.503210</ele>
        <time>2026-08-23T01:42:29.338Z</time>
      </trkpt>
      <trkpt lat="48.866422" lon="2.399863">
        <ele>95.590868</ele>
        <time>2026-08-23T01:42:29.930Z</time>
      </trkpt>
      <trkpt lat="48.866490" lon="2.399923">
        <ele>95.859732</ele>
        <time>2026-08-23T01:42:31.657Z</time>
      </trkpt>
      <trkpt lat="48.866565" lon="2.399989">
        <ele>96.156074</ele>
        <time>2026-08-23T01:42:33.545Z</time>
      </trkpt>
      <trkpt lat="48.866575" lon="2.399998">
        <ele>96.195813</ele>
        <time>2026-08-23T01:42:33.802Z</time>
      </trkpt>
      <trkpt lat="48.867148" lon="2.400492">
        <ele>98.448411</ele>
        <time>2026-08-23T01:42:51.118Z</time>
      </trkpt>
      <trkpt lat="48.867447" lon="2.400749">
        <ele>99.622987</ele>
        <time>2026-08-23T01:43:03.287Z</time>
      </trkpt>
      <trkpt lat="48.867623" lon="2.400900">
        <ele>100.314068</ele>
        <time>2026-08-23T01:43:11.241Z</time>
      </trkpt>
      <trkpt lat="48.868179" lon="2.401370">
        <ele>102.961706</ele>
        <time>2026-08-23T01:43:38.524Z</time>
      </trkpt>
      <trkpt lat="48.868202" lon="2.401391">
        <ele>103.090764</ele>
        <time>2026-08-23T01:43:39.707Z</time>
      </trkpt>
      <trkpt lat="48.868220" lon="2.401409">
        <ele>103.194403</ele>
        <time>2026-08-23T01:43:40.666Z</time>
      </trkpt>
      <trkpt lat="48.868269" lon="2.401462">
        <ele>103.483680</ele>
        <time>2026-08-23T01:43:43.422Z</time>
      </trkpt>
      <trkpt lat="48.868316" lon="2.401512">
        <ele>103.759624</ele>
        <time>2026-08-23T01:43:46.024Z</time>
      </trkpt>
      <trkpt lat="48.868403" lon="2.401561">
        <ele>104.205919</ele>
        <time>2026-08-23T01:43:50.297Z</time>
      </trkpt>
      <trkpt lat="48.868934" lon="2.402039">
        <ele>107.174408</ele>
        <time>2026-08-23T01:44:16.958Z</time>
      </trkpt>
      <trkpt lat="48.868957" lon="2.402061">
        <ele>107.305123</ele>
        <time>2026-08-23T01:44:17.983Z</time>
      </trkpt>
      <trkpt lat="48.869020" lon="2.402116">
        <ele>107.654587</ele>
        <time>2026-08-23T01:44:20.735Z</time>
      </trkpt>
      <trkpt lat="48.869080" lon="2.402169">
        <ele>107.988390</ele>
        <time>2026-08-23T01:44:23.236Z</time>
      </trkpt>
      <trkpt lat="48.869591" lon="2.402611">
        <ele>110.209553</ele>
        <time>2026-08-23T01:44:41.707Z</time>
      </trkpt>
      <trkpt lat="48.869643" lon="2.402655">
        <ele>110.287971</ele>
        <time>2026-08-23T01:44:43.240Z</time>
      </trkpt>
      <trkpt lat="48.869673" lon="2.402681">
        <ele>110.333474</ele>
        <time>2026-08-23T01:44:44.184Z</time>
      </trkpt>
      <trkpt lat="48.869725" lon="2.402726">
        <ele>110.412318</ele>
        <time>2026-08-23T01:44:45.725Z</time>
      </trkpt>
      <trkpt lat="48.869859" lon="2.402841">
        <ele>110.615080</ele>
        <time>2026-08-23T01:44:49.452Z</time>
      </trkpt>
      <trkpt lat="48.870162" lon="2.403113">
        <ele>111.078750</ele>
        <time>2026-08-23T01:44:56.708Z</time>
      </trkpt>
      <trkpt lat="48.871073" lon="2.403893">
        <ele>112.437036</ele>
        <time>2026-08-23T01:45:17.197Z</time>
      </trkpt>
      <trkpt lat="48.871173" lon="2.403980">
        <ele>112.561003</ele>
        <time>2026-08-23T01:45:19.733Z</time>
      </trkpt>
      <trkpt lat="48.871210" lon="2.403962">
        <ele>112.602802</ele>
        <time>2026-08-23T01:45:20.669Z</time>
      </trkpt>
      <trkpt lat="48.871321" lon="2.404060">
        <ele>112.740910</ele>
        <time>2026-08-23T01:45:23.498Z</time>
      </trkpt>
      <trkpt lat="48.871522" lon="2.404234">
        <ele>112.989778</ele>
        <time>2026-08-23T01:45:28.534Z</time>
      </trkpt>
      <trkpt lat="48.871655" lon="2.404323">
        <ele>113.146128</ele>
        <time>2026-08-23T01:45:31.623Z</time>
      </trkpt>
      <trkpt lat="48.871724" lon="2.404369">
        <ele>113.227193</ele>
        <time>2026-08-23T01:45:33.192Z</time>
      </trkpt>
      <trkpt lat="48.871737" lon="2.404507">
        <ele>113.325853</ele>
        <time>2026-08-23T01:45:35.263Z</time>
      </trkpt>
      <trkpt lat="48.872150" lon="2.405922">
        <ele>114.508770</ele>
        <time>2026-08-23T01:46:01.064Z</time>
      </trkpt>
      <trkpt lat="48.872164" lon="2.405970">
        <ele>114.569881</ele>
        <time>2026-08-23T01:46:01.825Z</time>
      </trkpt>
      <trkpt lat="48.872220" lon="2.406165">
        <ele>114.817521</ele>
        <time>2026-08-23T01:46:05.365Z</time>
      </trkpt>
      <trkpt lat="48.872742" lon="2.407969">
        <ele>117.111285</ele>
        <time>2026-08-23T01:46:42.231Z</time>
      </trkpt>
      <trkpt lat="48.872760" lon="2.408029">
        <ele>117.188036</ele>
        <time>2026-08-23T01:46:43.514Z</time>
      </trkpt>
      <trkpt lat="48.872813" lon="2.408253">
        <ele>117.465091</ele>
        <time>2026-08-23T01:46:48.340Z</time>
      </trkpt>
      <trkpt lat="48.872817" lon="2.408292">
        <ele>117.483727</ele>
        <time>2026-08-23T01:46:49.149Z</time>
      </trkpt>
      <trkpt lat="48.872784" lon="2.408296">
        <ele>117.504672</ele>
        <time>2026-08-23T01:46:50.088Z</time>
      </trkpt>
      <trkpt lat="48.872737" lon="2.408303">
        <ele>117.534551</ele>
        <time>2026-08-23T01:46:51.412Z</time>
      </trkpt>
      <trkpt lat="48.872740" lon="2.408352">
        <ele>117.555030</ele>
        <time>2026-08-23T01:46:52.218Z</time>
      </trkpt>
      <trkpt lat="48.872742" lon="2.408394">
        <ele>117.572554</ele>
        <time>2026-08-23T01:46:52.985Z</time>
      </trkpt>
      <trkpt lat="48.872745" lon="2.408434">
        <ele>117.589307</ele>
        <time>2026-08-23T01:46:53.705Z</time>
      </trkpt>
      <trkpt lat="48.872756" lon="2.408608">
        <ele>117.662050</ele>
        <time>2026-08-23T01:46:56.769Z</time>
      </trkpt>
      <trkpt lat="48.872758" lon="2.408647">
        <ele>117.678328</ele>
        <time>2026-08-23T01:46:57.470Z</time>
      </trkpt>
      <trkpt lat="48.872761" lon="2.408683">
        <ele>117.693429</ele>
        <time>2026-08-23T01:46:58.126Z</time>
      </trkpt>
      <trkpt lat="48.872886" lon="2.408730">
        <ele>117.774898</ele>
        <time>2026-08-23T01:47:01.445Z</time>
      </trkpt>
      <trkpt lat="48.872914" lon="2.408727">
        <ele>117.792657</ele>
        <time>2026-08-23T01:47:02.166Z</time>
      </trkpt>
      <trkpt lat="48.872940" lon="2.408723">
        <ele>117.809191</ele>
        <time>2026-08-23T01:47:02.777Z</time>
      </trkpt>
      <trkpt lat="48.872947" lon="2.408762">
        <ele>117.826014</ele>
        <time>2026-08-23T01:47:03.437Z</time>
      </trkpt>
      <trkpt lat="48.873348" lon="2.410125">
        <ele>118.447367</ele>
        <time>2026-08-23T01:47:21.978Z</time>
      </trkpt>
      <trkpt lat="48.873358" lon="2.410249">
        <ele>118.499354</ele>
        <time>2026-08-23T01:47:23.198Z</time>
      </trkpt>
      <trkpt lat="48.873351" lon="2.410341">
        <ele>118.537894</ele>
        <time>2026-08-23T01:47:24.161Z</time>
      </trkpt>
      <trkpt lat="48.873392" lon="2.410428">
        <ele>118.582431</ele>
        <time>2026-08-23T01:47:25.215Z</time>
      </trkpt>
      <trkpt lat="48.873626" lon="2.411321">
        <ele>118.014669</ele>
        <time>2026-08-23T01:47:34.384Z</time>
      </trkpt>
      <trkpt lat="48.873763" lon="2.411867">
        <ele>117.631817</ele>
        <time>2026-08-23T01:47:39.570Z</time>
      </trkpt>
      <trkpt lat="48.873902" lon="2.412375">
        <ele>117.271357</ele>
        <time>2026-08-23T01:47:44.832Z</time>
      </trkpt>
      <trkpt lat="48.874028" lon="2.412885">
        <ele>116.914444</ele>
        <time>2026-08-23T01:47:50.532Z</time>
      </trkpt>
      <trkpt lat="48.874060" lon="2.412982">
        <ele>116.843350</ele>
        <time>2026-08-23T01:47:51.725Z</time>
      </trkpt>
      <trkpt lat="48.874100" lon="2.413022">
        <ele>116.814043</ele>
        <time>2026-08-23T01:47:52.532Z</time>
      </trkpt>
      <trkpt lat="48.874094" lon="2.413166">
        <ele>116.809675</ele>
        <time>2026-08-23T01:47:54.141Z</time>
      </trkpt>
      <trkpt lat="48.874227" lon="2.413567">
        <ele>116.796079</ele>
        <time>2026-08-23T01:47:59.406Z</time>
      </trkpt>
      <trkpt lat="48.874414" lon="2.414067">
        <ele>116.778665</ele>
        <time>2026-08-23T01:48:05.962Z</time>
      </trkpt>
      <trkpt lat="48.874849" lon="2.415217">
        <ele>116.738502</ele>
        <time>2026-08-23T01:48:23.233Z</time>
      </trkpt>
      <trkpt lat="48.874765" lon="2.415330">
        <ele>116.733339</ele>
        <time>2026-08-23T01:48:25.175Z</time>
      </trkpt>
      <trkpt lat="48.874718" lon="2.415361">
        <ele>116.716289</ele>
        <time>2026-08-23T01:48:26.072Z</time>
      </trkpt>
      <trkpt lat="48.875075" lon="2.415809">
        <ele>116.425286</ele>
        <time>2026-08-23T01:48:33.478Z</time>
      </trkpt>
      <trkpt lat="48.875707" lon="2.417048">
        <ele>115.776980</ele>
        <time>2026-08-23T01:48:49.945Z</time>
      </trkpt>
      <trkpt lat="48.875942" lon="2.417424">
        <ele>115.583892</ele>
        <time>2026-08-23T01:48:55.337Z</time>
      </trkpt>
      <trkpt lat="48.876012" lon="2.417596">
        <ele>115.546234</ele>
        <time>2026-08-23T01:48:57.483Z</time>
      </trkpt>
      <trkpt lat="48.876128" lon="2.417745">
        <ele>115.503248</ele>
        <time>2026-08-23T01:48:59.942Z</time>
      </trkpt>
      <trkpt lat="48.876650" lon="2.418541">
        <ele>115.293971</ele>
        <time>2026-08-23T01:49:12.065Z</time>
      </trkpt>
      <trkpt lat="48.876766" lon="2.418720">
        <ele>115.247186</ele>
        <time>2026-08-23T01:49:14.932Z</time>
      </trkpt>
      <trkpt lat="48.877370" lon="2.419665">
        <ele>115.276339</ele>
        <time>2026-08-23T01:49:32.003Z</time>
      </trkpt>
      <trkpt lat="48.877781" lon="2.420332">
        <ele>115.622907</ele>
        <time>2026-08-23T01:49:44.128Z</time>
      </trkpt>
      <trkpt lat="48.877914" lon="2.420632">
        <ele>115.760088</ele>
        <time>2026-08-23T01:49:49.024Z</time>
      </trkpt>
      <trkpt lat="48.878010" lon="2.420938">
        <ele>115.888638</ele>
        <time>2026-08-23T01:49:53.613Z</time>
      </trkpt>
      <trkpt lat="48.878174" lon="2.421526">
        <ele>116.129225</ele>
        <time>2026-08-23T01:50:02.287Z</time>
      </trkpt>
      <trkpt lat="48.878176" lon="2.421533">
        <ele>116.129225</ele>
        <time>2026-08-23T01:50:02.388Z</time>
      </trkpt>
      <trkpt lat="48.878277" lon="2.422364">
        <ele>116.129225</ele>
        <time>2026-08-23T01:50:14.256Z</time>
      </trkpt>
      <trkpt lat="48.878294" lon="2.422530">
        <ele>116.129225</ele>
        <time>2026-08-23T01:50:16.827Z</time>
      </trkpt>
      <trkpt lat="48.879475" lon="2.422049">
        <ele>116.129225</ele>
        <time>2026-08-23T01:50:48.544Z</time>
      </trkpt>
      <trkpt lat="48.880115" lon="2.421970">
        <ele>116.129225</ele>
        <time>2026-08-23T01:51:04.794Z</time>
      </trkpt>
    </trkseg>
  </trk>
</gpx>